customer_id,segment,churn_probability,risk_tier,actual_churn,total_trade_value,is_anomaly,anomaly_type,recommended_action,rm_priority
CUST023333,Ultra HNI,1.0,Critical,1,39606882.22,1,High frequency trader,Flag for algo trading review — separate model needed,1
CUST043830,Ultra HNI,0.995403846153846,Critical,1,57518384.43,1,High frequency trader,Flag for algo trading review — separate model needed,1
CUST038872,Ultra HNI,0.9733332727793288,Critical,1,63048465.46,1,High frequency trader,Flag for algo trading review — separate model needed,1
CUST027578,Ultra HNI,0.9941013849984438,Critical,1,37100910.83,1,High frequency trader,Flag for algo trading review — separate model needed,1
CUST031102,Ultra HNI,0.9952341375854248,Critical,1,62362626.49,1,High frequency trader,Flag for algo trading review — separate model needed,1
CUST045876,Ultra HNI,0.9894330657011438,Critical,1,61035275.28,1,High frequency trader,Flag for algo trading review — separate model needed,1
CUST007627,Ultra HNI,1.0,Critical,1,59997988.17,1,High frequency trader,Flag for algo trading review — separate model needed,1
CUST004172,Ultra HNI,0.991728133170002,Critical,1,42909594.35,1,High frequency trader,Flag for algo trading review — separate model needed,1
CUST024918,Ultra HNI,0.9626133116988496,Critical,1,73129666.53,1,High frequency trader,Flag for algo trading review — separate model needed,1
CUST000788,Ultra HNI,1.0,Critical,1,52560690.49,1,High frequency trader,Flag for algo trading review — separate model needed,1
CUST001127,Ultra HNI,0.9970142045454544,Critical,1,51289583.41,1,High frequency trader,Flag for algo trading review — separate model needed,1
CUST009180,Ultra HNI,0.9997058823529412,Critical,1,51885961.41,1,High frequency trader,Flag for algo trading review — separate model needed,1
CUST018212,Ultra HNI,0.9981578947368422,Critical,1,39721228.47,1,High frequency trader,Flag for algo trading review — separate model needed,1
CUST014882,Ultra HNI,0.989023371532592,Critical,1,57411283.42,1,High frequency trader,Flag for algo trading review — separate model needed,1
CUST004212,Ultra HNI,0.9924713923040211,Critical,1,59120726.96,1,High frequency trader,Flag for algo trading review — separate model needed,1
CUST001403,Ultra HNI,0.9763366491755184,Critical,1,62289211.620000005,1,High frequency trader,Flag for algo trading review — separate model needed,1
CUST035451,Ultra HNI,0.9704276749507392,Critical,1,67359310.74000001,1,High frequency trader,Flag for algo trading review — separate model needed,1
CUST047745,Ultra HNI,0.9958597285067872,Critical,1,49642450.85,1,High frequency trader,Flag for algo trading review — separate model needed,1
CUST022699,Ultra HNI,0.9992,Critical,1,50769037.34,1,High frequency trader,Flag for algo trading review — separate model needed,1
CUST016075,Ultra HNI,0.9982142857142858,Critical,1,40952272.13,1,High frequency trader,Flag for algo trading review — separate model needed,1
CUST031876,Ultra HNI,0.9988533834586468,Critical,1,69865785.60000001,1,High frequency trader,Flag for algo trading review — separate model needed,1
CUST035132,Ultra HNI,1.0,Critical,1,32565346.93,1,High frequency trader,Flag for algo trading review — separate model needed,1
CUST015588,Ultra HNI,0.968736321566833,Critical,1,53291720.28,1,High frequency trader,Flag for algo trading review — separate model needed,1
CUST016758,Ultra HNI,1.0,Critical,1,55650488.44,1,High frequency trader,Flag for algo trading review — separate model needed,1
CUST011873,Ultra HNI,0.9815995317608868,Critical,1,54415774.82,1,High frequency trader,Flag for algo trading review — separate model needed,1
CUST047164,Ultra HNI,0.9928024869866976,Critical,1,43537311.63,1,High frequency trader,Flag for algo trading review — separate model needed,1
CUST012184,Ultra HNI,0.977765792914516,Critical,1,38069347.9,1,High frequency trader,Flag for algo trading review — separate model needed,1
CUST020023,Ultra HNI,0.9756697759513162,Critical,1,61455905.67,1,High frequency trader,Flag for algo trading review — separate model needed,1
CUST030797,Ultra HNI,0.9949327731092436,Critical,1,46659934.36,1,High frequency trader,Flag for algo trading review — separate model needed,1
CUST023838,Ultra HNI,0.9971875,Critical,1,29804748.97,1,High frequency trader,Flag for algo trading review — separate model needed,1
CUST048882,Ultra HNI,0.994047619047619,Critical,1,38301465.94,1,High frequency trader,Flag for algo trading review — separate model needed,1
CUST007516,Ultra HNI,0.9947241847826088,Critical,1,36207303.11,1,High frequency trader,Flag for algo trading review — separate model needed,1
CUST039244,Ultra HNI,0.9865111805782572,Critical,1,58724915.05,1,High frequency trader,Flag for algo trading review — separate model needed,1
CUST007571,Ultra HNI,0.9984375,Critical,1,36534752.3,1,High frequency trader,Flag for algo trading review — separate model needed,1
CUST009972,Ultra HNI,1.0,Critical,1,47643881.69,1,High frequency trader,Flag for algo trading review — separate model needed,1
CUST025204,Ultra HNI,0.9983653846153844,Critical,1,46171681.17,1,High frequency trader,Flag for algo trading review — separate model needed,1
CUST033204,Ultra HNI,1.0,Critical,1,41729652.18,1,High frequency trader,Flag for algo trading review — separate model needed,1
CUST041645,Ultra HNI,0.9954523809523808,Critical,1,50223942.75,1,High frequency trader,Flag for algo trading review — separate model needed,1
CUST041298,Ultra HNI,0.945718272345935,Critical,1,48153450.18,1,High frequency trader,Flag for algo trading review — separate model needed,1
CUST004790,Ultra HNI,0.9948032581453632,Critical,1,55706408.09,1,High frequency trader,Flag for algo trading review — separate model needed,1
CUST007049,Ultra HNI,1.0,Critical,1,40909405.82,1,High frequency trader,Flag for algo trading review — separate model needed,1
CUST049984,Ultra HNI,0.9876932530189108,Critical,1,62234753.29,1,High frequency trader,Flag for algo trading review — separate model needed,1
CUST044384,Ultra HNI,1.0,Critical,1,41987455.62,1,High frequency trader,Flag for algo trading review — separate model needed,1
CUST044298,Ultra HNI,0.9948753119138232,Critical,1,61581412.03,1,High frequency trader,Flag for algo trading review — separate model needed,1
CUST005567,Ultra HNI,0.9946666666666668,Critical,1,53896404.01,1,High frequency trader,Flag for algo trading review — separate model needed,1
CUST048191,Ultra HNI,0.9978492647058824,Critical,1,36802037.18,1,High frequency trader,Flag for algo trading review — separate model needed,1
CUST029699,HNI,0.99975,Critical,1,23798249.37,0,Normal,RM call within 48 hours,2
CUST024162,HNI,0.9973809523809524,Critical,1,30498814.06,0,Normal,RM call within 48 hours,2
CUST016489,HNI,1.0,Critical,1,19729062.14,1,Other anomaly,RM call within 48 hours,2
CUST020242,HNI,1.0,Critical,1,23903889.19,0,Normal,RM call within 48 hours,2
CUST048166,HNI,0.9990625,Critical,1,20796202.6,1,High frequency trader,Flag for algo trading review — separate model needed,2
CUST034547,HNI,0.9975,Critical,1,17912102.02,0,Normal,RM call within 48 hours,2
CUST044292,HNI,0.9918579545454546,Critical,1,20406501.28,1,High frequency trader,Flag for algo trading review — separate model needed,2
CUST008318,HNI,1.0,Critical,1,20986570.76,0,Normal,RM call within 48 hours,2
CUST022660,HNI,0.9960714285714286,Critical,1,27197083.970000003,0,Normal,RM call within 48 hours,2
CUST017358,HNI,0.9994117647058824,Critical,1,16992499.58,1,Other anomaly,RM call within 48 hours,2
CUST042106,HNI,1.0,Critical,1,37306540.64,1,High frequency trader,Flag for algo trading review — separate model needed,2
CUST036778,HNI,0.9957115384615384,Critical,1,26916058.84,0,Normal,RM call within 48 hours,2
CUST024060,HNI,0.9997368421052631,Critical,1,24604835.78,1,Other anomaly,RM call within 48 hours,2
CUST005929,HNI,1.0,Critical,1,18585221.9,0,Normal,RM call within 48 hours,2
CUST035700,HNI,1.0,Critical,1,22385629.37,1,Other anomaly,RM call within 48 hours,2
CUST016981,HNI,0.9960869565217392,Critical,1,34022942.67,0,Normal,RM call within 48 hours,2
CUST036644,HNI,0.993289359333477,Critical,1,27600676.53,1,Other anomaly,RM call within 48 hours,2
CUST046812,HNI,0.99,Critical,1,28941789.57,0,Normal,RM call within 48 hours,2
CUST010892,HNI,0.994158479550087,Critical,1,29967098.27,0,Normal,RM call within 48 hours,2
CUST039564,HNI,0.9950768788538062,Critical,1,41430975.82,1,Other anomaly,RM call within 48 hours,2
CUST047320,HNI,1.0,Critical,1,31226845.38,1,High frequency trader,Flag for algo trading review — separate model needed,2
CUST043083,HNI,0.995,Critical,1,22951275.72,0,Normal,RM call within 48 hours,2
CUST036444,HNI,0.9951400862068964,Critical,1,34339682.21,1,High frequency trader,Flag for algo trading review — separate model needed,2
CUST022801,HNI,0.9892404431048216,Critical,1,34106423.45,0,Normal,RM call within 48 hours,2
CUST037319,HNI,0.9997826086956522,Critical,1,32032063.05,0,Normal,RM call within 48 hours,2
CUST025539,HNI,1.0,Critical,1,25220375.38,0,Normal,RM call within 48 hours,2
CUST042805,HNI,0.9975649350649352,Critical,1,13541357.29,1,Other anomaly,RM call within 48 hours,2
CUST017008,HNI,0.9963541666666664,Critical,1,25518732.73,1,Other anomaly,RM call within 48 hours,2
CUST003986,HNI,0.994184884681842,Critical,1,22957059.97,0,Normal,RM call within 48 hours,2
CUST026479,HNI,0.9992820512820514,Critical,1,26288312.4,1,High frequency trader,Flag for algo trading review — separate model needed,2
CUST036564,HNI,1.0,Critical,1,15228461.57,0,Normal,RM call within 48 hours,2
CUST007237,HNI,1.0,Critical,1,16762358.01,0,Normal,RM call within 48 hours,2
CUST044487,HNI,1.0,Critical,1,22760242.08,0,Normal,RM call within 48 hours,2
CUST010943,HNI,0.999,Critical,1,26119991.91,1,High frequency trader,Flag for algo trading review — separate model needed,2
CUST032174,HNI,0.9959237955592796,Critical,1,21676269.3,1,Other anomaly,RM call within 48 hours,2
CUST025352,HNI,0.9996,Critical,1,17718042.71,1,High frequency trader,Flag for algo trading review — separate model needed,2
CUST006202,HNI,1.0,Critical,1,29431618.17,1,Other anomaly,RM call within 48 hours,2
CUST043226,HNI,0.9943333333333334,Critical,1,31193104.05,0,Normal,RM call within 48 hours,2
CUST025604,HNI,1.0,Critical,1,31395437.61,0,Normal,RM call within 48 hours,2
CUST017528,HNI,1.0,Critical,1,31443166.34,1,Other anomaly,RM call within 48 hours,2
CUST034326,HNI,0.99875,Critical,1,32147884.910000004,1,High frequency trader,Flag for algo trading review — separate model needed,2
CUST023782,HNI,0.9995833333333332,Critical,1,25965520.16,1,Other anomaly,RM call within 48 hours,2
CUST010362,HNI,1.0,Critical,1,38055881.19,1,High frequency trader,Flag for algo trading review — separate model needed,2
CUST020083,HNI,0.9960502645502644,Critical,1,25234078.93,1,High frequency trader,Flag for algo trading review — separate model needed,2
CUST034947,HNI,0.9977975110189266,Critical,1,35985984.64,0,Normal,RM call within 48 hours,2
CUST048814,HNI,0.9982083333333333,Critical,1,30458618.22,0,Normal,RM call within 48 hours,2
CUST008564,HNI,1.0,Critical,1,20390726.75,1,High frequency trader,Flag for algo trading review — separate model needed,2
CUST040940,HNI,0.997605324074074,Critical,1,18693564.73,0,Normal,RM call within 48 hours,2
CUST000707,HNI,1.0,Critical,1,23140763.700000003,0,Normal,RM call within 48 hours,2
CUST046009,HNI,1.0,Critical,1,21402330.31,1,Other anomaly,RM call within 48 hours,2
CUST028241,HNI,1.0,Critical,1,23617250.19,1,Other anomaly,RM call within 48 hours,2
CUST009744,HNI,1.0,Critical,1,34253667.68,1,High frequency trader,Flag for algo trading review — separate model needed,2
CUST000549,HNI,0.997,Critical,1,19289556.69,0,Normal,RM call within 48 hours,2
CUST012872,HNI,1.0,Critical,1,29925835.05,1,Other anomaly,RM call within 48 hours,2
CUST012505,HNI,0.9860037178164112,Critical,1,39349799.34,0,Normal,RM call within 48 hours,2
CUST010792,HNI,0.9934517105987696,Critical,1,23200463.020000003,0,Normal,RM call within 48 hours,2
CUST019870,HNI,1.0,Critical,1,13247890.9,0,Normal,RM call within 48 hours,2
CUST018684,HNI,0.99566091954023,Critical,1,27902870.84,1,High frequency trader,Flag for algo trading review — separate model needed,2
CUST017849,HNI,0.9968284313725492,Critical,1,28461369.59,0,Normal,RM call within 48 hours,2
CUST005252,HNI,0.9985175438596492,Critical,1,30848528.360000003,0,Normal,RM call within 48 hours,2
CUST020207,HNI,1.0,Critical,1,23127528.79,0,Normal,RM call within 48 hours,2
CUST049565,HNI,0.9966229838709676,Critical,1,23815599.12,0,Normal,RM call within 48 hours,2
CUST011758,HNI,1.0,Critical,1,19583412.45,0,Normal,RM call within 48 hours,2
CUST045155,HNI,1.0,Critical,1,26477954.860000003,0,Normal,RM call within 48 hours,2
CUST036177,HNI,0.99539221169958,Critical,1,33575610.91,0,Normal,RM call within 48 hours,2
CUST030177,HNI,1.0,Critical,1,24960487.66,0,Normal,RM call within 48 hours,2
CUST044016,HNI,1.0,Critical,1,27028049.93,0,Normal,RM call within 48 hours,2
CUST046098,HNI,1.0,Critical,1,24459496.95,1,High frequency trader,Flag for algo trading review — separate model needed,2
CUST008976,HNI,0.999375,Critical,1,16713907.86,0,Normal,RM call within 48 hours,2
CUST029643,HNI,1.0,Critical,1,16008808.51,1,Other anomaly,RM call within 48 hours,2
CUST039815,HNI,0.9936348684210526,Critical,1,14912727.52,0,Normal,RM call within 48 hours,2
CUST007264,HNI,1.0,Critical,1,16690528.06,1,Other anomaly,RM call within 48 hours,2
CUST030351,HNI,1.0,Critical,1,21486020.29,0,Normal,RM call within 48 hours,2
CUST048775,HNI,1.0,Critical,1,17346209.58,1,Other anomaly,RM call within 48 hours,2
CUST026896,HNI,0.9966666666666666,Critical,1,16890395.64,0,Normal,RM call within 48 hours,2
CUST019523,HNI,0.9963636363636365,Critical,1,31042957.26,0,Normal,RM call within 48 hours,2
CUST018587,HNI,0.9925,Critical,1,33456375.18,0,Normal,RM call within 48 hours,2
CUST025668,HNI,0.9838573360378636,Critical,1,33032204.88,0,Normal,RM call within 48 hours,2
CUST019811,HNI,0.995125,Critical,1,26455776.15,1,Other anomaly,RM call within 48 hours,2
CUST037672,HNI,1.0,Critical,1,30715084.200000003,0,Normal,RM call within 48 hours,2
CUST031868,HNI,1.0,Critical,1,23507144.26,0,Normal,RM call within 48 hours,2
CUST012386,HNI,0.9976470588235294,Critical,1,26892139.24,0,Normal,RM call within 48 hours,2
CUST045011,HNI,0.9977692307692309,Critical,1,12835539.35,1,Other anomaly,RM call within 48 hours,2
CUST048399,HNI,1.0,Critical,1,26342965.39,1,High frequency trader,Flag for algo trading review — separate model needed,2
CUST046666,HNI,0.9994722222222222,Critical,1,29431161.41,0,Normal,RM call within 48 hours,2
CUST012165,HNI,0.99625,Critical,1,34917898.21,0,Normal,RM call within 48 hours,2
CUST046069,HNI,0.9984888888888888,Critical,1,36031736.57,0,Normal,RM call within 48 hours,2
CUST036950,HNI,0.9940833333333332,Critical,1,28902757.19,1,Other anomaly,RM call within 48 hours,2
CUST006101,HNI,1.0,Critical,1,12721578.99,1,Other anomaly,RM call within 48 hours,2
CUST033044,HNI,1.0,Critical,1,19072670.69,1,High frequency trader,Flag for algo trading review — separate model needed,2
CUST007813,HNI,0.998375,Critical,1,20527350.87,0,Normal,RM call within 48 hours,2
CUST011409,HNI,1.0,Critical,1,35095718.83,0,Normal,RM call within 48 hours,2
CUST045317,HNI,0.9983030303030302,Critical,1,17450279.1,1,Other anomaly,RM call within 48 hours,2
CUST026327,HNI,0.9960714285714286,Critical,1,20667249.92,1,Other anomaly,RM call within 48 hours,2
CUST007767,HNI,0.9971052631578948,Critical,1,30443868.0,0,Normal,RM call within 48 hours,2
CUST007277,HNI,1.0,Critical,1,27062673.18,0,Normal,RM call within 48 hours,2
CUST001993,HNI,1.0,Critical,1,26185316.36,1,Other anomaly,RM call within 48 hours,2
CUST036203,HNI,0.9921890614545414,Critical,1,31781753.25,0,Normal,RM call within 48 hours,2
CUST033938,HNI,1.0,Critical,1,27204940.11,1,High frequency trader,Flag for algo trading review — separate model needed,2
CUST009622,HNI,0.99984375,Critical,1,26815794.35,1,High frequency trader,Flag for algo trading review — separate model needed,2
CUST018042,HNI,0.99411643625192,Critical,1,25494602.96,0,Normal,RM call within 48 hours,2
CUST026658,HNI,1.0,Critical,1,20620781.41,1,Other anomaly,RM call within 48 hours,2
CUST003375,HNI,0.9977867647058823,Critical,1,21173323.95,1,Other anomaly,RM call within 48 hours,2
CUST022830,HNI,0.9975,Critical,1,23247915.43,0,Normal,RM call within 48 hours,2
CUST019695,HNI,1.0,Critical,1,21809227.29,1,High frequency trader,Flag for algo trading review — separate model needed,2
CUST048143,HNI,0.9924017094017096,Critical,1,32537224.700000003,1,High frequency trader,Flag for algo trading review — separate model needed,2
CUST032103,HNI,0.9937445887445888,Critical,1,24225794.16,1,Other anomaly,RM call within 48 hours,2
CUST029642,HNI,0.9960869565217392,Critical,1,33289198.1,0,Normal,RM call within 48 hours,2
CUST037957,HNI,0.9988121212121212,Critical,1,27122218.39,1,Other anomaly,RM call within 48 hours,2
CUST039079,HNI,0.9995,Critical,1,27074000.15,0,Normal,RM call within 48 hours,2
CUST042834,HNI,1.0,Critical,1,21300697.76,1,Other anomaly,RM call within 48 hours,2
CUST024991,HNI,0.9946774193548388,Critical,1,33310747.6,0,Normal,RM call within 48 hours,2
CUST033769,HNI,1.0,Critical,1,29405736.05,1,High frequency trader,Flag for algo trading review — separate model needed,2
CUST030673,HNI,0.9974721392737697,Critical,1,32743310.49,0,Normal,RM call within 48 hours,2
CUST006574,HNI,1.0,Critical,1,16245277.46,1,Other anomaly,RM call within 48 hours,2
CUST005004,HNI,0.999375,Critical,1,23663930.75,1,Other anomaly,RM call within 48 hours,2
CUST024747,HNI,1.0,Critical,1,29824793.49,0,Normal,RM call within 48 hours,2
CUST012041,HNI,0.998375,Critical,1,29397952.61,0,Normal,RM call within 48 hours,2
CUST039579,HNI,0.9916022408963586,Critical,1,30014164.58,1,High frequency trader,Flag for algo trading review — separate model needed,2
CUST045117,HNI,0.9971875,Critical,1,23319456.87,0,Normal,RM call within 48 hours,2
CUST038535,HNI,0.9965384615384616,Critical,1,19561453.22,0,Normal,RM call within 48 hours,2
CUST029540,HNI,1.0,Critical,1,9784902.18,1,Other anomaly,RM call within 48 hours,2
CUST022018,HNI,0.9941833757187084,Critical,1,30178655.28,0,Normal,RM call within 48 hours,2
CUST009051,HNI,0.9986408730158728,Critical,1,24734713.8,0,Normal,RM call within 48 hours,2
CUST007682,HNI,0.9993333333333334,Critical,1,27550616.62,0,Normal,RM call within 48 hours,2
CUST048116,HNI,1.0,Critical,1,21164960.17,1,Other anomaly,RM call within 48 hours,2
CUST026604,HNI,0.9973275862068964,Critical,1,29488233.42,0,Normal,RM call within 48 hours,2
CUST027440,HNI,0.9993333333333334,Critical,1,33999956.59,0,Normal,RM call within 48 hours,2
CUST017513,HNI,1.0,Critical,1,14208747.31,1,Other anomaly,RM call within 48 hours,2
CUST026947,HNI,1.0,Critical,1,22852906.49,0,Normal,RM call within 48 hours,2
CUST011114,HNI,0.9919208130620668,Critical,1,25730564.44,1,Other anomaly,RM call within 48 hours,2
CUST044410,HNI,0.9978046218487394,Critical,1,24415467.83,0,Normal,RM call within 48 hours,2
CUST047361,HNI,0.9978779761904762,Critical,1,29393649.04,0,Normal,RM call within 48 hours,2
CUST032899,HNI,1.0,Critical,1,24520953.950000003,1,Other anomaly,RM call within 48 hours,2
CUST027462,HNI,0.986776898012382,Critical,1,24156001.56,0,Normal,RM call within 48 hours,2
CUST031325,HNI,1.0,Critical,1,20889181.56,0,Normal,RM call within 48 hours,2
CUST001049,HNI,0.9885366300366302,Critical,1,27959060.27,0,Normal,RM call within 48 hours,2
CUST037422,HNI,0.9996666666666668,Critical,1,23438728.78,0,Normal,RM call within 48 hours,2
CUST028039,HNI,0.9975925925925928,Critical,1,18457968.04,0,Normal,RM call within 48 hours,2
CUST009546,HNI,0.998386704319409,Critical,1,23462574.71,1,Other anomaly,RM call within 48 hours,2
CUST035798,HNI,1.0,Critical,1,14312762.43,0,Normal,RM call within 48 hours,2
CUST006934,HNI,0.9895735294117648,Critical,1,31792722.75,0,Normal,RM call within 48 hours,2
CUST010564,HNI,1.0,Critical,1,35739200.58,0,Normal,RM call within 48 hours,2
CUST000638,HNI,1.0,Critical,1,20459187.63,0,Normal,RM call within 48 hours,2
CUST035243,HNI,0.9949052748326944,Critical,1,20138010.47,1,High frequency trader,Flag for algo trading review — separate model needed,2
CUST000426,HNI,1.0,Critical,1,18336558.32,0,Normal,RM call within 48 hours,2
CUST004002,HNI,1.0,Critical,1,22300646.5,0,Normal,RM call within 48 hours,2
CUST029889,HNI,0.9734774616058208,Critical,1,32219582.77,1,High frequency trader,Flag for algo trading review — separate model needed,2
CUST042873,HNI,1.0,Critical,1,21819875.85,1,High frequency trader,Flag for algo trading review — separate model needed,2
CUST026200,HNI,0.9959577922077922,Critical,1,24171247.82,1,High frequency trader,Flag for algo trading review — separate model needed,2
CUST016450,HNI,1.0,Critical,1,32722367.45,0,Normal,RM call within 48 hours,2
CUST031906,HNI,1.0,Critical,1,21718177.81,0,Normal,RM call within 48 hours,2
CUST042491,HNI,0.999388888888889,Critical,1,33420499.18,0,Normal,RM call within 48 hours,2
CUST028221,HNI,0.9998387096774194,Critical,1,25490625.98,1,High frequency trader,Flag for algo trading review — separate model needed,2
CUST043672,HNI,1.0,Critical,1,20517175.41,1,Other anomaly,RM call within 48 hours,2
CUST045347,HNI,0.998375,Critical,1,33205479.6,0,Normal,RM call within 48 hours,2
CUST015801,HNI,0.998,Critical,1,33369161.5,0,Normal,RM call within 48 hours,2
CUST007334,HNI,0.998568376068376,Critical,1,30191617.07,0,Normal,RM call within 48 hours,2
CUST021244,HNI,0.9994949494949494,Critical,1,17514293.63,0,Normal,RM call within 48 hours,2
CUST006844,HNI,1.0,Critical,1,22105396.3,1,High frequency trader,Flag for algo trading review — separate model needed,2
CUST037427,HNI,0.9993333333333334,Critical,1,9157742.54,1,Other anomaly,RM call within 48 hours,2
CUST031784,HNI,1.0,Critical,1,30844754.78,0,Normal,RM call within 48 hours,2
CUST040070,HNI,0.9996666666666668,Critical,1,26992344.64,0,Normal,RM call within 48 hours,2
CUST047214,HNI,1.0,Critical,1,29082529.54,1,High frequency trader,Flag for algo trading review — separate model needed,2
CUST045659,HNI,1.0,Critical,1,29270060.04,1,High frequency trader,Flag for algo trading review — separate model needed,2
CUST015097,HNI,0.998375,Critical,1,30093188.77,1,High frequency trader,Flag for algo trading review — separate model needed,2
CUST014954,HNI,1.0,Critical,1,24432483.73,1,Other anomaly,RM call within 48 hours,2
CUST035497,HNI,0.9950224089635854,Critical,1,18520092.07,0,Normal,RM call within 48 hours,2
CUST001140,HNI,0.9874389309539564,Critical,1,20904096.43,0,Normal,RM call within 48 hours,2
CUST043255,HNI,1.0,Critical,1,16078906.31,1,High frequency trader,Flag for algo trading review — separate model needed,2
CUST007601,HNI,0.99925,Critical,1,29830804.06,0,Normal,RM call within 48 hours,2
CUST025251,HNI,1.0,Critical,1,27513289.6,1,Other anomaly,RM call within 48 hours,2
CUST005008,HNI,0.994978354978355,Critical,1,34867939.480000004,0,Normal,RM call within 48 hours,2
CUST019861,HNI,1.0,Critical,1,22812372.57,0,Normal,RM call within 48 hours,2
CUST029214,HNI,0.9942941176470588,Critical,1,32889834.66,0,Normal,RM call within 48 hours,2
CUST016599,HNI,1.0,Critical,1,19185244.94,0,Normal,RM call within 48 hours,2
CUST002304,HNI,1.0,Critical,1,20642101.08,1,Other anomaly,RM call within 48 hours,2
CUST034446,HNI,0.986133116883117,Critical,1,26955761.6,1,High frequency trader,Flag for algo trading review — separate model needed,2
CUST037575,HNI,0.9913839927924992,Critical,1,23237846.66,0,Normal,RM call within 48 hours,2
CUST044461,HNI,0.9965384615384616,Critical,1,19919893.99,0,Normal,RM call within 48 hours,2
CUST012158,HNI,1.0,Critical,1,18234874.66,1,Other anomaly,RM call within 48 hours,2
CUST006124,HNI,0.9924452214452216,Critical,1,10139528.69,1,Other anomaly,RM call within 48 hours,2
CUST007187,HNI,0.9992154517309316,Critical,1,16314571.41,0,Normal,RM call within 48 hours,2
CUST001837,HNI,1.0,Critical,1,32900512.32,0,Normal,RM call within 48 hours,2
CUST047454,HNI,1.0,Critical,1,31425277.96,1,Other anomaly,RM call within 48 hours,2
CUST045803,HNI,0.9943528784273564,Critical,1,28239861.6,0,Normal,RM call within 48 hours,2
CUST026377,HNI,1.0,Critical,1,20217252.24,0,Normal,RM call within 48 hours,2
CUST021450,HNI,1.0,Critical,1,23685276.56,0,Normal,RM call within 48 hours,2
CUST045650,HNI,0.9970559210526316,Critical,1,25335500.28,0,Normal,RM call within 48 hours,2
CUST019569,HNI,0.999375,Critical,1,30895366.59,0,Normal,RM call within 48 hours,2
CUST034475,HNI,0.9998275862068964,Critical,1,23913137.160000004,0,Normal,RM call within 48 hours,2
CUST007318,HNI,1.0,Critical,1,20538218.65,0,Normal,RM call within 48 hours,2
CUST026308,HNI,0.9973809523809524,Critical,1,32616194.99,1,High frequency trader,Flag for algo trading review — separate model needed,2
CUST005193,HNI,0.998613425925926,Critical,1,19159298.5,0,Normal,RM call within 48 hours,2
CUST042078,HNI,1.0,Critical,1,26807103.1,0,Normal,RM call within 48 hours,2
CUST040966,HNI,1.0,Critical,1,24616264.15,0,Normal,RM call within 48 hours,2
CUST006806,HNI,0.995871794871795,Critical,1,37386870.18,0,Normal,RM call within 48 hours,2
CUST016189,HNI,1.0,Critical,1,24975431.56,1,High frequency trader,Flag for algo trading review — separate model needed,2
CUST040463,HNI,0.9977403846153848,Critical,1,23809201.0,0,Normal,RM call within 48 hours,2
CUST014983,HNI,1.0,Critical,1,19833876.24,1,Other anomaly,RM call within 48 hours,2
CUST015680,HNI,1.0,Critical,1,20522426.3,1,Other anomaly,RM call within 48 hours,2
CUST014246,HNI,0.9934043062200958,Critical,1,19081721.84,0,Normal,RM call within 48 hours,2
CUST047584,HNI,0.9941712847824692,Critical,1,40256553.49,0,Normal,RM call within 48 hours,2
CUST021922,Affluent,1.0,Critical,1,10288653.25,0,Normal,RM call + personalized email,3
CUST040960,Affluent,1.0,Critical,1,8781466.17,0,Normal,RM call + personalized email,3
CUST007356,Affluent,1.0,Critical,1,10638742.3,0,Normal,RM call + personalized email,3
CUST006794,Affluent,1.0,Critical,1,6822275.88,0,Normal,RM call + personalized email,3
CUST013415,Affluent,0.9970588235294118,Critical,1,15090854.62,0,Normal,RM call + personalized email,3
CUST001822,Affluent,0.9985714285714288,Critical,1,11937669.92,0,Normal,RM call + personalized email,3
CUST018537,Affluent,1.0,Critical,1,9637979.03,0,Normal,RM call + personalized email,3
CUST047451,Affluent,0.9877977461135355,Critical,1,15607258.16,0,Normal,RM call + personalized email,3
CUST035824,Affluent,1.0,Critical,1,8822417.97,0,Normal,RM call + personalized email,3
CUST041761,Affluent,1.0,Critical,1,18921550.69,0,Normal,RM call + personalized email,3
CUST004272,Affluent,0.9917128571052362,Critical,1,24604017.95,0,Normal,RM call + personalized email,3
CUST046537,Affluent,0.9915296590247658,Critical,1,25941236.13,0,Normal,RM call + personalized email,3
CUST046808,Affluent,0.9974724310776942,Critical,1,4367070.88,0,Normal,RM call + personalized email,3
CUST004462,Affluent,0.9957777320718496,Critical,1,5862252.72,0,Normal,RM call + personalized email,3
CUST018710,Affluent,1.0,Critical,1,5336183.69,0,Normal,RM call + personalized email,3
CUST029420,Affluent,0.9899779421009732,Critical,0,12287684.48,0,Normal,RM call + personalized email,3
CUST030284,Affluent,1.0,Critical,1,7752339.4,0,Normal,RM call + personalized email,3
CUST033276,Affluent,1.0,Critical,1,3780017.28,0,Normal,RM call + personalized email,3
CUST034494,Affluent,0.9982692307692308,Critical,1,6201097.06,0,Normal,RM call + personalized email,3
CUST036437,Affluent,1.0,Critical,1,17691828.53,0,Normal,RM call + personalized email,3
CUST000944,Affluent,0.9995833333333334,Critical,1,13848026.05,0,Normal,RM call + personalized email,3
CUST035001,Affluent,0.9944442934782608,Critical,1,10209511.13,0,Normal,RM call + personalized email,3
CUST034521,Affluent,1.0,Critical,1,11383511.5,0,Normal,RM call + personalized email,3
CUST046594,Affluent,0.9961303586119762,Critical,1,19862435.4,0,Normal,RM call + personalized email,3
CUST012380,Affluent,0.9926346267252376,Critical,1,21638404.04,0,Normal,RM call + personalized email,3
CUST019359,Affluent,1.0,Critical,1,14053496.07,0,Normal,RM call + personalized email,3
CUST016412,Affluent,0.9997368421052631,Critical,1,10759717.14,0,Normal,RM call + personalized email,3
CUST032491,Affluent,1.0,Critical,1,8275424.79,0,Normal,RM call + personalized email,3
CUST031625,Affluent,0.9996130952380952,Critical,1,8003246.939999999,0,Normal,RM call + personalized email,3
CUST041555,Affluent,1.0,Critical,1,8689897.51,0,Normal,RM call + personalized email,3
CUST028462,Affluent,0.99446105365223,Critical,1,15582646.84,0,Normal,RM call + personalized email,3
CUST035615,Affluent,1.0,Critical,1,16717798.9,0,Normal,RM call + personalized email,3
CUST021497,Affluent,0.998,Critical,1,12612199.85,0,Normal,RM call + personalized email,3
CUST040235,Affluent,0.9959375,Critical,1,9970841.58,0,Normal,RM call + personalized email,3
CUST015188,Affluent,1.0,Critical,1,9209845.62,0,Normal,RM call + personalized email,3
CUST047889,Affluent,0.99625,Critical,1,8297543.71,0,Normal,RM call + personalized email,3
CUST018008,Affluent,0.998375,Critical,1,15989703.23,0,Normal,RM call + personalized email,3
CUST030367,Affluent,1.0,Critical,1,9742399.48,0,Normal,RM call + personalized email,3
CUST041759,Affluent,0.999375,Critical,1,9373824.58,0,Normal,RM call + personalized email,3
CUST011802,Affluent,0.971314565854446,Critical,1,15406687.31,0,Normal,RM call + personalized email,3
CUST023246,Affluent,0.9955882352941176,Critical,1,10122034.09,0,Normal,RM call + personalized email,3
CUST011497,Affluent,0.9961024134534197,Critical,1,8142240.13,0,Normal,RM call + personalized email,3
CUST030528,Affluent,0.9964814814814816,Critical,1,21124480.5,0,Normal,RM call + personalized email,3
CUST047978,Affluent,1.0,Critical,1,5539075.28,0,Normal,RM call + personalized email,3
CUST045409,Affluent,1.0,Critical,1,9087907.74,0,Normal,RM call + personalized email,3
CUST019172,Affluent,1.0,Critical,1,10044165.85,0,Normal,RM call + personalized email,3
CUST022306,Affluent,0.9993214285714284,Critical,1,6928480.24,0,Normal,RM call + personalized email,3
CUST044514,Affluent,0.998568563789152,Critical,1,6820302.38,0,Normal,RM call + personalized email,3
CUST006688,Affluent,0.9945238095238096,Critical,1,12227868.19,0,Normal,RM call + personalized email,3
CUST022761,Affluent,1.0,Critical,1,8478121.71,0,Normal,RM call + personalized email,3
CUST026443,Affluent,0.9881746143057504,Critical,1,8605326.36,0,Normal,RM call + personalized email,3
CUST042783,Affluent,1.0,Critical,1,12545281.59,0,Normal,RM call + personalized email,3
CUST015945,Affluent,1.0,Critical,1,7180762.170000001,0,Normal,RM call + personalized email,3
CUST019668,Affluent,0.9944742805506688,Critical,1,10153427.52,0,Normal,RM call + personalized email,3
CUST000934,Affluent,0.9929401192338848,Critical,1,13572257.42,0,Normal,RM call + personalized email,3
CUST022440,Affluent,0.9859711538461536,Critical,1,13875220.17,0,Normal,RM call + personalized email,3
CUST041354,Affluent,1.0,Critical,1,9885055.14,0,Normal,RM call + personalized email,3
CUST004531,Affluent,0.990272157776154,Critical,1,2768938.08,1,Other anomaly,RM call + personalized email,3
CUST013418,Affluent,0.997391304347826,Critical,1,12737320.24,0,Normal,RM call + personalized email,3
CUST038258,Affluent,0.9981785714285714,Critical,1,18743474.93,0,Normal,RM call + personalized email,3
CUST014518,Affluent,0.9993487394957984,Critical,1,15155986.39,0,Normal,RM call + personalized email,3
CUST024687,Affluent,1.0,Critical,1,9589543.62,0,Normal,RM call + personalized email,3
CUST021052,Affluent,0.993845864661654,Critical,1,9841663.56,0,Normal,RM call + personalized email,3
CUST034931,Affluent,1.0,Critical,1,13507266.46,0,Normal,RM call + personalized email,3
CUST022008,Affluent,0.9991176470588234,Critical,1,6008658.01,0,Normal,RM call + personalized email,3
CUST002070,Affluent,1.0,Critical,1,10953182.98,0,Normal,RM call + personalized email,3
CUST017093,Affluent,0.9956521739130434,Critical,1,11942154.89,0,Normal,RM call + personalized email,3
CUST030868,Affluent,1.0,Critical,1,13843516.78,0,Normal,RM call + personalized email,3
CUST018466,Affluent,0.9956642814143204,Critical,1,12856624.56,0,Normal,RM call + personalized email,3
CUST002889,Affluent,1.0,Critical,1,9860706.32,0,Normal,RM call + personalized email,3
CUST022528,Affluent,0.9931458333333336,Critical,1,4837562.71,0,Normal,RM call + personalized email,3
CUST049622,Affluent,0.9991666666666664,Critical,1,16737222.44,0,Normal,RM call + personalized email,3
CUST014843,Affluent,0.993538001772909,Critical,1,10268347.92,0,Normal,RM call + personalized email,3
CUST048739,Affluent,1.0,Critical,1,8755980.39,0,Normal,RM call + personalized email,3
CUST028105,Affluent,0.9867730621488364,Critical,1,13446439.65,0,Normal,RM call + personalized email,3
CUST039557,Affluent,1.0,Critical,1,10141997.340000002,0,Normal,RM call + personalized email,3
CUST023020,Affluent,1.0,Critical,1,11043990.65,0,Normal,RM call + personalized email,3
CUST034816,Affluent,0.9976333333333334,Critical,1,7510280.18,0,Normal,RM call + personalized email,3
CUST043455,Affluent,1.0,Critical,1,6517164.51,0,Normal,RM call + personalized email,3
CUST002650,Affluent,0.9819574288723724,Critical,1,8314614.81,0,Normal,RM call + personalized email,3
CUST034264,Affluent,0.994825910931174,Critical,1,10150776.19,0,Normal,RM call + personalized email,3
CUST041610,Affluent,1.0,Critical,1,17419121.830000002,0,Normal,RM call + personalized email,3
CUST044050,Affluent,0.998148148148148,Critical,1,8721762.55,0,Normal,RM call + personalized email,3
CUST025231,Affluent,0.998,Critical,1,7299511.040000001,0,Normal,RM call + personalized email,3
CUST041856,Affluent,1.0,Critical,1,6076574.07,0,Normal,RM call + personalized email,3
CUST045665,Affluent,1.0,Critical,1,4745082.640000001,0,Normal,RM call + personalized email,3
CUST038118,Affluent,0.9992121212121212,Critical,1,18760457.75,0,Normal,RM call + personalized email,3
CUST015912,Affluent,1.0,Critical,1,10777266.92,0,Normal,RM call + personalized email,3
CUST028488,Affluent,0.9976776960784314,Critical,1,3838489.92,0,Normal,RM call + personalized email,3
CUST036155,Affluent,0.9908272572943626,Critical,1,9606164.52,0,Normal,RM call + personalized email,3
CUST026307,Affluent,0.9951612903225806,Critical,1,14767326.75,0,Normal,RM call + personalized email,3
CUST043357,Affluent,0.9996666666666668,Critical,1,11663851.52,0,Normal,RM call + personalized email,3
CUST030975,Affluent,1.0,Critical,1,7881565.08,0,Normal,RM call + personalized email,3
CUST023997,Affluent,1.0,Critical,1,12224784.92,0,Normal,RM call + personalized email,3
CUST017973,Affluent,0.995001880638628,Critical,1,5670350.5,0,Normal,RM call + personalized email,3
CUST024745,Affluent,1.0,Critical,1,14311225.83,0,Normal,RM call + personalized email,3
CUST032984,Affluent,1.0,Critical,1,8371410.37,0,Normal,RM call + personalized email,3
CUST024737,Affluent,0.9982786478227657,Critical,1,6707859.18,0,Normal,RM call + personalized email,3
CUST009369,Affluent,0.9906641098285478,Critical,1,23993897.59,0,Normal,RM call + personalized email,3
CUST006829,Affluent,0.9925094230388348,Critical,1,16358939.2,0,Normal,RM call + personalized email,3
CUST030372,Affluent,0.9973333333333332,Critical,1,8370621.779999999,0,Normal,RM call + personalized email,3
CUST034142,Affluent,1.0,Critical,1,7212621.12,0,Normal,RM call + personalized email,3
CUST009566,Affluent,0.996814393939394,Critical,1,7669498.300000001,0,Normal,RM call + personalized email,3
CUST015608,Affluent,0.9974523809523812,Critical,1,6200245.5,0,Normal,RM call + personalized email,3
CUST015176,Affluent,0.966769600821036,Critical,1,10757923.64,0,Normal,RM call + personalized email,3
CUST036500,Affluent,0.9996199324324324,Critical,1,6915729.640000001,0,Normal,RM call + personalized email,3
CUST044184,Affluent,0.9991176470588234,Critical,1,3941551.65,0,Normal,RM call + personalized email,3
CUST026550,Affluent,0.9873605956083072,Critical,1,11623364.59,0,Normal,RM call + personalized email,3
CUST021751,Affluent,1.0,Critical,1,9653769.37,0,Normal,RM call + personalized email,3
CUST003895,Affluent,0.999375,Critical,1,5131146.97,0,Normal,RM call + personalized email,3
CUST037857,Affluent,0.9991027841342488,Critical,1,13032400.49,0,Normal,RM call + personalized email,3
CUST040486,Affluent,0.9993379446640316,Critical,1,10518422.45,0,Normal,RM call + personalized email,3
CUST018076,Affluent,1.0,Critical,1,7378454.81,0,Normal,RM call + personalized email,3
CUST025457,Affluent,0.9940227743271222,Critical,1,5415280.8,0,Normal,RM call + personalized email,3
CUST033983,Affluent,0.9831903782720386,Critical,1,7351796.13,0,Normal,RM call + personalized email,3
CUST016787,Affluent,0.998625730994152,Critical,1,11669151.04,0,Normal,RM call + personalized email,3
CUST000050,Affluent,0.9978892920804684,Critical,1,4683654.91,0,Normal,RM call + personalized email,3
CUST019789,Affluent,0.9943264633916808,Critical,1,9097769.48,0,Normal,RM call + personalized email,3
CUST011569,Affluent,0.9885449929971988,Critical,1,3192861.85,0,Normal,RM call + personalized email,3
CUST017269,Affluent,1.0,Critical,1,9057230.35,0,Normal,RM call + personalized email,3
CUST037964,Affluent,1.0,Critical,1,7843079.0,0,Normal,RM call + personalized email,3
CUST020910,Affluent,1.0,Critical,1,7903463.79,0,Normal,RM call + personalized email,3
CUST037357,Affluent,0.9994444444444444,Critical,1,6399511.12,0,Normal,RM call + personalized email,3
CUST036014,Affluent,1.0,Critical,1,15338165.18,0,Normal,RM call + personalized email,3
CUST034775,Affluent,0.9982489177489176,Critical,1,7477172.02,1,Other anomaly,RM call + personalized email,3
CUST033334,Affluent,0.9984496213126648,Critical,1,10843932.82,0,Normal,RM call + personalized email,3
CUST017540,Affluent,1.0,Critical,1,16393179.84,0,Normal,RM call + personalized email,3
CUST018021,Affluent,0.995128701758012,Critical,1,7056821.5,0,Normal,RM call + personalized email,3
CUST001238,Affluent,0.9985069444444444,Critical,1,10104701.5,0,Normal,RM call + personalized email,3
CUST025435,Affluent,0.9939610389610388,Critical,1,11536897.14,0,Normal,RM call + personalized email,3
CUST021529,Affluent,1.0,Critical,1,7834026.939999999,0,Normal,RM call + personalized email,3
CUST028351,Affluent,1.0,Critical,1,18593503.3,0,Normal,RM call + personalized email,3
CUST011881,Affluent,1.0,Critical,1,8111442.59,0,Normal,RM call + personalized email,3
CUST013064,Affluent,0.9832820560674276,Critical,1,15933897.35,0,Normal,RM call + personalized email,3
CUST009571,Affluent,0.9973720238095238,Critical,1,13981181.72,0,Normal,RM call + personalized email,3
CUST045158,Affluent,0.9937497276688454,Critical,1,30078778.71,0,Normal,RM call + personalized email,3
CUST027529,Affluent,0.9991176470588234,Critical,1,4769959.34,0,Normal,RM call + personalized email,3
CUST046942,Affluent,0.9824682667263936,Critical,1,14987529.94,0,Normal,RM call + personalized email,3
CUST039188,Affluent,0.9981826923076924,Critical,1,10665252.32,0,Normal,RM call + personalized email,3
CUST044826,Affluent,0.9891831250448898,Critical,1,3054216.91,0,Normal,RM call + personalized email,3
CUST037076,Affluent,1.0,Critical,1,8405300.86,0,Normal,RM call + personalized email,3
CUST017652,Affluent,0.9990808823529412,Critical,1,24883027.56,0,Normal,RM call + personalized email,3
CUST028627,Affluent,1.0,Critical,1,12985338.49,0,Normal,RM call + personalized email,3
CUST048990,Affluent,1.0,Critical,1,13099386.77,0,Normal,RM call + personalized email,3
CUST049090,Affluent,0.9972751322751324,Critical,1,11984446.73,0,Normal,RM call + personalized email,3
CUST046952,Affluent,0.995133655394525,Critical,1,9292592.7,0,Normal,RM call + personalized email,3
CUST028363,Affluent,1.0,Critical,1,8789422.92,0,Normal,RM call + personalized email,3
CUST041891,Affluent,0.9700201771369382,Critical,1,3225370.0,1,Other anomaly,RM call + personalized email,3
CUST049639,Affluent,0.9900968653895124,Critical,1,8043574.83,0,Normal,RM call + personalized email,3
CUST027096,Affluent,1.0,Critical,1,10801334.61,0,Normal,RM call + personalized email,3
CUST008211,Affluent,1.0,Critical,1,8647015.38,0,Normal,RM call + personalized email,3
CUST001942,Affluent,1.0,Critical,1,7564863.55,0,Normal,RM call + personalized email,3
CUST042692,Affluent,0.9952051282051284,Critical,1,9439162.82,0,Normal,RM call + personalized email,3
CUST033835,Affluent,0.9992058823529412,Critical,1,11679380.25,0,Normal,RM call + personalized email,3
CUST016143,Affluent,0.99984375,Critical,1,8570962.96,0,Normal,RM call + personalized email,3
CUST039115,Affluent,1.0,Critical,1,9488749.14,0,Normal,RM call + personalized email,3
CUST000940,Affluent,1.0,Critical,1,10186449.1,0,Normal,RM call + personalized email,3
CUST026054,Affluent,1.0,Critical,1,14995813.72,0,Normal,RM call + personalized email,3
CUST001452,Affluent,0.9783029221099296,Critical,1,8166285.300000001,0,Normal,RM call + personalized email,3
CUST007454,Affluent,0.9989285714285714,Critical,1,7055344.78,0,Normal,RM call + personalized email,3
CUST008086,Affluent,0.9949903846153846,Critical,1,8517632.530000001,0,Normal,RM call + personalized email,3
CUST040646,Affluent,0.9964689228255404,Critical,1,11981764.97,0,Normal,RM call + personalized email,3
CUST048576,Affluent,1.0,Critical,1,7685953.890000001,0,Normal,RM call + personalized email,3
CUST013992,Affluent,1.0,Critical,1,12148778.53,0,Normal,RM call + personalized email,3
CUST021355,Affluent,0.99975,Critical,1,15987925.35,0,Normal,RM call + personalized email,3
CUST015544,Affluent,0.9662316653611462,Critical,1,21580704.71,0,Normal,RM call + personalized email,3
CUST029187,Affluent,0.9829248899427144,Critical,1,13033305.42,0,Normal,RM call + personalized email,3
CUST009248,Affluent,0.9798270868509342,Critical,1,14169099.69,0,Normal,RM call + personalized email,3
CUST029796,Affluent,0.9957651976150962,Critical,1,6246357.33,1,Other anomaly,RM call + personalized email,3
CUST016020,Affluent,1.0,Critical,1,7991884.859999999,0,Normal,RM call + personalized email,3
CUST037169,Affluent,1.0,Critical,1,10366278.15,0,Normal,RM call + personalized email,3
CUST020262,Affluent,0.9956666666666666,Critical,1,6925734.5600000005,0,Normal,RM call + personalized email,3
CUST010456,Affluent,0.99825,Critical,1,11098164.16,0,Normal,RM call + personalized email,3
CUST004657,Affluent,0.9972291621422056,Critical,1,10284608.08,0,Normal,RM call + personalized email,3
CUST035822,Affluent,0.9963636363636365,Critical,1,11366712.6,0,Normal,RM call + personalized email,3
CUST047490,Affluent,0.988297620535664,Critical,1,22708823.65,0,Normal,RM call + personalized email,3
CUST040247,Affluent,0.99760348583878,Critical,1,6652444.58,0,Normal,RM call + personalized email,3
CUST046623,Affluent,0.9952924465240642,Critical,1,18684685.56,0,Normal,RM call + personalized email,3
CUST033245,Affluent,1.0,Critical,1,7564695.42,0,Normal,RM call + personalized email,3
CUST019532,Affluent,0.9932774706373776,Critical,1,4245562.97,1,Other anomaly,RM call + personalized email,3
CUST033386,Affluent,0.9998,Critical,1,9732804.92,0,Normal,RM call + personalized email,3
CUST010238,Affluent,1.0,Critical,1,15747450.58,0,Normal,RM call + personalized email,3
CUST020603,Affluent,1.0,Critical,1,15161272.53,0,Normal,RM call + personalized email,3
CUST014405,Affluent,0.9951552795031056,Critical,1,11837337.85,0,Normal,RM call + personalized email,3
CUST016410,Affluent,1.0,Critical,1,9109054.05,0,Normal,RM call + personalized email,3
CUST022811,Affluent,1.0,Critical,1,10931519.62,0,Normal,RM call + personalized email,3
CUST012409,Affluent,0.9922836134453782,Critical,1,11723659.42,0,Normal,RM call + personalized email,3
CUST034440,Affluent,1.0,Critical,1,6557583.24,0,Normal,RM call + personalized email,3
CUST021139,Affluent,1.0,Critical,1,13559956.21,0,Normal,RM call + personalized email,3
CUST040508,Affluent,0.9953566827697264,Critical,1,14849215.95,0,Normal,RM call + personalized email,3
CUST035962,Affluent,0.9724985614016188,Critical,1,13271744.24,0,Normal,RM call + personalized email,3
CUST041656,Affluent,0.9968647656691136,Critical,1,3405626.6500000004,0,Normal,RM call + personalized email,3
CUST033700,Affluent,0.998568376068376,Critical,1,9698737.9,0,Normal,RM call + personalized email,3
CUST043395,Affluent,0.9969510869565216,Critical,1,13957253.05,0,Normal,RM call + personalized email,3
CUST000497,Affluent,0.9843054193899784,Critical,1,14164820.71,0,Normal,RM call + personalized email,3
CUST033641,Affluent,0.9951451573452346,Critical,1,12714096.41,0,Normal,RM call + personalized email,3
CUST011263,Affluent,1.0,Critical,1,6028417.510000001,0,Normal,RM call + personalized email,3
CUST026681,Affluent,0.9695178457312787,Critical,1,10386558.05,0,Normal,RM call + personalized email,3
CUST024626,Affluent,0.9998275862068964,Critical,1,6535498.82,0,Normal,RM call + personalized email,3
CUST002137,Affluent,1.0,Critical,1,8456565.97,0,Normal,RM call + personalized email,3
CUST048988,Affluent,0.9988333333333334,Critical,1,15593636.38,0,Normal,RM call + personalized email,3
CUST023408,Affluent,1.0,Critical,1,7453814.42,0,Normal,RM call + personalized email,3
CUST024422,Affluent,1.0,Critical,1,7971506.06,0,Normal,RM call + personalized email,3
CUST049634,Affluent,0.995856777493606,Critical,1,13381106.13,0,Normal,RM call + personalized email,3
CUST005367,Affluent,0.996096366995074,Critical,1,9133247.76,0,Normal,RM call + personalized email,3
CUST047515,Affluent,0.9949916387959864,Critical,1,16941388.29,0,Normal,RM call + personalized email,3
CUST048483,Affluent,0.9924045867416612,Critical,1,12201116.18,0,Normal,RM call + personalized email,3
CUST005457,Affluent,1.0,Critical,1,10326267.98,0,Normal,RM call + personalized email,3
CUST049632,Affluent,0.9881998651932864,Critical,1,10425982.95,0,Normal,RM call + personalized email,3
CUST040990,Affluent,0.9920089285714286,Critical,1,6761681.28,0,Normal,RM call + personalized email,3
CUST037904,Affluent,1.0,Critical,1,14019873.78,0,Normal,RM call + personalized email,3
CUST040439,Affluent,0.9777534831092176,Critical,1,7859878.62,0,Normal,RM call + personalized email,3
CUST020691,Affluent,0.9975,Critical,1,5699913.95,0,Normal,RM call + personalized email,3
CUST029190,Affluent,0.9870773172905524,Critical,1,17159376.97,0,Normal,RM call + personalized email,3
CUST025451,Affluent,0.989645249589735,Critical,1,12485253.34,0,Normal,RM call + personalized email,3
CUST018617,Affluent,0.9964327974012572,Critical,1,11144650.21,0,Normal,RM call + personalized email,3
CUST014270,Affluent,1.0,Critical,1,14598016.79,0,Normal,RM call + personalized email,3
CUST000043,Affluent,0.9884435283464912,Critical,1,13547813.909999998,0,Normal,RM call + personalized email,3
CUST039256,Affluent,0.99925,Critical,1,5034865.34,1,Other anomaly,RM call + personalized email,3
CUST035186,Affluent,1.0,Critical,1,8843130.1,0,Normal,RM call + personalized email,3
CUST009170,Affluent,0.9983249299719889,Critical,1,14416469.37,0,Normal,RM call + personalized email,3
CUST017317,Affluent,0.9884570509619304,Critical,1,17930535.599999998,0,Normal,RM call + personalized email,3
CUST000197,Affluent,1.0,Critical,1,9556508.68,0,Normal,RM call + personalized email,3
CUST012967,Affluent,0.9996666666666668,Critical,1,19432954.24,0,Normal,RM call + personalized email,3
CUST005732,Affluent,1.0,Critical,1,11326114.92,0,Normal,RM call + personalized email,3
CUST042289,Affluent,0.9978279645191408,Critical,1,16389264.26,0,Normal,RM call + personalized email,3
CUST028993,Affluent,0.9791972016155198,Critical,1,8237567.390000001,0,Normal,RM call + personalized email,3
CUST025652,Affluent,1.0,Critical,1,13122419.76,0,Normal,RM call + personalized email,3
CUST020640,Affluent,1.0,Critical,1,15674323.57,0,Normal,RM call + personalized email,3
CUST045812,Affluent,0.9986904761904762,Critical,1,14262386.83,0,Normal,RM call + personalized email,3
CUST028626,Affluent,0.9983353269235624,Critical,1,6260087.96,0,Normal,RM call + personalized email,3
CUST016791,Affluent,1.0,Critical,1,6851617.73,0,Normal,RM call + personalized email,3
CUST035528,Affluent,0.9928593379659556,Critical,1,11226338.13,0,Normal,RM call + personalized email,3
CUST023278,Affluent,1.0,Critical,1,6397567.66,0,Normal,RM call + personalized email,3
CUST034743,Affluent,1.0,Critical,1,8732705.27,0,Normal,RM call + personalized email,3
CUST029227,Affluent,0.9990625,Critical,1,14278749.74,0,Normal,RM call + personalized email,3
CUST034113,Affluent,1.0,Critical,1,11571688.96,0,Normal,RM call + personalized email,3
CUST016014,Affluent,0.9736651706137,Critical,1,3750837.92,0,Normal,RM call + personalized email,3
CUST032418,Affluent,0.9944179125472228,Critical,1,11570946.41,0,Normal,RM call + personalized email,3
CUST045947,Affluent,1.0,Critical,1,6783731.550000001,0,Normal,RM call + personalized email,3
CUST027404,Affluent,0.9939243862862284,Critical,1,13369579.99,0,Normal,RM call + personalized email,3
CUST019266,Affluent,0.9878254202797546,Critical,1,11993901.39,0,Normal,RM call + personalized email,3
CUST020716,Affluent,0.9995,Critical,1,18186254.6,0,Normal,RM call + personalized email,3
CUST021734,Affluent,0.998939393939394,Critical,1,9552675.73,0,Normal,RM call + personalized email,3
CUST040624,Affluent,0.9989427244582044,Critical,1,9664488.94,0,Normal,RM call + personalized email,3
CUST027547,Affluent,0.9973284313725488,Critical,1,16280522.38,0,Normal,RM call + personalized email,3
CUST042071,Affluent,0.9978125,Critical,1,4670166.74,0,Normal,RM call + personalized email,3
CUST021951,Affluent,0.998103448275862,Critical,1,3496203.72,0,Normal,RM call + personalized email,3
CUST006738,Affluent,0.9947032074231248,Critical,1,5172437.81,0,Normal,RM call + personalized email,3
CUST037419,Affluent,1.0,Critical,1,11189058.2,1,Other anomaly,RM call + personalized email,3
CUST016030,Affluent,0.9917314213564212,Critical,1,11388626.24,0,Normal,RM call + personalized email,3
CUST037210,Affluent,1.0,Critical,1,9515509.22,0,Normal,RM call + personalized email,3
CUST000750,Affluent,1.0,Critical,1,9660062.84,0,Normal,RM call + personalized email,3
CUST017641,Affluent,1.0,Critical,1,9414838.68,0,Normal,RM call + personalized email,3
CUST011298,Affluent,1.0,Critical,1,11933627.86,0,Normal,RM call + personalized email,3
CUST001562,Affluent,1.0,Critical,1,10381928.31,0,Normal,RM call + personalized email,3
CUST026475,Affluent,0.9997058823529412,Critical,1,10840526.44,0,Normal,RM call + personalized email,3
CUST019489,Affluent,1.0,Critical,1,9654591.84,0,Normal,RM call + personalized email,3
CUST039613,Affluent,0.9996666666666668,Critical,1,12853293.95,0,Normal,RM call + personalized email,3
CUST026322,Affluent,0.9941904761904762,Critical,1,11559169.78,0,Normal,RM call + personalized email,3
CUST001985,Affluent,0.9865716291319618,Critical,1,12904201.72,0,Normal,RM call + personalized email,3
CUST035480,Affluent,0.9917855340737692,Critical,1,16287196.8,0,Normal,RM call + personalized email,3
CUST015055,Affluent,0.9936293130888718,Critical,1,9812657.04,0,Normal,RM call + personalized email,3
CUST019437,Affluent,0.9902635809666768,Critical,1,15690031.1,0,Normal,RM call + personalized email,3
CUST039059,Affluent,0.9956521739130434,Critical,1,6447098.350000001,0,Normal,RM call + personalized email,3
CUST020677,Affluent,1.0,Critical,1,8067053.87,0,Normal,RM call + personalized email,3
CUST025335,Affluent,0.9996666666666668,Critical,1,7270633.45,0,Normal,RM call + personalized email,3
CUST031440,Affluent,1.0,Critical,1,6565587.65,0,Normal,RM call + personalized email,3
CUST047754,Affluent,0.99129484273896,Critical,1,11724453.95,1,Other anomaly,RM call + personalized email,3
CUST015836,Affluent,0.9937440269568752,Critical,1,16061566.3,0,Normal,RM call + personalized email,3
CUST039874,Affluent,1.0,Critical,1,9103836.34,0,Normal,RM call + personalized email,3
CUST007638,Affluent,0.9970289855072464,Critical,1,17757631.79,0,Normal,RM call + personalized email,3
CUST001556,Affluent,0.9907737556561088,Critical,1,9661886.06,0,Normal,RM call + personalized email,3
CUST023199,Affluent,0.9988235294117648,Critical,1,7468854.08,0,Normal,RM call + personalized email,3
CUST002453,Affluent,0.9755259673065996,Critical,1,29143573.51,0,Normal,RM call + personalized email,3
CUST017866,Affluent,1.0,Critical,1,6856968.84,0,Normal,RM call + personalized email,3
CUST008885,Affluent,0.9961894283121596,Critical,1,4829951.16,0,Normal,RM call + personalized email,3
CUST026172,Affluent,0.9865865798073616,Critical,1,19709952.07,0,Normal,RM call + personalized email,3
CUST010241,Affluent,0.9985294117647058,Critical,1,12810784.75,0,Normal,RM call + personalized email,3
CUST006115,Affluent,1.0,Critical,1,11906037.95,0,Normal,RM call + personalized email,3
CUST046075,Affluent,1.0,Critical,1,21863409.09,0,Normal,RM call + personalized email,3
CUST015235,Affluent,0.9923684210526316,Critical,1,8727837.57,0,Normal,RM call + personalized email,3
CUST001165,Affluent,0.9954023061686474,Critical,1,16378299.36,0,Normal,RM call + personalized email,3
CUST010507,Affluent,1.0,Critical,1,8868439.58,0,Normal,RM call + personalized email,3
CUST010638,Affluent,0.9941141304347826,Critical,1,8362557.98,1,Other anomaly,RM call + personalized email,3
CUST010804,Affluent,0.9978860294117646,Critical,1,9873886.33,0,Normal,RM call + personalized email,3
CUST022828,Affluent,0.9964016228869168,Critical,1,12704862.8,0,Normal,RM call + personalized email,3
CUST034420,Affluent,1.0,Critical,1,11521754.83,0,Normal,RM call + personalized email,3
CUST038307,Affluent,0.9975032051282052,Critical,1,13901753.75,0,Normal,RM call + personalized email,3
CUST023815,Affluent,0.9995454545454544,Critical,1,18883826.95,0,Normal,RM call + personalized email,3
CUST019431,Affluent,0.9961154012654012,Critical,1,7042952.8100000005,0,Normal,RM call + personalized email,3
CUST004393,Affluent,0.9848339733666748,Critical,1,20658498.0,0,Normal,RM call + personalized email,3
CUST040836,Affluent,1.0,Critical,1,14660876.7,0,Normal,RM call + personalized email,3
CUST012461,Affluent,0.9815494852014992,Critical,1,19093120.31,0,Normal,RM call + personalized email,3
CUST007397,Affluent,0.9910858502821418,Critical,1,5750208.26,0,Normal,RM call + personalized email,3
CUST000676,Affluent,1.0,Critical,1,8912424.41,1,Other anomaly,RM call + personalized email,3
CUST007020,Affluent,1.0,Critical,1,15704897.73,0,Normal,RM call + personalized email,3
CUST008870,Affluent,0.9979816017316016,Critical,1,8682960.83,0,Normal,RM call + personalized email,3
CUST036736,Affluent,0.9983407507739938,Critical,1,12084106.03,0,Normal,RM call + personalized email,3
CUST021352,Affluent,0.9968092105263158,Critical,1,5821622.74,0,Normal,RM call + personalized email,3
CUST007989,Affluent,0.989131080928875,Critical,1,17913793.7,0,Normal,RM call + personalized email,3
CUST034191,Affluent,0.99771626984127,Critical,1,12377062.54,0,Normal,RM call + personalized email,3
CUST040519,Affluent,1.0,Critical,1,14356409.37,0,Normal,RM call + personalized email,3
CUST025468,Affluent,0.9998275862068964,Critical,1,8058405.12,0,Normal,RM call + personalized email,3
CUST043302,Affluent,0.9985570175438596,Critical,1,13986058.37,0,Normal,RM call + personalized email,3
CUST043068,Affluent,0.9996153846153848,Critical,1,12973112.19,0,Normal,RM call + personalized email,3
CUST043216,Affluent,1.0,Critical,1,9379063.93,0,Normal,RM call + personalized email,3
CUST045121,Affluent,0.993142857142857,Critical,1,8228835.830000001,0,Normal,RM call + personalized email,3
CUST024819,Affluent,1.0,Critical,1,8703525.16,0,Normal,RM call + personalized email,3
CUST035307,Affluent,1.0,Critical,1,17502386.88,0,Normal,RM call + personalized email,3
CUST041597,Affluent,0.9991935483870968,Critical,1,4172408.22,0,Normal,RM call + personalized email,3
CUST002558,Affluent,0.9861146618052248,Critical,1,13502645.71,0,Normal,RM call + personalized email,3
CUST049155,Affluent,0.9995833333333334,Critical,1,15866414.88,0,Normal,RM call + personalized email,3
CUST045115,Affluent,1.0,Critical,1,8761942.120000001,0,Normal,RM call + personalized email,3
CUST044681,Affluent,1.0,Critical,1,8986807.72,0,Normal,RM call + personalized email,3
CUST000666,Affluent,0.9995454545454544,Critical,1,15339695.3,0,Normal,RM call + personalized email,3
CUST006694,Affluent,1.0,Critical,1,7433370.34,0,Normal,RM call + personalized email,3
CUST045865,Affluent,0.9797465044157768,Critical,1,13730501.81,0,Normal,RM call + personalized email,3
CUST034524,Affluent,1.0,Critical,1,7121466.16,0,Normal,RM call + personalized email,3
CUST032308,Affluent,0.9914297385620914,Critical,1,10307463.17,0,Normal,RM call + personalized email,3
CUST029541,Affluent,0.9881481802529888,Critical,1,11390207.18,0,Normal,RM call + personalized email,3
CUST020595,Affluent,1.0,Critical,1,10672583.57,0,Normal,RM call + personalized email,3
CUST036783,Affluent,0.9838882848801872,Critical,1,7399236.24,0,Normal,RM call + personalized email,3
CUST031178,Affluent,0.9949320652173912,Critical,1,17336718.54,0,Normal,RM call + personalized email,3
CUST048320,Affluent,0.9987169312169312,Critical,1,15163784.2,0,Normal,RM call + personalized email,3
CUST049650,Affluent,1.0,Critical,1,5063345.81,0,Normal,RM call + personalized email,3
CUST019476,Affluent,1.0,Critical,1,11209632.65,0,Normal,RM call + personalized email,3
CUST024188,Affluent,0.9734585541253472,Critical,1,31050467.73,0,Normal,RM call + personalized email,3
CUST043943,Affluent,1.0,Critical,1,8430392.76,0,Normal,RM call + personalized email,3
CUST026544,Affluent,0.9989285714285714,Critical,1,8467427.8,0,Normal,RM call + personalized email,3
CUST004499,Affluent,0.990529003890846,Critical,1,8970824.56,0,Normal,RM call + personalized email,3
CUST038483,Affluent,0.9850476539589442,Critical,1,11453935.15,0,Normal,RM call + personalized email,3
CUST049851,Affluent,0.9541351237947076,Critical,1,18497342.4,0,Normal,RM call + personalized email,3
CUST020816,Affluent,0.9958419709020732,Critical,1,11752883.9,0,Normal,RM call + personalized email,3
CUST041257,Affluent,0.9986666666666668,Critical,1,11105181.73,0,Normal,RM call + personalized email,3
CUST027795,Affluent,0.9996153846153846,Critical,1,12828516.18,0,Normal,RM call + personalized email,3
CUST048622,Affluent,0.9777848964625592,Critical,1,24201106.08,0,Normal,RM call + personalized email,3
CUST038247,Affluent,0.9970588235294118,Critical,1,10409104.95,0,Normal,RM call + personalized email,3
CUST013234,Affluent,0.9892091597772712,Critical,1,15221641.53,0,Normal,RM call + personalized email,3
CUST019306,Affluent,1.0,Critical,1,11254946.8,0,Normal,RM call + personalized email,3
CUST022512,Affluent,1.0,Critical,1,13751833.82,0,Normal,RM call + personalized email,3
CUST027786,Affluent,0.9944934640522876,Critical,1,9614887.39,0,Normal,RM call + personalized email,3
CUST013474,Affluent,1.0,Critical,1,6520676.36,0,Normal,RM call + personalized email,3
CUST040948,Affluent,0.9810135799015064,Critical,1,13538301.7,0,Normal,RM call + personalized email,3
CUST003253,Affluent,0.9950595238095238,Critical,1,5767124.3100000005,0,Normal,RM call + personalized email,3
CUST004837,Affluent,1.0,Critical,1,13332629.51,0,Normal,RM call + personalized email,3
CUST044386,Affluent,0.9916782407407408,Critical,1,12105733.23,0,Normal,RM call + personalized email,3
CUST045443,Affluent,0.9821914223547352,Critical,1,8944132.67,0,Normal,RM call + personalized email,3
CUST006198,Affluent,0.995470726577344,Critical,1,9707522.34,0,Normal,RM call + personalized email,3
CUST020402,Affluent,1.0,Critical,1,11328194.95,0,Normal,RM call + personalized email,3
CUST017707,Affluent,0.998345238095238,Critical,1,11749127.25,0,Normal,RM call + personalized email,3
CUST027638,Affluent,0.989074661100716,Critical,1,9797186.36,0,Normal,RM call + personalized email,3
CUST009010,Affluent,1.0,Critical,1,17801692.78,0,Normal,RM call + personalized email,3
CUST010764,Affluent,0.998452380952381,Critical,1,8286490.11,0,Normal,RM call + personalized email,3
CUST026036,Affluent,0.995,Critical,1,11890873.5,0,Normal,RM call + personalized email,3
CUST048587,Affluent,1.0,Critical,1,10377617.72,0,Normal,RM call + personalized email,3
CUST018088,Affluent,1.0,Critical,1,8907751.12,0,Normal,RM call + personalized email,3
CUST028926,Affluent,1.0,Critical,1,10144500.75,0,Normal,RM call + personalized email,3
CUST044776,Affluent,0.990053228499638,Critical,1,7660520.91,0,Normal,RM call + personalized email,3
CUST038534,Affluent,0.9995454545454544,Critical,1,5931128.49,0,Normal,RM call + personalized email,3
CUST014168,Affluent,1.0,Critical,1,8947406.66,0,Normal,RM call + personalized email,3
CUST009759,Affluent,0.9920066877566878,Critical,1,10955003.53,0,Normal,RM call + personalized email,3
CUST038267,Affluent,0.993616890784654,Critical,1,12191988.74,0,Normal,RM call + personalized email,3
CUST002175,Affluent,0.9973319327731092,Critical,1,11631891.25,0,Normal,RM call + personalized email,3
CUST028037,Affluent,0.9843993325287832,Critical,1,7257875.140000001,0,Normal,RM call + personalized email,3
CUST044985,Affluent,0.9913719241285032,Critical,1,15487050.99,0,Normal,RM call + personalized email,3
CUST037755,Affluent,1.0,Critical,1,8767794.44,0,Normal,RM call + personalized email,3
CUST037988,Affluent,1.0,Critical,1,7898875.04,0,Normal,RM call + personalized email,3
CUST038604,Affluent,0.9987593984962406,Critical,1,10612637.92,0,Normal,RM call + personalized email,3
CUST047768,Affluent,0.9995194508009152,Critical,1,17298026.08,0,Normal,RM call + personalized email,3
CUST048734,Affluent,0.9945490196078433,Critical,1,7696343.75,0,Normal,RM call + personalized email,3
CUST032150,Affluent,1.0,Critical,1,14472337.96,0,Normal,RM call + personalized email,3
CUST027387,Affluent,1.0,Critical,1,14750771.87,0,Normal,RM call + personalized email,3
CUST010974,Affluent,1.0,Critical,1,10637580.95,0,Normal,RM call + personalized email,3
CUST024769,Affluent,1.0,Critical,1,7349180.800000001,0,Normal,RM call + personalized email,3
CUST047105,Affluent,1.0,Critical,1,8511426.32,0,Normal,RM call + personalized email,3
CUST031636,Affluent,1.0,Critical,1,10044946.86,0,Normal,RM call + personalized email,3
CUST013355,Affluent,1.0,Critical,1,7749054.81,0,Normal,RM call + personalized email,3
CUST037435,Affluent,1.0,Critical,1,9968967.9,0,Normal,RM call + personalized email,3
CUST006021,Affluent,0.9983517755589062,Critical,1,19572171.72,0,Normal,RM call + personalized email,3
CUST027772,Affluent,1.0,Critical,1,13152799.18,0,Normal,RM call + personalized email,3
CUST035932,Affluent,0.9981130634071812,Critical,1,10451726.57,0,Normal,RM call + personalized email,3
CUST000907,Affluent,0.9997368421052631,Critical,1,11042850.65,0,Normal,RM call + personalized email,3
CUST038328,Affluent,0.9959335663691312,Critical,1,7021056.979999999,1,Other anomaly,RM call + personalized email,3
CUST031690,Affluent,1.0,Critical,1,20633476.29,0,Normal,RM call + personalized email,3
CUST008567,Affluent,1.0,Critical,1,9142096.9,0,Normal,RM call + personalized email,3
CUST042606,Affluent,0.9959682568248744,Critical,1,12824246.17,1,Other anomaly,RM call + personalized email,3
CUST012674,Affluent,0.9952286414565826,Critical,1,3789709.7,0,Normal,RM call + personalized email,3
CUST028165,Affluent,1.0,Critical,1,7794508.220000001,0,Normal,RM call + personalized email,3
CUST018925,Affluent,0.9989285714285714,Critical,1,14120698.9,0,Normal,RM call + personalized email,3
CUST030811,Affluent,0.9982901960784316,Critical,1,12940331.21,0,Normal,RM call + personalized email,3
CUST016046,Affluent,0.9939345388023456,Critical,1,14981654.79,0,Normal,RM call + personalized email,3
CUST028024,Affluent,1.0,Critical,1,10224946.04,0,Normal,RM call + personalized email,3
CUST040251,Affluent,0.9990454545454546,Critical,1,6630553.76,0,Normal,RM call + personalized email,3
CUST018946,Affluent,0.9940524193548388,Critical,1,7052623.3100000005,0,Normal,RM call + personalized email,3
CUST044630,Affluent,0.9894788434604612,Critical,1,20441135.27,0,Normal,RM call + personalized email,3
CUST019908,Affluent,1.0,Critical,1,10596494.0,0,Normal,RM call + personalized email,3
CUST040241,Affluent,0.9967927170868348,Critical,1,9283298.44,0,Normal,RM call + personalized email,3
CUST037776,Affluent,0.9914395604395608,Critical,1,11422517.74,0,Normal,RM call + personalized email,3
CUST044214,Affluent,0.9978097836564654,Critical,1,12794031.71,0,Normal,RM call + personalized email,3
CUST046985,Affluent,0.9982847514005602,Critical,1,18424315.09,0,Normal,RM call + personalized email,3
CUST039006,Affluent,0.9953375350140056,Critical,1,8154036.8,0,Normal,RM call + personalized email,3
CUST026106,Affluent,0.9963636363636365,Critical,1,10723944.12,0,Normal,RM call + personalized email,3
CUST021721,Affluent,0.999375,Critical,1,8562493.48,0,Normal,RM call + personalized email,3
CUST015686,Affluent,1.0,Critical,1,8961450.620000001,0,Normal,RM call + personalized email,3
CUST035436,Affluent,1.0,Critical,1,7079600.44,0,Normal,RM call + personalized email,3
CUST031684,Affluent,0.994652515795608,Critical,1,13273873.05,0,Normal,RM call + personalized email,3
CUST025555,Affluent,1.0,Critical,1,20994845.95,0,Normal,RM call + personalized email,3
CUST030187,Affluent,0.9961785714285716,Critical,1,5510606.470000001,0,Normal,RM call + personalized email,3
CUST046138,Affluent,0.9978260869565218,Critical,1,13024806.75,0,Normal,RM call + personalized email,3
CUST007866,Affluent,0.9938333333333332,Critical,1,21146697.84,0,Normal,RM call + personalized email,3
CUST017644,Affluent,0.9971962456271865,Critical,1,8067212.49,0,Normal,RM call + personalized email,3
CUST014864,Affluent,0.9990625,Critical,1,13799994.17,0,Normal,RM call + personalized email,3
CUST016237,Affluent,1.0,Critical,1,7566709.8,0,Normal,RM call + personalized email,3
CUST034620,Affluent,0.991879954410914,Critical,1,17568487.93,0,Normal,RM call + personalized email,3
CUST033411,Affluent,0.9926649578491684,Critical,1,13443780.13,0,Normal,RM call + personalized email,3
CUST043838,Affluent,0.9622142169449928,Critical,1,22978189.88,0,Normal,RM call + personalized email,3
CUST018339,Affluent,1.0,Critical,1,11204534.08,0,Normal,RM call + personalized email,3
CUST044351,Affluent,0.998993788819876,Critical,1,7731438.29,0,Normal,RM call + personalized email,3
CUST001016,Affluent,1.0,Critical,1,10473975.12,0,Normal,RM call + personalized email,3
CUST047727,Affluent,1.0,Critical,1,8872600.2,0,Normal,RM call + personalized email,3
CUST032506,Affluent,0.9989285714285714,Critical,1,12847278.1,0,Normal,RM call + personalized email,3
CUST006584,Affluent,0.9618364731433244,Critical,1,15712533.87,0,Normal,RM call + personalized email,3
CUST029563,Affluent,1.0,Critical,1,11435438.2,0,Normal,RM call + personalized email,3
CUST006816,Affluent,1.0,Critical,1,6997782.25,0,Normal,RM call + personalized email,3
CUST037917,Affluent,0.9955288865546218,Critical,1,20452892.78,0,Normal,RM call + personalized email,3
CUST043971,Affluent,1.0,Critical,1,5529978.98,0,Normal,RM call + personalized email,3
CUST001159,Affluent,1.0,Critical,1,6787812.5,0,Normal,RM call + personalized email,3
CUST042198,Affluent,1.0,Critical,1,9306040.33,0,Normal,RM call + personalized email,3
CUST004604,Affluent,0.9985613524406628,Critical,1,4192578.44,0,Normal,RM call + personalized email,3
CUST044738,Affluent,1.0,Critical,1,8868005.879999999,0,Normal,RM call + personalized email,3
CUST033095,Affluent,0.9455159434958637,Critical,1,14667695.37,0,Normal,RM call + personalized email,3
CUST023517,Affluent,1.0,Critical,1,7482632.109999999,0,Normal,RM call + personalized email,3
CUST039701,Affluent,1.0,Critical,1,17798559.27,0,Normal,RM call + personalized email,3
CUST041737,Affluent,0.996048309178744,Critical,1,15204610.85,0,Normal,RM call + personalized email,3
CUST027397,Affluent,0.9904636379207232,Critical,1,9978551.4,0,Normal,RM call + personalized email,3
CUST048224,Affluent,0.9750572882356556,Critical,1,10245322.29,0,Normal,RM call + personalized email,3
CUST029792,Affluent,0.9932142857142856,Critical,1,8822186.290000001,0,Normal,RM call + personalized email,3
CUST006744,Affluent,1.0,Critical,1,8924313.940000001,0,Normal,RM call + personalized email,3
CUST008143,Affluent,0.9948641304347824,Critical,1,6668428.51,1,Other anomaly,RM call + personalized email,3
CUST005037,Affluent,0.9998571428571428,Critical,1,6541629.510000001,0,Normal,RM call + personalized email,3
CUST049138,Affluent,1.0,Critical,1,9943594.28,0,Normal,RM call + personalized email,3
CUST041087,Affluent,0.9981318681318682,Critical,1,10231044.68,0,Normal,RM call + personalized email,3
CUST027039,Affluent,1.0,Critical,1,12193290.16,0,Normal,RM call + personalized email,3
CUST047401,Affluent,1.0,Critical,1,5213050.24,0,Normal,RM call + personalized email,3
CUST001151,Affluent,1.0,Critical,1,8943951.87,0,Normal,RM call + personalized email,3
CUST006832,Affluent,0.9996666666666668,Critical,1,7499676.58,0,Normal,RM call + personalized email,3
CUST008158,Affluent,0.9983544197031038,Critical,1,17451553.93,0,Normal,RM call + personalized email,3
CUST043134,Affluent,0.9913201841930556,Critical,1,7720241.16,0,Normal,RM call + personalized email,3
CUST016934,Affluent,0.9811084479246244,Critical,1,7414066.18,1,Other anomaly,RM call + personalized email,3
CUST015141,Affluent,0.9984220430107528,Critical,1,13056396.99,0,Normal,RM call + personalized email,3
CUST002072,Affluent,0.9997058823529412,Critical,1,9416451.62,0,Normal,RM call + personalized email,3
CUST025278,Affluent,1.0,Critical,1,11203541.77,0,Normal,RM call + personalized email,3
CUST045455,Affluent,1.0,Critical,1,7315721.22,0,Normal,RM call + personalized email,3
CUST010866,Affluent,0.9988461538461538,Critical,1,9197144.49,0,Normal,RM call + personalized email,3
CUST039462,Affluent,0.9738486444111446,Critical,1,14291665.510000002,1,Other anomaly,RM call + personalized email,3
CUST023751,Affluent,0.9996666666666668,Critical,1,6979844.95,0,Normal,RM call + personalized email,3
CUST028173,Mass,0.9778279541393344,Critical,1,5161029.71,0,Normal,Automated push notification + email campaign,4
CUST039086,Mass,0.978811388724046,Critical,1,2542141.91,0,Normal,Automated push notification + email campaign,4
CUST023513,Mass,1.0,Critical,1,2137876.06,0,Normal,Automated push notification + email campaign,4
CUST031336,Mass,1.0,Critical,1,1481570.7,0,Normal,Automated push notification + email campaign,4
CUST029850,Mass,0.7440999647779204,Critical,1,5348081.88,0,Normal,Automated push notification + email campaign,4
CUST030969,Mass,0.9965111834457104,Critical,1,1110035.68,0,Normal,Automated push notification + email campaign,4
CUST015573,Mass,0.7538083167074351,Critical,0,10833179.11,0,Normal,Automated push notification + email campaign,4
CUST049388,Mass,0.9877302904428696,Critical,1,5329385.05,0,Normal,Automated push notification + email campaign,4
CUST045138,Mass,0.9936350100364032,Critical,1,8346055.129999999,0,Normal,Automated push notification + email campaign,4
CUST043287,Mass,0.98136662234824,Critical,1,1908241.0,0,Normal,Automated push notification + email campaign,4
CUST011502,Mass,0.9971950271950272,Critical,1,3236889.0,0,Normal,Automated push notification + email campaign,4
CUST042711,Mass,0.9919231778681188,Critical,1,4738955.98,0,Normal,Automated push notification + email campaign,4
CUST008954,Mass,0.9792214988418068,Critical,1,2662100.23,0,Normal,Automated push notification + email campaign,4
CUST018692,Mass,0.7798718227892507,Critical,1,3950325.39,0,Normal,Automated push notification + email campaign,4
CUST022113,Mass,0.8267470984924076,Critical,1,9835472.98,0,Normal,Automated push notification + email campaign,4
CUST026596,Mass,0.9978510101010102,Critical,1,2846484.12,0,Normal,Automated push notification + email campaign,4
CUST032884,Mass,0.7022275585922685,Critical,1,9758400.96,0,Normal,Automated push notification + email campaign,4
CUST000049,Mass,0.9861520975905548,Critical,1,3069789.0300000003,0,Normal,Automated push notification + email campaign,4
CUST049482,Mass,0.9926587925962927,Critical,1,1804390.22,0,Normal,Automated push notification + email campaign,4
CUST010235,Mass,0.997748939965002,Critical,1,2673237.5700000003,0,Normal,Automated push notification + email campaign,4
CUST048588,Mass,0.994999513079606,Critical,1,3658943.85,0,Normal,Automated push notification + email campaign,4
CUST001899,Mass,0.9988904061624648,Critical,1,1614698.8299999998,0,Normal,Automated push notification + email campaign,4
CUST047495,Mass,0.9810726861563522,Critical,1,3758213.01,0,Normal,Automated push notification + email campaign,4
CUST020800,Mass,0.9868528447283538,Critical,1,5136242.29,0,Normal,Automated push notification + email campaign,4
CUST043804,Mass,0.9935309196403038,Critical,1,2914222.87,0,Normal,Automated push notification + email campaign,4
CUST015408,Mass,0.99673662464986,Critical,1,3606100.73,0,Normal,Automated push notification + email campaign,4
CUST039627,Mass,0.9556333016521138,Critical,1,1583165.11,0,Normal,Automated push notification + email campaign,4
CUST026871,Mass,0.9969166666666668,Critical,1,3884948.35,0,Normal,Automated push notification + email campaign,4
CUST044139,Mass,0.7512866764613078,Critical,1,9429917.97,0,Normal,Automated push notification + email campaign,4
CUST039002,Mass,0.9990384615384617,Critical,1,2818113.3600000003,0,Normal,Automated push notification + email campaign,4
CUST014020,Mass,0.9927178812662188,Critical,1,3032184.05,0,Normal,Automated push notification + email campaign,4
CUST040564,Mass,0.990137944929938,Critical,1,8255242.98,0,Normal,Automated push notification + email campaign,4
CUST000140,Mass,0.9983848196756034,Critical,1,3780302.07,0,Normal,Automated push notification + email campaign,4
CUST040878,Mass,0.998833875450746,Critical,1,3485134.27,0,Normal,Automated push notification + email campaign,4
CUST043133,Mass,0.98958309483922,Critical,1,2372104.25,0,Normal,Automated push notification + email campaign,4
CUST012752,Mass,0.9667167245080758,Critical,1,2366117.7,0,Normal,Automated push notification + email campaign,4
CUST016104,Mass,0.9979185185185184,Critical,1,849579.1200000001,0,Normal,Automated push notification + email campaign,4
CUST000095,Mass,0.9984444444444444,Critical,1,794310.0,0,Normal,Automated push notification + email campaign,4
CUST038186,Mass,0.9911717865186424,Critical,1,2860798.0700000003,0,Normal,Automated push notification + email campaign,4
CUST021365,Mass,0.9820220866594704,Critical,1,2616805.63,0,Normal,Automated push notification + email campaign,4
CUST013728,Mass,0.997578359528964,Critical,1,4369967.15,0,Normal,Automated push notification + email campaign,4
CUST023168,Mass,0.9996828969407562,Critical,1,6715626.74,0,Normal,Automated push notification + email campaign,4
CUST042477,Mass,0.9660251440005968,Critical,1,5208303.76,0,Normal,Automated push notification + email campaign,4
CUST015128,Mass,0.9654054281316978,Critical,1,7179795.61,0,Normal,Automated push notification + email campaign,4
CUST008738,Mass,0.9984090909090908,Critical,1,2259820.77,0,Normal,Automated push notification + email campaign,4
CUST032339,Mass,0.9886520655270656,Critical,1,2549321.64,0,Normal,Automated push notification + email campaign,4
CUST049192,Mass,0.995882264211958,Critical,0,4110318.56,0,Normal,Automated push notification + email campaign,4
CUST024708,Mass,0.996819362745098,Critical,1,2769347.75,0,Normal,Automated push notification + email campaign,4
CUST030129,Mass,0.9942271062271062,Critical,1,2452708.34,0,Normal,Automated push notification + email campaign,4
CUST034529,Mass,0.9956009070294785,Critical,1,2521776.26,0,Normal,Automated push notification + email campaign,4
CUST047251,Mass,0.982840204586891,Critical,1,1929235.58,0,Normal,Automated push notification + email campaign,4
CUST013025,Mass,1.0,Critical,1,1256590.38,0,Normal,Automated push notification + email campaign,4
CUST041068,Mass,0.9936801283511812,Critical,1,8243058.09,0,Normal,Automated push notification + email campaign,4
CUST017774,Mass,0.7026292761462548,Critical,0,3291047.4,0,Normal,Automated push notification + email campaign,4
CUST029655,Mass,0.9977083333333332,Critical,1,2996505.99,0,Normal,Automated push notification + email campaign,4
CUST010156,Mass,0.9613814126458164,Critical,1,2069645.39,0,Normal,Automated push notification + email campaign,4
CUST002027,Mass,0.9607293143687012,Critical,1,5341210.65,0,Normal,Automated push notification + email campaign,4
CUST013789,Mass,0.9893544308074108,Critical,1,2811443.24,0,Normal,Automated push notification + email campaign,4
CUST023189,Mass,0.9986766093766044,Critical,1,8305656.720000001,0,Normal,Automated push notification + email campaign,4
CUST043456,Mass,0.994074678129718,Critical,1,7673268.7,0,Normal,Automated push notification + email campaign,4
CUST039619,Mass,0.9846430601596822,Critical,1,1632122.22,0,Normal,Automated push notification + email campaign,4
CUST042622,Mass,0.999949331934714,Critical,1,4199902.57,0,Normal,Automated push notification + email campaign,4
CUST044019,Mass,0.9967629385336086,Critical,1,4285860.76,0,Normal,Automated push notification + email campaign,4
CUST045227,Mass,0.9996666666666668,Critical,1,1797503.89,0,Normal,Automated push notification + email campaign,4
CUST043909,Mass,0.7421938551925639,Critical,0,1901049.69,0,Normal,Automated push notification + email campaign,4
CUST018764,Mass,0.9831349553224557,Critical,1,2911788.99,0,Normal,Automated push notification + email campaign,4
CUST024089,Mass,0.9999659863945578,Critical,1,3629800.62,0,Normal,Automated push notification + email campaign,4
CUST016071,Mass,0.745018366308143,Critical,0,7582501.34,0,Normal,Automated push notification + email campaign,4
CUST026862,Mass,1.0,Critical,1,1837391.2,0,Normal,Automated push notification + email campaign,4
CUST030539,Mass,0.9865093374199074,Critical,1,6923488.73,0,Normal,Automated push notification + email campaign,4
CUST045261,Mass,0.99875,Critical,1,3731379.63,0,Normal,Automated push notification + email campaign,4
CUST016582,Mass,0.969464387769539,Critical,1,3555025.39,0,Normal,Automated push notification + email campaign,4
CUST019986,Mass,0.9905247625265774,Critical,1,6583598.21,0,Normal,Automated push notification + email campaign,4
CUST012780,Mass,0.9800272597433262,Critical,0,5918949.9,0,Normal,Automated push notification + email campaign,4
CUST001428,Mass,0.9991005291005292,Critical,1,5384226.44,0,Normal,Automated push notification + email campaign,4
CUST029915,Mass,0.9881094807969808,Critical,1,3032886.33,0,Normal,Automated push notification + email campaign,4
CUST040970,Mass,0.9929559333311868,Critical,1,5167095.96,0,Normal,Automated push notification + email campaign,4
CUST043650,Mass,0.7050946418898931,Critical,0,6379318.569999999,0,Normal,Automated push notification + email campaign,4
CUST001856,Mass,0.9875974354412062,Critical,1,799393.31,0,Normal,Automated push notification + email campaign,4
CUST019338,Mass,0.9849073381683676,Critical,1,2537706.06,0,Normal,Automated push notification + email campaign,4
CUST000025,Mass,0.9839363946615914,Critical,1,3839102.7,0,Normal,Automated push notification + email campaign,4
CUST044172,Mass,0.999954148890398,Critical,1,5013273.01,0,Normal,Automated push notification + email campaign,4
CUST023613,Mass,0.9941995947315097,Critical,1,2735184.11,0,Normal,Automated push notification + email campaign,4
CUST015932,Mass,0.9877568663844092,Critical,1,4062112.58,0,Normal,Automated push notification + email campaign,4
CUST019794,Mass,0.9878996884795108,Critical,1,6029508.34,0,Normal,Automated push notification + email campaign,4
CUST014289,Mass,0.9975,Critical,1,1586941.29,0,Normal,Automated push notification + email campaign,4
CUST038489,Mass,0.9780213882307924,Critical,1,2016191.27,1,Other anomaly,Automated push notification + email campaign,4
CUST011044,Mass,0.9972094361334868,Critical,1,5452350.08,0,Normal,Automated push notification + email campaign,4
CUST022586,Mass,0.9968267204060308,Critical,1,1800249.11,0,Normal,Automated push notification + email campaign,4
CUST036973,Mass,0.9977592592592592,Critical,1,2371334.83,0,Normal,Automated push notification + email campaign,4
CUST025951,Mass,0.9830198431742546,Critical,1,2096242.3,0,Normal,Automated push notification + email campaign,4
CUST042739,Mass,0.9890928960829184,Critical,1,623774.8200000001,0,Normal,Automated push notification + email campaign,4
CUST031074,Mass,0.9897999981340498,Critical,1,4589072.48,0,Normal,Automated push notification + email campaign,4
CUST043647,Mass,0.9542366563631104,Critical,1,6254766.529999999,0,Normal,Automated push notification + email campaign,4
CUST037706,Mass,0.7547798036451736,Critical,0,7485408.18,0,Normal,Automated push notification + email campaign,4
CUST030861,Mass,0.9915661409830469,Critical,1,5257608.8100000005,0,Normal,Automated push notification + email campaign,4
CUST009069,Mass,0.7046012829679181,Critical,0,3089160.27,0,Normal,Automated push notification + email campaign,4
CUST004526,Mass,0.9810509615350818,Critical,1,5316903.220000001,0,Normal,Automated push notification + email campaign,4
CUST032852,Mass,0.9718342928911284,Critical,1,1448884.41,0,Normal,Automated push notification + email campaign,4
CUST005821,Mass,0.9846900542784164,Critical,1,2462806.52,0,Normal,Automated push notification + email campaign,4
CUST026823,Mass,0.975560650209354,Critical,1,1767728.4300000002,1,Other anomaly,Automated push notification + email campaign,4
CUST021661,Mass,0.9946097751494486,Critical,1,4205183.02,0,Normal,Automated push notification + email campaign,4
CUST020619,Mass,0.990293737816764,Critical,1,1288508.75,0,Normal,Automated push notification + email campaign,4
CUST036356,Mass,0.9945560289820594,Critical,1,3621967.69,0,Normal,Automated push notification + email campaign,4
CUST042467,Mass,0.9825845134617488,Critical,1,7000913.949999999,0,Normal,Automated push notification + email campaign,4
CUST000213,Mass,0.9987307692307694,Critical,1,4141931.33,0,Normal,Automated push notification + email campaign,4
CUST040136,Mass,0.9912753972278568,Critical,1,4185194.88,0,Normal,Automated push notification + email campaign,4
CUST023379,Mass,0.998579836796111,Critical,1,4530178.16,0,Normal,Automated push notification + email campaign,4
CUST042306,Mass,0.9972455648926236,Critical,1,3242344.06,0,Normal,Automated push notification + email campaign,4
CUST045570,Mass,0.9846128759538954,Critical,0,3227228.59,0,Normal,Automated push notification + email campaign,4
CUST006081,Mass,0.9991720430107528,Critical,1,3294193.62,0,Normal,Automated push notification + email campaign,4
CUST000493,Mass,0.9627576434142612,Critical,1,3096413.4,0,Normal,Automated push notification + email campaign,4
CUST015231,Mass,0.9968514957264956,Critical,1,2180408.64,0,Normal,Automated push notification + email campaign,4
CUST008595,Mass,0.9983996983408748,Critical,1,1847294.44,0,Normal,Automated push notification + email campaign,4
CUST044929,Mass,0.9998501070663812,Critical,1,2714581.5,0,Normal,Automated push notification + email campaign,4
CUST048740,Mass,0.9995723292886036,Critical,1,3396495.62,0,Normal,Automated push notification + email campaign,4
CUST021403,Mass,0.9671032636068562,Critical,1,2708945.82,0,Normal,Automated push notification + email campaign,4
CUST044006,Mass,0.7391290329873026,Critical,0,16233820.37,0,Normal,Automated push notification + email campaign,4
CUST046647,Mass,0.9913818513335804,Critical,1,13668511.29,0,Normal,Automated push notification + email campaign,4
CUST039344,Mass,0.993343114999036,Critical,1,1875086.46,0,Normal,Automated push notification + email campaign,4
CUST013675,Mass,0.984958536230595,Critical,1,4858603.57,0,Normal,Automated push notification + email campaign,4
CUST031587,Mass,0.956666444403344,Critical,1,4903289.51,0,Normal,Automated push notification + email campaign,4
CUST016875,Mass,0.9923622963831936,Critical,1,6341588.06,0,Normal,Automated push notification + email campaign,4
CUST001126,Mass,0.9917278138528138,Critical,1,1515464.63,0,Normal,Automated push notification + email campaign,4
CUST029049,Mass,0.7611935539498863,Critical,0,6635810.46,0,Normal,Automated push notification + email campaign,4
CUST024882,Mass,0.9880539991702362,Critical,1,1210069.32,0,Normal,Automated push notification + email campaign,4
CUST023929,Mass,0.9974294871794872,Critical,1,1405130.71,0,Normal,Automated push notification + email campaign,4
CUST049810,Mass,0.9934676719060512,Critical,1,2764131.13,0,Normal,Automated push notification + email campaign,4
CUST024864,Mass,0.9751078307581036,Critical,1,4125737.96,0,Normal,Automated push notification + email campaign,4
CUST005243,Mass,0.9970977011494252,Critical,1,4193489.32,0,Normal,Automated push notification + email campaign,4
CUST034683,Mass,0.967228067189948,Critical,1,1418913.33,0,Normal,Automated push notification + email campaign,4
CUST036072,Mass,0.9973630460956312,Critical,1,3790774.24,0,Normal,Automated push notification + email campaign,4
CUST020831,Mass,0.9995052321446152,Critical,1,6491942.15,0,Normal,Automated push notification + email campaign,4
CUST049909,Mass,0.9781923205399404,Critical,1,2309246.56,0,Normal,Automated push notification + email campaign,4
CUST049232,Mass,0.995154635823114,Critical,1,2003423.33,0,Normal,Automated push notification + email campaign,4
CUST026195,Mass,1.0,Critical,1,1694958.17,0,Normal,Automated push notification + email campaign,4
CUST015289,Mass,0.9961324523029556,Critical,1,4644073.66,0,Normal,Automated push notification + email campaign,4
CUST023522,Mass,0.9986085551823712,Critical,1,5568437.680000001,0,Normal,Automated push notification + email campaign,4
CUST002576,Mass,0.9949729437229438,Critical,1,2914918.17,0,Normal,Automated push notification + email campaign,4
CUST007945,Mass,0.9999734042553192,Critical,1,3122042.79,0,Normal,Automated push notification + email campaign,4
CUST013258,Mass,0.9941881140917904,Critical,1,9269022.38,0,Normal,Automated push notification + email campaign,4
CUST014253,Mass,0.9938641456582632,Critical,1,674157.94,0,Normal,Automated push notification + email campaign,4
CUST004709,Mass,0.9893394607843138,Critical,1,5125853.22,0,Normal,Automated push notification + email campaign,4
CUST026715,Mass,0.9995703445447088,Critical,1,3814650.03,0,Normal,Automated push notification + email campaign,4
CUST012801,Mass,0.9732151717449554,Critical,1,12270588.29,0,Normal,Automated push notification + email campaign,4
CUST033251,Mass,0.9341708810331258,Critical,1,11858274.54,0,Normal,Automated push notification + email campaign,4
CUST037463,Mass,0.9211922706310128,Critical,1,2847780.69,0,Normal,Automated push notification + email campaign,4
CUST045424,Mass,0.9401209519580804,Critical,1,1887694.4,0,Normal,Automated push notification + email campaign,4
CUST031494,Mass,0.9970117810117812,Critical,1,5157271.84,0,Normal,Automated push notification + email campaign,4
CUST043523,Mass,1.0,Critical,1,2094234.23,0,Normal,Automated push notification + email campaign,4
CUST039552,Mass,0.999995183044316,Critical,1,2652254.19,0,Normal,Automated push notification + email campaign,4
CUST025390,Mass,0.9863250757238182,Critical,1,3931942.93,0,Normal,Automated push notification + email campaign,4
CUST038855,Mass,0.9890276506161372,Critical,1,3664431.83,0,Normal,Automated push notification + email campaign,4
CUST039452,Mass,0.9966839456705786,Critical,1,2693160.22,0,Normal,Automated push notification + email campaign,4
CUST003293,Mass,0.9797050901193448,Critical,1,4106409.08,0,Normal,Automated push notification + email campaign,4
CUST027292,Mass,0.7472830656171447,Critical,1,1995316.89,0,Normal,Automated push notification + email campaign,4
CUST041814,Mass,0.999961169438874,Critical,1,4181852.9,0,Normal,Automated push notification + email campaign,4
CUST007017,Mass,0.7128391598532149,Critical,1,5782529.260000001,0,Normal,Automated push notification + email campaign,4
CUST021205,Mass,0.9991176470588234,Critical,1,730272.35,0,Normal,Automated push notification + email campaign,4
CUST042587,Mass,0.7349254309027005,Critical,0,6295936.42,0,Normal,Automated push notification + email campaign,4
CUST022532,Mass,0.9995454545454544,Critical,1,3119311.51,0,Normal,Automated push notification + email campaign,4
CUST009150,Mass,0.994486000841264,Critical,0,6002818.76,0,Normal,Automated push notification + email campaign,4
CUST010721,Mass,0.9992582417582416,Critical,1,2199274.66,0,Normal,Automated push notification + email campaign,4
CUST010897,Mass,0.9851913362337824,Critical,1,3352990.69,0,Normal,Automated push notification + email campaign,4
CUST020850,Mass,0.993172586690918,Critical,1,5076947.48,0,Normal,Automated push notification + email campaign,4
CUST046529,Mass,0.9984718137254902,Critical,1,2247521.83,0,Normal,Automated push notification + email campaign,4
CUST041499,Mass,0.9995011446886448,Critical,1,6365004.49,0,Normal,Automated push notification + email campaign,4
CUST042904,Mass,0.9636132331080014,Critical,1,4728991.53,0,Normal,Automated push notification + email campaign,4
CUST029012,Mass,0.9912299223764742,Critical,1,5109458.44,0,Normal,Automated push notification + email campaign,4
CUST013170,Mass,0.9417384286040452,Critical,1,2429360.96,0,Normal,Automated push notification + email campaign,4
CUST005143,Mass,0.998374741200828,Critical,1,1494762.27,0,Normal,Automated push notification + email campaign,4
CUST009314,Mass,0.9917302907066856,Critical,1,6680485.449999999,0,Normal,Automated push notification + email campaign,4
CUST047569,Mass,0.9867431856398964,Critical,1,13648287.49,0,Normal,Automated push notification + email campaign,4
CUST023209,Mass,0.7115248666524618,Critical,0,3106173.9,0,Normal,Automated push notification + email campaign,4
CUST016693,Mass,0.7889884242273947,Critical,1,4211625.73,0,Normal,Automated push notification + email campaign,4
CUST008331,Mass,0.9978472222222224,Critical,1,4405591.19,0,Normal,Automated push notification + email campaign,4
CUST009663,Mass,0.9993498452012384,Critical,1,2379607.04,0,Normal,Automated push notification + email campaign,4
CUST038444,Mass,0.9310313336091032,Critical,1,6932846.49,0,Normal,Automated push notification + email campaign,4
CUST010213,Mass,0.958320680158335,Critical,1,2276196.25,0,Normal,Automated push notification + email campaign,4
CUST010299,Mass,0.7293987516921147,Critical,0,3297937.46,0,Normal,Automated push notification + email campaign,4
CUST034283,Mass,0.9734220297923162,Critical,1,644924.58,0,Normal,Automated push notification + email campaign,4
CUST032712,Mass,0.9991343848575218,Critical,1,5166657.600000001,0,Normal,Automated push notification + email campaign,4
CUST033644,Mass,0.9937126816538582,Critical,1,2263141.42,0,Normal,Automated push notification + email campaign,4
CUST044832,Mass,0.9981309045086448,Critical,1,4578708.21,0,Normal,Automated push notification + email campaign,4
CUST035850,Mass,0.9764101601458386,Critical,1,6337247.43,0,Normal,Automated push notification + email campaign,4
CUST039494,Mass,1.0,Critical,1,2395563.91,0,Normal,Automated push notification + email campaign,4
CUST012135,Mass,0.9893928571428572,Critical,1,5471799.86,0,Normal,Automated push notification + email campaign,4
CUST021780,Mass,0.9878940093389256,Critical,1,3037278.04,0,Normal,Automated push notification + email campaign,4
CUST042088,Mass,0.9996428571428572,Critical,1,1197836.85,0,Normal,Automated push notification + email campaign,4
CUST009266,Mass,0.9827106138508036,Critical,1,3895840.85,0,Normal,Automated push notification + email campaign,4
CUST039251,Mass,0.991141725921138,Critical,1,1629722.95,0,Normal,Automated push notification + email campaign,4
CUST046055,Mass,0.9961309523809524,Critical,1,2821642.0300000003,0,Normal,Automated push notification + email campaign,4
CUST003635,Mass,0.9935076746310734,Critical,1,4493392.15,0,Normal,Automated push notification + email campaign,4
CUST033676,Mass,0.9884749132547934,Critical,1,3163812.73,0,Normal,Automated push notification + email campaign,4
CUST022461,Mass,0.965123726484477,Critical,1,3281510.91,0,Normal,Automated push notification + email campaign,4
CUST014097,Mass,0.9972779495798229,Critical,1,5296302.76,0,Normal,Automated push notification + email campaign,4
CUST029737,Mass,0.9813063529607648,Critical,1,5355736.04,0,Normal,Automated push notification + email campaign,4
CUST010750,Mass,0.9929017857142856,Critical,1,9502027.83,0,Normal,Automated push notification + email campaign,4
CUST002802,Mass,0.9625137424963488,Critical,1,6207817.17,0,Normal,Automated push notification + email campaign,4
CUST039127,Mass,0.9897697221159704,Critical,1,4754907.06,0,Normal,Automated push notification + email campaign,4
CUST007955,Mass,0.995950739325424,Critical,1,3773729.54,0,Normal,Automated push notification + email campaign,4
CUST000343,Mass,0.9995833333333332,Critical,1,462046.58,0,Normal,Automated push notification + email campaign,4
CUST012964,Mass,0.9885665492482976,Critical,1,7049864.53,0,Normal,Automated push notification + email campaign,4
CUST026086,Mass,0.9864948069097474,Critical,1,2517005.44,0,Normal,Automated push notification + email campaign,4
CUST023149,Mass,0.996200418984846,Critical,1,4105743.19,0,Normal,Automated push notification + email campaign,4
CUST033519,Mass,0.991650127419601,Critical,1,3925147.08,0,Normal,Automated push notification + email campaign,4
CUST021097,Mass,0.9972401960784316,Critical,1,2608401.32,0,Normal,Automated push notification + email campaign,4
CUST036040,Mass,0.9950243233706616,Critical,1,5575342.35,0,Normal,Automated push notification + email campaign,4
CUST000802,Mass,0.997647124225104,Critical,1,3015590.18,0,Normal,Automated push notification + email campaign,4
CUST037697,Mass,0.9804722463034322,Critical,1,2292346.22,0,Normal,Automated push notification + email campaign,4
CUST043165,Mass,0.9987727272727271,Critical,1,3704500.25,0,Normal,Automated push notification + email campaign,4
CUST047744,Mass,0.9903334585647766,Critical,1,2955221.68,0,Normal,Automated push notification + email campaign,4
CUST006017,Mass,0.968186175982502,Critical,1,6068438.04,0,Normal,Automated push notification + email campaign,4
CUST024408,Mass,0.9902246878801356,Critical,0,7262006.01,0,Normal,Automated push notification + email campaign,4
CUST002296,Mass,0.9961195286195286,Critical,1,1711047.1700000002,0,Normal,Automated push notification + email campaign,4
CUST012081,Mass,0.9930483561845792,Critical,1,5349219.65,0,Normal,Automated push notification + email campaign,4
CUST047230,Mass,0.9832291889369136,Critical,1,2335935.34,0,Normal,Automated push notification + email campaign,4
CUST042487,Mass,0.7471237740862727,Critical,0,3160819.67,0,Normal,Automated push notification + email campaign,4
CUST002041,Mass,0.9999659863945578,Critical,1,2481246.58,0,Normal,Automated push notification + email campaign,4
CUST047050,Mass,0.998451951951952,Critical,1,5093906.73,0,Normal,Automated push notification + email campaign,4
CUST043420,Mass,0.9919064399051242,Critical,1,6135607.33,0,Normal,Automated push notification + email campaign,4
CUST030484,Mass,0.990291803677993,Critical,1,5527122.87,0,Normal,Automated push notification + email campaign,4
CUST008859,Mass,0.9864240884791342,Critical,1,2230760.39,0,Normal,Automated push notification + email campaign,4
CUST002813,Mass,0.9720218643528736,Critical,1,7795689.8,0,Normal,Automated push notification + email campaign,4
CUST002700,Mass,0.9983600653757722,Critical,1,3080173.04,0,Normal,Automated push notification + email campaign,4
CUST016788,Mass,0.9436491433022268,Critical,1,5781111.73,0,Normal,Automated push notification + email campaign,4
CUST042027,Mass,0.9801433661269172,Critical,1,2505768.44,0,Normal,Automated push notification + email campaign,4
CUST036115,Mass,0.975641243054904,Critical,1,9389744.88,0,Normal,Automated push notification + email campaign,4
CUST008917,Mass,0.9758606954182432,Critical,1,1553168.36,0,Normal,Automated push notification + email campaign,4
CUST048007,Mass,0.979565560267485,Critical,1,6395388.26,0,Normal,Automated push notification + email campaign,4
CUST000580,Mass,0.9995474817881228,Critical,1,4124734.28,0,Normal,Automated push notification + email campaign,4
CUST045505,Mass,0.9782266784527668,Critical,1,7176809.22,0,Normal,Automated push notification + email campaign,4
CUST045268,Mass,0.992686187447268,Critical,1,4221744.7,0,Normal,Automated push notification + email campaign,4
CUST041288,Mass,0.9950537406916368,Critical,1,4229962.77,0,Normal,Automated push notification + email campaign,4
CUST027312,Mass,0.9888502901891968,Critical,1,2862738.26,0,Normal,Automated push notification + email campaign,4
CUST008839,Mass,0.9770281659937742,Critical,1,7748898.859999999,0,Normal,Automated push notification + email campaign,4
CUST008159,Mass,0.738905842498361,Critical,0,2883040.22,0,Normal,Automated push notification + email campaign,4
CUST040618,Mass,0.9973100490196078,Critical,1,2597513.0900000003,0,Normal,Automated push notification + email campaign,4
CUST045695,Mass,0.9677480711531804,Critical,1,6161073.89,0,Normal,Automated push notification + email campaign,4
CUST040093,Mass,0.9981985294117648,Critical,1,963928.03,0,Normal,Automated push notification + email campaign,4
CUST012669,Mass,0.981623826119534,Critical,1,1845461.47,0,Normal,Automated push notification + email campaign,4
CUST008874,Mass,0.9980833333333332,Critical,1,1039347.84,0,Normal,Automated push notification + email campaign,4
CUST036290,Mass,0.9806743241963168,Critical,1,4339149.22,0,Normal,Automated push notification + email campaign,4
CUST040643,Mass,0.9938092731829572,Critical,1,1980023.32,0,Normal,Automated push notification + email campaign,4
CUST017875,Mass,0.9427289681769844,Critical,1,2448451.71,0,Normal,Automated push notification + email campaign,4
CUST032799,Mass,0.9974256822612084,Critical,1,3422589.4,0,Normal,Automated push notification + email campaign,4
CUST004010,Mass,0.9865376785404314,Critical,1,3704877.6800000006,0,Normal,Automated push notification + email campaign,4
CUST041897,Mass,1.0,Critical,1,5612590.53,0,Normal,Automated push notification + email campaign,4
CUST025288,Mass,0.7302814266168935,Critical,0,7343067.49,0,Normal,Automated push notification + email campaign,4
CUST017327,Mass,0.9903119042204406,Critical,1,6239297.25,0,Normal,Automated push notification + email campaign,4
CUST024169,Mass,0.9832129096206176,Critical,1,3353067.65,0,Normal,Automated push notification + email campaign,4
CUST045106,Mass,0.9959836601307188,Critical,1,5731341.65,0,Normal,Automated push notification + email campaign,4
CUST015144,Mass,0.9792451048979453,Critical,1,2446211.13,0,Normal,Automated push notification + email campaign,4
CUST024108,Mass,0.9974166666666668,Critical,1,1654718.38,0,Normal,Automated push notification + email campaign,4
CUST046418,Mass,0.99071512591086,Critical,1,7143527.73,0,Normal,Automated push notification + email campaign,4
CUST009863,Mass,0.9961537982815386,Critical,1,4643566.34,0,Normal,Automated push notification + email campaign,4
CUST002835,Mass,0.990571155313032,Critical,1,7102086.959999999,0,Normal,Automated push notification + email campaign,4
CUST024491,Mass,0.9121810299045195,Critical,0,19051634.35,0,Normal,Automated push notification + email campaign,4
CUST004402,Mass,0.9666034279136734,Critical,1,2071205.05,0,Normal,Automated push notification + email campaign,4
CUST048524,Mass,0.9703223671515796,Critical,1,8190386.960000001,0,Normal,Automated push notification + email campaign,4
CUST046890,Mass,0.9536378408171396,Critical,1,9062110.38,0,Normal,Automated push notification + email campaign,4
CUST019438,Mass,0.9980859299023612,Critical,1,6297935.79,0,Normal,Automated push notification + email campaign,4
CUST015670,Mass,0.9669114769654438,Critical,1,1913889.16,0,Normal,Automated push notification + email campaign,4
CUST039236,Mass,1.0,Critical,1,1313752.93,0,Normal,Automated push notification + email campaign,4
CUST024999,Mass,0.9993361694388738,Critical,1,3518356.27,0,Normal,Automated push notification + email campaign,4
CUST029197,Mass,0.9796724753341136,Critical,1,13063736.39,0,Normal,Automated push notification + email campaign,4
CUST021093,Mass,0.9732023022234852,Critical,1,1169351.6900000002,0,Normal,Automated push notification + email campaign,4
CUST017418,Mass,0.9927978199718706,Critical,1,4343904.6,0,Normal,Automated push notification + email campaign,4
CUST048428,Mass,0.986830036363434,Critical,1,3774290.74,0,Normal,Automated push notification + email campaign,4
CUST034112,Mass,0.9959116467073386,Critical,1,8929960.45,0,Normal,Automated push notification + email campaign,4
CUST027850,Mass,0.9997222222222224,Critical,1,1251012.27,0,Normal,Automated push notification + email campaign,4
CUST011034,Mass,0.9893002004038154,Critical,1,1092883.35,0,Normal,Automated push notification + email campaign,4
CUST011889,Mass,0.9914769056558792,Critical,1,2224848.5,0,Normal,Automated push notification + email campaign,4
CUST028239,Mass,0.9940376984126986,Critical,1,2547068.48,0,Normal,Automated push notification + email campaign,4
CUST041925,Mass,0.9969075868983956,Critical,1,2927050.35,0,Normal,Automated push notification + email campaign,4
CUST025747,Mass,0.9858734110392152,Critical,1,2938909.55,0,Normal,Automated push notification + email campaign,4
CUST016372,Mass,0.9631135314966562,Critical,1,2023957.66,0,Normal,Automated push notification + email campaign,4
CUST001471,Mass,0.9841908470625635,Critical,1,2529555.41,0,Normal,Automated push notification + email campaign,4
CUST046661,Mass,0.7403891060870349,Critical,0,4261851.61,0,Normal,Automated push notification + email campaign,4
CUST047272,Mass,0.9854864302126646,Critical,1,4981142.02,0,Normal,Automated push notification + email campaign,4
CUST030697,Mass,0.9925826465201466,Critical,1,3098164.31,0,Normal,Automated push notification + email campaign,4
CUST038971,Mass,0.9928495115995116,Critical,1,3664984.22,0,Normal,Automated push notification + email campaign,4
CUST029427,Mass,0.9815667781703504,Critical,1,4701614.25,0,Normal,Automated push notification + email campaign,4
CUST029653,Mass,1.0,Critical,1,1378194.01,0,Normal,Automated push notification + email campaign,4
CUST022128,Mass,0.7377357865225181,Critical,1,6169616.78,0,Normal,Automated push notification + email campaign,4
CUST029022,Mass,0.9966537982815384,Critical,1,3612416.47,0,Normal,Automated push notification + email campaign,4
CUST045324,Mass,0.9788182137804562,Critical,1,2074893.29,0,Normal,Automated push notification + email campaign,4
CUST048313,Mass,0.9956543156253592,Critical,1,3401030.2,0,Normal,Automated push notification + email campaign,4
CUST043279,Mass,0.9949343454715128,Critical,1,3599190.2,0,Normal,Automated push notification + email campaign,4
CUST002204,Mass,0.9985028846153844,Critical,1,3722846.12,0,Normal,Automated push notification + email campaign,4
CUST020778,Mass,0.7231707905514032,Critical,1,7392298.88,0,Normal,Automated push notification + email campaign,4
CUST033612,Mass,0.9783922531024816,Critical,1,1997205.24,0,Normal,Automated push notification + email campaign,4
CUST024534,Mass,0.9879687567334624,Critical,1,1943795.54,0,Normal,Automated push notification + email campaign,4
CUST020394,Mass,0.9863433813348672,Critical,1,2126124.0300000003,0,Normal,Automated push notification + email campaign,4
CUST029365,Mass,0.9830508695918684,Critical,1,2467368.89,0,Normal,Automated push notification + email campaign,4
CUST020021,Mass,0.9935927858275424,Critical,1,6262512.44,0,Normal,Automated push notification + email campaign,4
CUST016664,Mass,0.9950989522417154,Critical,1,5230372.66,0,Normal,Automated push notification + email campaign,4
CUST023832,Mass,0.9763786399669232,Critical,1,1655406.2,0,Normal,Automated push notification + email campaign,4
CUST012578,Mass,0.9927399437016152,Critical,1,3164735.89,0,Normal,Automated push notification + email campaign,4
CUST041887,Mass,0.982368244998426,Critical,1,3249378.61,0,Normal,Automated push notification + email campaign,4
CUST045796,Mass,0.9949462481962482,Critical,1,4141485.93,0,Normal,Automated push notification + email campaign,4
CUST004655,Mass,0.9413360631668212,Critical,1,2265657.14,0,Normal,Automated push notification + email campaign,4
CUST009545,Mass,0.9936676620738848,Critical,1,1821046.9,0,Normal,Automated push notification + email campaign,4
CUST039753,Mass,0.9888009687137608,Critical,1,5635872.63,0,Normal,Automated push notification + email campaign,4
CUST020628,Mass,0.9959880991410625,Critical,1,6180688.94,0,Normal,Automated push notification + email campaign,4
CUST046881,Mass,0.9734320606330356,Critical,1,2137763.36,0,Normal,Automated push notification + email campaign,4
CUST012058,Mass,0.9639089847895724,Critical,1,6410228.36,0,Normal,Automated push notification + email campaign,4
CUST031409,Mass,0.9970670995670996,Critical,1,6735664.8,0,Normal,Automated push notification + email campaign,4
CUST038714,Mass,0.712214330048469,Critical,1,5083670.04,0,Normal,Automated push notification + email campaign,4
CUST017209,Mass,0.9965134803921568,Critical,1,1680652.92,0,Normal,Automated push notification + email campaign,4
CUST018920,Mass,0.981113847710597,Critical,1,3470957.55,0,Normal,Automated push notification + email campaign,4
CUST046095,Mass,0.9915894252628588,Critical,1,1517682.37,0,Normal,Automated push notification + email campaign,4
CUST042869,Mass,0.9853624850525008,Critical,1,4039538.26,0,Normal,Automated push notification + email campaign,4
CUST036543,Mass,0.9537397015868712,Critical,1,1251477.4500000002,0,Normal,Automated push notification + email campaign,4
CUST043651,Mass,0.9607526841127272,Critical,1,5633382.82,1,Other anomaly,Automated push notification + email campaign,4
CUST028921,Mass,0.7197674949532487,Critical,0,7587524.23,0,Normal,Automated push notification + email campaign,4
CUST037411,Mass,0.9972973684210524,Critical,1,1195634.09,0,Normal,Automated push notification + email campaign,4
CUST003410,Mass,0.9740214826312495,Critical,1,2097294.98,0,Normal,Automated push notification + email campaign,4
CUST046308,Mass,0.9874958843186395,Critical,1,1140193.55,0,Normal,Automated push notification + email campaign,4
CUST010178,Mass,1.0,Critical,1,1896488.0,0,Normal,Automated push notification + email campaign,4
CUST015236,Mass,0.9927761550240268,Critical,1,2302047.3,0,Normal,Automated push notification + email campaign,4
CUST020972,Mass,0.9942307692307693,Critical,1,7976437.109999999,0,Normal,Automated push notification + email campaign,4
CUST031115,Mass,0.9922022893772894,Critical,1,1368508.28,0,Normal,Automated push notification + email campaign,4
CUST045210,Mass,0.988486111111111,Critical,1,3765861.65,0,Normal,Automated push notification + email campaign,4
CUST001111,Mass,0.9893060789972556,Critical,1,2071361.61,0,Normal,Automated push notification + email campaign,4
CUST048506,Mass,0.9998214285714286,Critical,1,3614988.51,0,Normal,Automated push notification + email campaign,4
CUST010749,Mass,0.9487879277111452,Critical,1,3956899.34,0,Normal,Automated push notification + email campaign,4
CUST043843,Mass,0.9933880401871732,Critical,1,2728761.0700000003,0,Normal,Automated push notification + email campaign,4
CUST037962,Mass,0.9720640989976336,Critical,1,2814368.18,0,Normal,Automated push notification + email campaign,4
CUST032629,Mass,0.7355322302245394,Critical,1,8851891.32,0,Normal,Automated push notification + email campaign,4
CUST034216,Mass,0.9898200675372716,Critical,1,3063164.72,0,Normal,Automated push notification + email campaign,4
CUST002868,Mass,0.9954621848739496,Critical,1,2875662.95,0,Normal,Automated push notification + email campaign,4
CUST005621,Mass,0.9850011410193954,Critical,1,4915303.359999999,0,Normal,Automated push notification + email campaign,4
CUST007028,Mass,0.9878407587782588,Critical,1,8096405.0,0,Normal,Automated push notification + email campaign,4
CUST007019,Mass,0.9961522343263672,Critical,1,6903876.93,0,Normal,Automated push notification + email campaign,4
CUST018623,Mass,0.9952215909090908,Critical,1,2790838.95,0,Normal,Automated push notification + email campaign,4
CUST037774,Mass,0.996124787305849,Critical,1,8052232.38,0,Normal,Automated push notification + email campaign,4
CUST027905,Mass,0.7013254294292216,Critical,1,4901709.53,0,Normal,Automated push notification + email campaign,4
CUST026564,Mass,0.9751599708110534,Critical,1,5551778.03,0,Normal,Automated push notification + email campaign,4
CUST038768,Mass,0.9971470588235296,Critical,1,2843767.17,0,Normal,Automated push notification + email campaign,4
CUST034431,Mass,0.996269993894994,Critical,1,1545967.0299999998,1,Other anomaly,Automated push notification + email campaign,4
CUST039413,Mass,0.9442800096398248,Critical,1,1960146.39,0,Normal,Automated push notification + email campaign,4
CUST025795,Mass,0.7035810403867084,Critical,1,4232583.96,0,Normal,Automated push notification + email campaign,4
CUST033104,Mass,0.7607426361792866,Critical,0,4945952.86,0,Normal,Automated push notification + email campaign,4
CUST031793,Mass,0.9989572192513368,Critical,1,1377152.33,0,Normal,Automated push notification + email campaign,4
CUST002186,Mass,0.9919341151792525,Critical,1,2014589.19,0,Normal,Automated push notification + email campaign,4
CUST030247,Mass,0.9576125919355326,Critical,1,6299609.47,0,Normal,Automated push notification + email campaign,4
CUST003737,Mass,0.7345864624958355,Critical,0,2537589.56,0,Normal,Automated push notification + email campaign,4
CUST043212,Mass,0.9992234714761272,Critical,1,3989999.62,0,Normal,Automated push notification + email campaign,4
CUST001719,Mass,0.9826914192532616,Critical,1,4391880.35,0,Normal,Automated push notification + email campaign,4
CUST008771,Mass,0.977046858682573,Critical,1,2689866.17,0,Normal,Automated push notification + email campaign,4
CUST038208,Mass,0.746953543088432,Critical,1,3328184.45,0,Normal,Automated push notification + email campaign,4
CUST019893,Mass,0.996346889952153,Critical,1,6583819.5200000005,0,Normal,Automated push notification + email campaign,4
CUST003945,Mass,0.9991452991452991,Critical,1,4733024.43,0,Normal,Automated push notification + email campaign,4
CUST029213,Mass,0.9853075830249604,Critical,1,3273099.1300000004,0,Normal,Automated push notification + email campaign,4
CUST006227,Mass,0.9557633814098392,Critical,1,7729573.94,0,Normal,Automated push notification + email campaign,4
CUST012659,Mass,0.9792914877378158,Critical,1,5009824.220000001,0,Normal,Automated push notification + email campaign,4
CUST037981,Mass,0.9925370193531958,Critical,1,4247154.46,0,Normal,Automated push notification + email campaign,4
CUST009331,Mass,0.9819384967925036,Critical,1,3903396.06,0,Normal,Automated push notification + email campaign,4
CUST008843,Mass,0.9942345374931584,Critical,1,2394009.56,0,Normal,Automated push notification + email campaign,4
CUST009152,Mass,0.9770801783261612,Critical,1,6503755.15,0,Normal,Automated push notification + email campaign,4
CUST019863,Mass,0.9975904977375566,Critical,1,3345009.49,0,Normal,Automated push notification + email campaign,4
CUST003516,Mass,0.991962034639292,Critical,1,4064758.74,0,Normal,Automated push notification + email campaign,4
CUST045804,Mass,0.9991176470588234,Critical,1,2245258.48,0,Normal,Automated push notification + email campaign,4
CUST004241,Mass,0.97571882974419,Critical,1,6041617.99,0,Normal,Automated push notification + email campaign,4
CUST048749,Mass,0.997797619047619,Critical,1,1110097.73,0,Normal,Automated push notification + email campaign,4
CUST032449,Mass,0.9957430317819562,Critical,1,4857095.3,0,Normal,Automated push notification + email campaign,4
CUST046307,Mass,0.9802934853857052,Critical,1,8305744.27,0,Normal,Automated push notification + email campaign,4
CUST022407,Mass,0.999921875,Critical,1,2497889.13,0,Normal,Automated push notification + email campaign,4
CUST042412,Mass,0.9795723891291656,Critical,1,2128092.13,0,Normal,Automated push notification + email campaign,4
CUST001937,Mass,0.9976923076923078,Critical,1,3670361.01,0,Normal,Automated push notification + email campaign,4
CUST002807,Mass,0.998102661917902,Critical,1,4088206.1,0,Normal,Automated push notification + email campaign,4
CUST033966,Mass,0.999642857142857,Critical,1,1252648.21,0,Normal,Automated push notification + email campaign,4
CUST019245,Mass,0.9967773109243696,Critical,1,3256032.17,0,Normal,Automated push notification + email campaign,4
CUST026840,Mass,0.9911813634204936,Critical,1,3113628.42,0,Normal,Automated push notification + email campaign,4
CUST043286,Mass,1.0,Critical,1,1250418.6,0,Normal,Automated push notification + email campaign,4
CUST005186,Mass,0.9836558982683984,Critical,1,8606285.25,0,Normal,Automated push notification + email campaign,4
CUST023527,Mass,0.9982737520128824,Critical,1,1739764.27,0,Normal,Automated push notification + email campaign,4
CUST045224,Mass,0.9994402173913044,Critical,1,2944599.42,0,Normal,Automated push notification + email campaign,4
CUST010173,Mass,0.9997368421052631,Critical,1,1691734.25,0,Normal,Automated push notification + email campaign,4
CUST002405,Mass,0.9874157688949788,Critical,1,3818369.57,0,Normal,Automated push notification + email campaign,4
CUST026481,Mass,0.9718742013661428,Critical,1,8864519.16,0,Normal,Automated push notification + email campaign,4
CUST049627,Mass,0.9801156880480306,Critical,1,8556974.73,0,Normal,Automated push notification + email campaign,4
CUST021877,Mass,0.9801354589629804,Critical,1,3540509.39,0,Normal,Automated push notification + email campaign,4
CUST003990,Mass,0.970641706745226,Critical,1,7367413.119999999,0,Normal,Automated push notification + email campaign,4
CUST039101,Mass,0.9857868906455864,Critical,1,2830039.3800000004,0,Normal,Automated push notification + email campaign,4
CUST024841,Mass,0.7739569323905567,Critical,1,5799967.55,0,Normal,Automated push notification + email campaign,4
CUST025618,Mass,0.9999738219895288,Critical,1,3121953.24,0,Normal,Automated push notification + email campaign,4
CUST039856,Mass,0.9757327338751126,Critical,1,6213809.16,0,Normal,Automated push notification + email campaign,4
CUST004664,Mass,0.999682683044316,Critical,1,4460178.73,0,Normal,Automated push notification + email campaign,4
CUST013511,Mass,0.9875046607178868,Critical,1,2665179.23,0,Normal,Automated push notification + email campaign,4
CUST024872,Mass,0.999388888888889,Critical,1,1140268.43,0,Normal,Automated push notification + email campaign,4
CUST003021,Mass,0.780695839759375,Critical,0,5377448.51,0,Normal,Automated push notification + email campaign,4
CUST006909,Mass,0.9999659863945578,Critical,1,1595208.75,0,Normal,Automated push notification + email campaign,4
CUST026584,Mass,0.999995183044316,Critical,1,3739206.41,0,Normal,Automated push notification + email campaign,4
CUST009584,Mass,0.984427281392355,Critical,1,5717152.52,0,Normal,Automated push notification + email campaign,4
CUST000860,Mass,0.9973852929344258,Critical,1,3285791.57,0,Normal,Automated push notification + email campaign,4
CUST005199,Mass,0.9607038718887706,Critical,1,2227279.12,0,Normal,Automated push notification + email campaign,4
CUST037400,Mass,0.990095695970696,Critical,1,7897126.92,0,Normal,Automated push notification + email campaign,4
CUST021043,Mass,0.9737589155027834,Critical,1,2976969.11,0,Normal,Automated push notification + email campaign,4
CUST044770,Mass,0.998332717401634,Critical,1,4129610.74,0,Normal,Automated push notification + email campaign,4
CUST030933,Mass,0.9885318546496882,Critical,1,1494370.2200000002,0,Normal,Automated push notification + email campaign,4
CUST007947,Mass,0.9942870973420176,Critical,1,3880475.9,0,Normal,Automated push notification + email campaign,4
CUST041396,Mass,0.9985714285714288,Critical,1,2982983.56,0,Normal,Automated push notification + email campaign,4
CUST012809,Mass,0.9984926470588236,Critical,1,2296964.09,0,Normal,Automated push notification + email campaign,4
CUST043234,Mass,0.9989166666666668,Critical,1,2577057.41,0,Normal,Automated push notification + email campaign,4
CUST026473,Mass,0.9859767758113348,Critical,1,1383667.19,0,Normal,Automated push notification + email campaign,4
CUST013958,Mass,0.9994444444444444,Critical,1,2983579.34,0,Normal,Automated push notification + email campaign,4
CUST011357,Mass,0.9896706162874506,Critical,1,1257250.16,0,Normal,Automated push notification + email campaign,4
CUST033040,Mass,0.99745866706393,Critical,1,1169837.57,0,Normal,Automated push notification + email campaign,4
CUST033057,Mass,0.9943628091646824,Critical,1,3481979.14,0,Normal,Automated push notification + email campaign,4
CUST008138,Mass,0.9915099589093396,Critical,1,2453399.89,0,Normal,Automated push notification + email campaign,4
CUST017276,Mass,0.9974722222222222,Critical,1,2855794.4,0,Normal,Automated push notification + email campaign,4
CUST046883,Mass,0.9768469966026324,Critical,1,5470417.31,0,Normal,Automated push notification + email campaign,4
CUST015613,Mass,0.9968104613332786,Critical,1,5266593.74,0,Normal,Automated push notification + email campaign,4
CUST000250,Mass,0.9897883851411708,Critical,1,4055868.0,0,Normal,Automated push notification + email campaign,4
CUST027862,Mass,0.9949578952927968,Critical,1,3633079.62,0,Normal,Automated push notification + email campaign,4
CUST017576,Mass,0.7057880126154406,Critical,1,11962226.29,0,Normal,Automated push notification + email campaign,4
CUST022476,Mass,0.9911586321573164,Critical,1,1594753.0599999998,0,Normal,Automated push notification + email campaign,4
CUST028297,Mass,0.9964351851851851,Critical,1,2185424.35,0,Normal,Automated push notification + email campaign,4
CUST019651,Mass,1.0,Critical,1,1847942.93,0,Normal,Automated push notification + email campaign,4
CUST029735,Mass,0.9694496586486844,Critical,1,3128913.29,0,Normal,Automated push notification + email campaign,4
CUST047795,Mass,0.98929138457891,Critical,1,10083477.67,0,Normal,Automated push notification + email campaign,4
CUST039788,Mass,0.9878878098022836,Critical,1,4827715.01,0,Normal,Automated push notification + email campaign,4
CUST045734,Mass,0.9915183802734632,Critical,1,2701558.62,0,Normal,Automated push notification + email campaign,4
CUST033407,Mass,0.9920027234277766,Critical,1,3198192.0300000003,0,Normal,Automated push notification + email campaign,4
CUST032266,Mass,0.9902236091755128,Critical,1,5640066.38,0,Normal,Automated push notification + email campaign,4
CUST017782,Mass,0.9914377705627706,Critical,1,2280090.0500000003,0,Normal,Automated push notification + email campaign,4
CUST002803,Mass,0.9957657266480796,Critical,1,1421906.48,0,Normal,Automated push notification + email campaign,4
CUST017862,Mass,0.9720319717988516,Critical,1,11372871.89,0,Normal,Automated push notification + email campaign,4
CUST015212,Mass,0.999995183044316,Critical,1,3240927.18,0,Normal,Automated push notification + email campaign,4
CUST039296,Mass,0.9903547849209616,Critical,1,1527482.11,0,Normal,Automated push notification + email campaign,4
CUST044679,Mass,0.9974017379679144,Critical,1,2489220.22,0,Normal,Automated push notification + email campaign,4
CUST018626,Mass,0.9544511055092992,Critical,1,4281679.08,0,Normal,Automated push notification + email campaign,4
CUST040223,Mass,0.7077379956830786,Critical,0,5253678.98,0,Normal,Automated push notification + email campaign,4
CUST011029,Mass,0.9930714570385174,Critical,1,2555987.75,0,Normal,Automated push notification + email campaign,4
CUST025625,Mass,0.9943215402102872,Critical,1,1997718.81,0,Normal,Automated push notification + email campaign,4
CUST048665,Mass,0.7003158842961562,Critical,0,9780757.54,0,Normal,Automated push notification + email campaign,4
CUST000506,Mass,0.7128827551425558,Critical,1,3154471.42,0,Normal,Automated push notification + email campaign,4
CUST009498,Mass,0.96134915890678,Critical,1,3670732.92,0,Normal,Automated push notification + email campaign,4
CUST017677,Mass,0.999995183044316,Critical,1,4303003.58,0,Normal,Automated push notification + email campaign,4
CUST035537,Mass,0.7064603107811663,Critical,0,3185173.64,0,Normal,Automated push notification + email campaign,4
CUST007133,Mass,0.9934849666587282,Critical,1,3510327.9,0,Normal,Automated push notification + email campaign,4
CUST040685,Mass,0.9986162853250116,Critical,1,6386834.73,0,Normal,Automated push notification + email campaign,4
CUST014846,Mass,0.9457083292970648,Critical,1,3406629.9,0,Normal,Automated push notification + email campaign,4
CUST026089,Mass,0.7359735066727444,Critical,1,8024743.76,0,Normal,Automated push notification + email campaign,4
CUST013594,Mass,0.9937652445593622,Critical,1,2648316.87,0,Normal,Automated push notification + email campaign,4
CUST016819,Mass,0.992946434267487,Critical,1,3255613.17,0,Normal,Automated push notification + email campaign,4
CUST040779,Mass,0.9913713275264872,Critical,1,5094829.66,0,Normal,Automated push notification + email campaign,4
CUST012508,Mass,0.9979091998851334,Critical,1,3271276.69,0,Normal,Automated push notification + email campaign,4
CUST038209,Mass,0.9994117647058824,Critical,1,984947.74,0,Normal,Automated push notification + email campaign,4
CUST037027,Mass,0.7275514993449866,Critical,0,5655242.12,0,Normal,Automated push notification + email campaign,4
CUST046995,Mass,1.0,Critical,1,2469954.12,0,Normal,Automated push notification + email campaign,4
CUST011837,Mass,0.9984444444444444,Critical,1,1419826.62,0,Normal,Automated push notification + email campaign,4
CUST037211,Mass,0.988376578701656,Critical,1,939058.08,0,Normal,Automated push notification + email campaign,4
CUST014088,Mass,0.9982037037037036,Critical,1,2422020.14,0,Normal,Automated push notification + email campaign,4
CUST044959,Mass,0.9991666666666664,Critical,1,2537638.61,0,Normal,Automated push notification + email campaign,4
CUST028901,Mass,0.9914707460811668,Critical,1,1812877.93,1,Other anomaly,Automated push notification + email campaign,4
CUST049147,Mass,0.9970588235294118,Critical,1,2752850.2,0,Normal,Automated push notification + email campaign,4
CUST027947,Mass,0.9786274091324798,Critical,1,4722257.24,0,Normal,Automated push notification + email campaign,4
CUST021307,Mass,0.9789200419036476,Critical,1,6204566.239999999,0,Normal,Automated push notification + email campaign,4
CUST021790,Mass,0.992346523890927,Critical,1,4053794.52,0,Normal,Automated push notification + email campaign,4
CUST026006,Mass,0.9962083978328172,Critical,1,1734538.1,0,Normal,Automated push notification + email campaign,4
CUST010842,Mass,0.998282738095238,Critical,1,3461180.88,0,Normal,Automated push notification + email campaign,4
CUST029516,Mass,0.9753521092955606,Critical,1,2063623.92,0,Normal,Automated push notification + email campaign,4
CUST006864,Mass,0.9992105263157894,Critical,1,6472552.27,0,Normal,Automated push notification + email campaign,4
CUST020580,Mass,1.0,Critical,1,1358134.54,0,Normal,Automated push notification + email campaign,4
CUST000051,Mass,0.9999734042553192,Critical,1,2388322.0700000003,0,Normal,Automated push notification + email campaign,4
CUST009284,Mass,0.9875248541699922,Critical,1,1435109.81,0,Normal,Automated push notification + email campaign,4
CUST048516,Mass,0.8014304761846932,Critical,1,10737447.6,0,Normal,Automated push notification + email campaign,4
CUST017773,Mass,0.9823921451355662,Critical,1,2798347.76,0,Normal,Automated push notification + email campaign,4
CUST029459,Mass,0.9997222222222224,Critical,1,2982584.56,0,Normal,Automated push notification + email campaign,4
CUST014751,Mass,0.9922549198102268,Critical,1,1661251.6,0,Normal,Automated push notification + email campaign,4
CUST006614,Mass,0.7599339035278381,Critical,1,7536974.439999999,0,Normal,Automated push notification + email campaign,4
CUST019337,Mass,0.9954849386724388,Critical,1,3573671.32,0,Normal,Automated push notification + email campaign,4
CUST000746,Mass,0.9881559152405902,Critical,1,5857740.680000001,0,Normal,Automated push notification + email campaign,4
CUST027851,Mass,0.9973076923076922,Critical,1,1413027.71,0,Normal,Automated push notification + email campaign,4
CUST004537,Mass,0.9977876342874314,Critical,1,1477856.84,0,Normal,Automated push notification + email campaign,4
CUST030463,Mass,0.9931197217533424,Critical,1,3849685.21,0,Normal,Automated push notification + email campaign,4
CUST033754,Mass,0.9939353413055952,Critical,1,3158700.0,0,Normal,Automated push notification + email campaign,4
CUST044548,Mass,0.9981313131313132,Critical,1,1346774.76,0,Normal,Automated push notification + email campaign,4
CUST021656,Mass,0.9962555555555556,Critical,1,892654.38,0,Normal,Automated push notification + email campaign,4
CUST000509,Mass,0.9998452901106972,Critical,1,5117406.24,0,Normal,Automated push notification + email campaign,4
CUST027998,Mass,0.9907022005772006,Critical,1,3067187.42,0,Normal,Automated push notification + email campaign,4
CUST018822,Mass,0.9969675057176092,Critical,1,13980698.54,0,Normal,Automated push notification + email campaign,4
CUST036451,Mass,0.7273122256344712,Critical,0,3542692.24,0,Normal,Automated push notification + email campaign,4
CUST024175,Mass,0.9902077658877666,Critical,1,6169241.34,0,Normal,Automated push notification + email campaign,4
CUST027163,Mass,0.9504399948406672,Critical,1,4726431.41,0,Normal,Automated push notification + email campaign,4
CUST017620,Mass,0.9869445083058436,Critical,1,1819781.32,0,Normal,Automated push notification + email campaign,4
CUST001686,Mass,0.9977464506289072,Critical,1,9643460.23,0,Normal,Automated push notification + email campaign,4
CUST012889,Mass,0.9768500470024722,Critical,1,6884187.3,0,Normal,Automated push notification + email campaign,4
CUST000833,Mass,0.952251719476736,Critical,1,1990025.2,0,Normal,Automated push notification + email campaign,4
CUST011074,Mass,0.9998601190476192,Critical,1,4178836.87,0,Normal,Automated push notification + email campaign,4
CUST040362,Mass,0.9715213882737492,Critical,1,3942526.5,1,Other anomaly,Automated push notification + email campaign,4
CUST004552,Mass,0.9935538836110918,Critical,1,1936252.09,0,Normal,Automated push notification + email campaign,4
CUST038996,Mass,0.973162440239594,Critical,1,7005140.93,0,Normal,Automated push notification + email campaign,4
CUST022231,Mass,0.9980617088607596,Critical,1,4524682.949999999,0,Normal,Automated push notification + email campaign,4
CUST003974,Mass,0.9965808823529412,Critical,1,4415545.95,0,Normal,Automated push notification + email campaign,4
CUST007299,Mass,0.7080940129733923,Critical,0,1966235.74,0,Normal,Automated push notification + email campaign,4
CUST022856,Mass,0.7266521569844018,Critical,0,3594002.23,0,Normal,Automated push notification + email campaign,4
CUST029145,Mass,0.9866737274593312,Critical,1,1673835.55,1,Other anomaly,Automated push notification + email campaign,4
CUST032460,Mass,0.999876160990712,Critical,1,2580600.52,0,Normal,Automated push notification + email campaign,4
CUST027560,Mass,0.9985443034648054,Critical,1,2627724.51,0,Normal,Automated push notification + email campaign,4
CUST038331,Mass,0.9987710051353784,Critical,1,3331550.12,0,Normal,Automated push notification + email campaign,4
CUST037484,Mass,0.7341844536798301,Critical,0,8270988.91,0,Normal,Automated push notification + email campaign,4
CUST043353,Mass,0.9693823362882508,Critical,1,3969932.16,0,Normal,Automated push notification + email campaign,4
CUST026646,Mass,0.9965625,Critical,1,1451142.22,0,Normal,Automated push notification + email campaign,4
CUST007094,Mass,0.9449960667305728,Critical,1,2700054.0500000003,0,Normal,Automated push notification + email campaign,4
CUST024556,Mass,0.9784997720668824,Critical,1,13733293.53,0,Normal,Automated push notification + email campaign,4
CUST015244,Mass,0.7214194554069542,Critical,0,7539220.939999999,0,Normal,Automated push notification + email campaign,4
CUST033495,Mass,0.973935702274625,Critical,1,4439678.5600000005,0,Normal,Automated push notification + email campaign,4
CUST039093,Mass,0.9979211271557205,Critical,1,1330147.56,0,Normal,Automated push notification + email campaign,4
CUST045614,Mass,1.0,Critical,1,2061234.54,0,Normal,Automated push notification + email campaign,4
CUST047431,Mass,0.9953889297316962,Critical,1,6704663.23,0,Normal,Automated push notification + email campaign,4
CUST011065,Mass,0.9971709401709404,Critical,1,5284597.57,0,Normal,Automated push notification + email campaign,4
CUST005614,Mass,0.8051786961683175,Critical,0,5897456.87,0,Normal,Automated push notification + email campaign,4
CUST015926,Mass,1.0,Critical,1,3249944.3,0,Normal,Automated push notification + email campaign,4
CUST034272,Mass,0.7156235769551934,Critical,1,4020523.39,0,Normal,Automated push notification + email campaign,4
CUST009651,Mass,1.0,Critical,1,1786395.8299999998,0,Normal,Automated push notification + email campaign,4
CUST020801,Mass,0.9708850763893756,Critical,1,7038063.159999999,0,Normal,Automated push notification + email campaign,4
CUST014163,Mass,0.7435263991711731,Critical,0,7553474.51,0,Normal,Automated push notification + email campaign,4
CUST030179,Mass,0.999664921881196,Critical,1,1882467.76,0,Normal,Automated push notification + email campaign,4
CUST031247,Mass,0.9975020336863636,Critical,1,4412237.5,0,Normal,Automated push notification + email campaign,4
CUST036863,Mass,0.997764423076923,Critical,1,1467298.45,0,Normal,Automated push notification + email campaign,4
CUST032686,Mass,0.9772455186752056,Critical,1,7371774.7,0,Normal,Automated push notification + email campaign,4
CUST019230,Mass,0.999949331934714,Critical,1,5678390.94,0,Normal,Automated push notification + email campaign,4
CUST001713,Mass,0.9922059852915116,Critical,1,4125058.01,0,Normal,Automated push notification + email campaign,4
CUST035663,Mass,0.984946258639022,Critical,1,5609715.930000001,0,Normal,Automated push notification + email campaign,4
CUST049343,Mass,1.0,Critical,1,2964198.05,0,Normal,Automated push notification + email campaign,4
CUST046482,Mass,0.990186855633562,Critical,1,1489026.38,0,Normal,Automated push notification + email campaign,4
CUST049128,Mass,0.9952577505609574,Critical,1,4738990.39,0,Normal,Automated push notification + email campaign,4
CUST048027,Mass,0.9910738223517072,Critical,1,1666416.98,0,Normal,Automated push notification + email campaign,4
CUST047567,Mass,0.9911594944429386,Critical,1,4198514.74,0,Normal,Automated push notification + email campaign,4
CUST018657,Mass,0.7633457449562501,Critical,0,11253824.58,0,Normal,Automated push notification + email campaign,4
CUST004570,Mass,0.9803300730494882,Critical,1,2276325.82,0,Normal,Automated push notification + email campaign,4
CUST011055,Mass,1.0,Critical,1,1421072.27,0,Normal,Automated push notification + email campaign,4
CUST040644,Mass,0.9836359344817548,Critical,1,540344.23,1,Other anomaly,Automated push notification + email campaign,4
CUST042532,Mass,0.9950338115588117,Critical,1,1026172.45,0,Normal,Automated push notification + email campaign,4
CUST049950,Mass,0.9935897856771748,Critical,0,5587136.550000001,0,Normal,Automated push notification + email campaign,4
CUST019681,Mass,0.9879698202124672,Critical,1,3635985.88,0,Normal,Automated push notification + email campaign,4
CUST014272,Mass,0.9920763888888888,Critical,1,3824980.42,0,Normal,Automated push notification + email campaign,4
CUST038550,Mass,0.9936551284281884,Critical,1,2839023.3600000003,0,Normal,Automated push notification + email campaign,4
CUST020347,Mass,0.9982330827067668,Critical,1,1835314.71,1,Other anomaly,Automated push notification + email campaign,4
CUST016025,Mass,0.9907083520474892,Critical,1,6558812.16,0,Normal,Automated push notification + email campaign,4
CUST036434,Mass,0.9980588768115942,Critical,1,4871012.9,0,Normal,Automated push notification + email campaign,4
CUST022752,Mass,0.996252349958336,Critical,1,9102603.0,0,Normal,Automated push notification + email campaign,4
CUST010706,Mass,0.9969415341305952,Critical,1,3830868.69,0,Normal,Automated push notification + email campaign,4
CUST013101,Mass,0.9382813450392832,Critical,1,3866929.7,0,Normal,Automated push notification + email campaign,4
CUST038065,Mass,0.9867790436341352,Critical,1,2012637.4,0,Normal,Automated push notification + email campaign,4
CUST023220,Mass,0.9529538168242008,Critical,0,4038100.0,0,Normal,Automated push notification + email campaign,4
CUST032529,Mass,0.9907769922078298,Critical,1,4468092.18,0,Normal,Automated push notification + email campaign,4
CUST011982,Mass,0.98538443861159,Critical,1,6768002.279999999,0,Normal,Automated push notification + email campaign,4
CUST024896,Mass,0.9998501070663812,Critical,1,3106367.4000000004,0,Normal,Automated push notification + email campaign,4
CUST047446,Mass,1.0,Critical,1,3036988.73,0,Normal,Automated push notification + email campaign,4
CUST033597,Mass,0.9941426065162906,Critical,1,1843156.33,0,Normal,Automated push notification + email campaign,4
CUST030101,Mass,0.9925747909575732,Critical,1,7309412.38,0,Normal,Automated push notification + email campaign,4
CUST013075,Mass,0.9764283770207683,Critical,1,2391577.66,0,Normal,Automated push notification + email campaign,4
CUST040958,Mass,0.9961828526865292,Critical,1,1823206.78,0,Normal,Automated push notification + email campaign,4
CUST011972,Mass,0.9874677546356312,Critical,1,4374953.87,1,Other anomaly,Automated push notification + email campaign,4
CUST019603,Mass,0.9990021929824562,Critical,1,1995392.88,0,Normal,Automated push notification + email campaign,4
CUST019309,Mass,0.9894995183764158,Critical,1,4453565.38,0,Normal,Automated push notification + email campaign,4
CUST024229,Mass,0.9980308973300304,Critical,1,2615453.5500000003,0,Normal,Automated push notification + email campaign,4
CUST009761,Mass,0.9984639576700056,Critical,1,3255639.9800000004,0,Normal,Automated push notification + email campaign,4
CUST021119,Mass,0.988756191844554,Critical,1,2307952.76,0,Normal,Automated push notification + email campaign,4
CUST036713,Mass,0.9966388499207648,Critical,1,1981558.09,0,Normal,Automated push notification + email campaign,4
CUST035808,Mass,0.9933900966183574,Critical,1,2793668.6,0,Normal,Automated push notification + email campaign,4
CUST026144,Mass,0.945962507775473,Critical,1,5736420.5600000005,0,Normal,Automated push notification + email campaign,4
CUST015234,Mass,0.9944901605569764,Critical,1,694095.83,0,Normal,Automated push notification + email campaign,4
CUST020235,Mass,0.9811517251664444,Critical,1,2969073.33,0,Normal,Automated push notification + email campaign,4
CUST048195,Mass,0.986845461084325,Critical,1,4903447.83,0,Normal,Automated push notification + email campaign,4
CUST042355,Mass,0.992967917419324,Critical,1,2844159.88,0,Normal,Automated push notification + email campaign,4
CUST046963,Mass,0.7830682809871479,Critical,0,11257244.06,0,Normal,Automated push notification + email campaign,4
CUST038068,Mass,0.9982768047035931,Critical,1,3929177.69,0,Normal,Automated push notification + email campaign,4
CUST014333,Mass,0.9705310506191256,Critical,1,3839597.43,1,Other anomaly,Automated push notification + email campaign,4
CUST009565,Mass,0.9949443197677448,Critical,1,3802160.58,0,Normal,Automated push notification + email campaign,4
CUST003025,Mass,0.7185056705643134,Critical,1,7468267.66,0,Normal,Automated push notification + email campaign,4
CUST028247,Mass,0.9697420900857124,Critical,1,6425583.4,0,Normal,Automated push notification + email campaign,4
CUST041293,Mass,0.9976897279398316,Critical,1,15151379.42,0,Normal,Automated push notification + email campaign,4
CUST002938,Mass,0.9975932384639088,Critical,1,5619060.93,0,Normal,Automated push notification + email campaign,4
CUST035372,Mass,0.9960894957999996,Critical,1,5690400.94,0,Normal,Automated push notification + email campaign,4
CUST012371,Mass,0.9403464668107168,Critical,1,3285714.97,0,Normal,Automated push notification + email campaign,4
CUST014153,Mass,0.987678326244478,Critical,1,3332852.93,0,Normal,Automated push notification + email campaign,4
CUST039108,Mass,0.9861572470696798,Critical,1,1502979.48,0,Normal,Automated push notification + email campaign,4
CUST008045,Mass,0.9894404069503469,Critical,1,5390661.73,0,Normal,Automated push notification + email campaign,4
CUST049226,Mass,0.994164449149892,Critical,1,1413747.8299999998,0,Normal,Automated push notification + email campaign,4
CUST028335,Mass,0.9982953580368316,Critical,1,932959.62,0,Normal,Automated push notification + email campaign,4
CUST047831,Mass,0.9857501054209696,Critical,1,2879479.42,0,Normal,Automated push notification + email campaign,4
CUST035923,Mass,0.9820115236071116,Critical,1,8327815.8,0,Normal,Automated push notification + email campaign,4
CUST027555,Mass,0.9996618497109828,Critical,1,4539888.71,0,Normal,Automated push notification + email campaign,4
CUST002219,Mass,0.983316645596966,Critical,1,8580734.3,0,Normal,Automated push notification + email campaign,4
CUST015193,Mass,0.9962370285946136,Critical,1,3050681.0,0,Normal,Automated push notification + email campaign,4
CUST002239,Mass,0.997643120476078,Critical,1,4197560.09,0,Normal,Automated push notification + email campaign,4
CUST035725,Mass,0.9120338246526104,Critical,1,3712041.93,0,Normal,Automated push notification + email campaign,4
CUST044639,Mass,0.9991177721088436,Critical,1,4156876.69,0,Normal,Automated push notification + email campaign,4
CUST022212,Mass,0.9989583333333334,Critical,1,2118756.92,0,Normal,Automated push notification + email campaign,4
CUST034463,Mass,0.9858945494864614,Critical,1,2144415.88,0,Normal,Automated push notification + email campaign,4
CUST008088,Mass,0.9922367682580276,Critical,1,5900317.140000001,0,Normal,Automated push notification + email campaign,4
CUST006906,Mass,0.9883067341529111,Critical,1,4385401.93,0,Normal,Automated push notification + email campaign,4
CUST032543,Mass,0.9967287141464772,Critical,1,6216952.37,0,Normal,Automated push notification + email campaign,4
CUST014202,Mass,0.9955871891266628,Critical,1,1697123.3199999998,1,Other anomaly,Automated push notification + email campaign,4
CUST048477,Mass,0.9954271708683472,Critical,1,2057108.83,0,Normal,Automated push notification + email campaign,4
CUST008262,Mass,0.8349646199554291,Critical,1,2893844.8200000003,0,Normal,Automated push notification + email campaign,4
CUST029925,Mass,0.9405258619963296,Critical,1,10756787.52,0,Normal,Automated push notification + email campaign,4
CUST023395,Mass,0.9989285714285714,Critical,1,1917349.72,0,Normal,Automated push notification + email campaign,4
CUST005996,Mass,0.9973344074471894,Critical,1,2502874.81,0,Normal,Automated push notification + email campaign,4
CUST003583,Mass,0.93605251205333,Critical,1,2755064.24,0,Normal,Automated push notification + email campaign,4
CUST018213,Mass,0.9982211538461538,Critical,1,2633759.34,0,Normal,Automated push notification + email campaign,4
CUST001936,Mass,0.9764922655237704,Critical,1,1893253.84,0,Normal,Automated push notification + email campaign,4
CUST042672,Mass,0.9940200421940928,Critical,1,6318196.850000001,0,Normal,Automated push notification + email campaign,4
CUST033024,Mass,0.9876463371853464,Critical,1,4650025.41,0,Normal,Automated push notification + email campaign,4
CUST024701,Mass,0.995947563996697,Critical,1,3223425.19,0,Normal,Automated push notification + email campaign,4
CUST044593,Mass,0.9693471608518806,Critical,1,7352321.220000001,0,Normal,Automated push notification + email campaign,4
CUST022797,Mass,0.9929302350287476,Critical,1,4583790.7,0,Normal,Automated push notification + email campaign,4
CUST020477,Mass,0.9627579972235232,Critical,1,4044867.84,0,Normal,Automated push notification + email campaign,4
CUST001583,Mass,0.9930690180310914,Critical,1,3404049.99,0,Normal,Automated push notification + email campaign,4
CUST006583,Mass,0.9952649769585252,Critical,1,4223079.52,0,Normal,Automated push notification + email campaign,4
CUST014747,Mass,0.990555086714361,Critical,1,5361885.700000001,0,Normal,Automated push notification + email campaign,4
CUST033373,Mass,0.9952564314626512,Critical,1,10277913.89,0,Normal,Automated push notification + email campaign,4
CUST001125,Mass,0.9910143058690968,Critical,1,4109432.85,0,Normal,Automated push notification + email campaign,4
CUST017604,Mass,0.9926112997547633,Critical,1,8880147.01,0,Normal,Automated push notification + email campaign,4
CUST038540,Mass,0.9394948361474648,Critical,0,5483290.34,1,Other anomaly,Automated push notification + email campaign,4
CUST043419,Mass,0.9935207223299484,Critical,1,4330549.39,0,Normal,Automated push notification + email campaign,4
CUST020469,Mass,1.0,Critical,1,1059721.89,0,Normal,Automated push notification + email campaign,4
CUST047797,Mass,0.9969257703081232,Critical,1,1339238.35,0,Normal,Automated push notification + email campaign,4
CUST019327,Mass,0.9835696424383888,Critical,1,1901961.26,0,Normal,Automated push notification + email campaign,4
CUST048311,Mass,0.9738929531940368,Critical,1,11967014.76,0,Normal,Automated push notification + email campaign,4
CUST000937,Mass,0.9586488657648388,Critical,1,3739857.97,0,Normal,Automated push notification + email campaign,4
CUST036633,Mass,0.995814904909332,Critical,1,5076900.87,0,Normal,Automated push notification + email campaign,4
CUST017711,Mass,0.9865012637795566,Critical,1,2552213.67,0,Normal,Automated push notification + email campaign,4
CUST027384,Mass,1.0,Critical,1,2069672.77,0,Normal,Automated push notification + email campaign,4
CUST022804,Mass,1.0,Critical,1,3806232.79,0,Normal,Automated push notification + email campaign,4
CUST015959,Mass,0.9744606923305452,Critical,1,1438846.5,1,Other anomaly,Automated push notification + email campaign,4
CUST007578,Mass,0.7305005937046904,Critical,1,2192230.36,0,Normal,Automated push notification + email campaign,4
CUST008034,Mass,0.9899636224282964,Critical,1,2807160.75,0,Normal,Automated push notification + email campaign,4
CUST048645,Mass,0.9958775359854926,Critical,1,3227272.95,0,Normal,Automated push notification + email campaign,4
CUST031116,Mass,0.9966527777777778,Critical,1,2863451.09,0,Normal,Automated push notification + email campaign,4
CUST027613,Mass,0.9984509803921569,Critical,1,2282903.89,0,Normal,Automated push notification + email campaign,4
CUST027023,Mass,0.979181956757312,Critical,1,1976737.76,0,Normal,Automated push notification + email campaign,4
CUST005299,Mass,0.9919722456193044,Critical,1,4203795.36,0,Normal,Automated push notification + email campaign,4
CUST014991,Mass,0.9956334975296588,Critical,1,5057726.65,0,Normal,Automated push notification + email campaign,4
CUST043472,Mass,0.9999743918053778,Critical,1,4382651.63,0,Normal,Automated push notification + email campaign,4
CUST018729,Mass,0.9956508220910624,Critical,1,3664602.61,0,Normal,Automated push notification + email campaign,4
CUST024543,Mass,0.9906768508644704,Critical,1,1403319.55,0,Normal,Automated push notification + email campaign,4
CUST028931,Mass,0.7095835513373643,Critical,0,5465961.42,0,Normal,Automated push notification + email campaign,4
CUST047547,Mass,0.987638454555924,Critical,1,2154633.5,0,Normal,Automated push notification + email campaign,4
CUST036055,Mass,1.0,Critical,1,818865.45,0,Normal,Automated push notification + email campaign,4
CUST028484,Mass,0.9783420128206952,Critical,1,3961176.75,0,Normal,Automated push notification + email campaign,4
CUST010558,Mass,0.9972180949363456,Critical,1,6547247.48,0,Normal,Automated push notification + email campaign,4
CUST045278,Mass,0.996137364774194,Critical,1,7632787.07,0,Normal,Automated push notification + email campaign,4
CUST035225,Mass,0.9893302085138432,Critical,1,1094258.04,0,Normal,Automated push notification + email campaign,4
CUST005157,Mass,0.9902787176274016,Critical,1,3313778.07,0,Normal,Automated push notification + email campaign,4
CUST016681,Mass,0.9966805555555556,Critical,1,2726400.33,0,Normal,Automated push notification + email campaign,4
CUST048040,Mass,0.9736934838646188,Critical,1,5769675.72,0,Normal,Automated push notification + email campaign,4
CUST029545,Mass,0.977328994022132,Critical,1,6286401.93,0,Normal,Automated push notification + email campaign,4
CUST036490,Mass,0.9930217016099367,Critical,1,2011867.21,0,Normal,Automated push notification + email campaign,4
CUST042123,Mass,0.9806970006580108,Critical,1,1749438.08,0,Normal,Automated push notification + email campaign,4
CUST047986,Mass,0.9851195122387072,Critical,1,1306917.81,0,Normal,Automated push notification + email campaign,4
CUST014508,Mass,0.9737155168774388,Critical,1,4210260.25,0,Normal,Automated push notification + email campaign,4
CUST011161,Mass,0.9848968277613696,Critical,1,2627951.78,0,Normal,Automated push notification + email campaign,4
CUST021405,Mass,0.9849908235547884,Critical,1,11760848.21,0,Normal,Automated push notification + email campaign,4
CUST007610,Mass,0.9998,Critical,1,3809623.32,0,Normal,Automated push notification + email campaign,4
CUST006876,Mass,0.956629810390014,Critical,1,4420251.28,0,Normal,Automated push notification + email campaign,4
CUST010162,Mass,0.999945743479578,Critical,1,3791074.84,0,Normal,Automated push notification + email campaign,4
CUST006782,Mass,0.9999734042553192,Critical,1,1571854.72,0,Normal,Automated push notification + email campaign,4
CUST012865,Mass,0.990096075582512,Critical,1,6135523.16,0,Normal,Automated push notification + email campaign,4
CUST015061,Mass,0.9901171485360558,Critical,1,3222688.0,0,Normal,Automated push notification + email campaign,4
CUST037352,Mass,0.9810895950857654,Critical,1,3169149.04,0,Normal,Automated push notification + email campaign,4
CUST009119,Mass,1.0,Critical,1,2102445.29,0,Normal,Automated push notification + email campaign,4
CUST020635,Mass,0.9967330613940366,Critical,1,3520488.72,0,Normal,Automated push notification + email campaign,4
CUST030042,Mass,0.9900692155067154,Critical,1,9750533.6,0,Normal,Automated push notification + email campaign,4
CUST036460,Mass,0.7488549142999613,Critical,1,2302749.41,0,Normal,Automated push notification + email campaign,4
CUST013217,Mass,0.9996428571428572,Critical,1,2027757.39,0,Normal,Automated push notification + email campaign,4
CUST000449,Mass,0.9799384078299084,Critical,1,2736043.2,1,Other anomaly,Automated push notification + email campaign,4
CUST026856,Mass,0.999961169438874,Critical,1,3284033.06,0,Normal,Automated push notification + email campaign,4
CUST014926,Mass,0.9987159863945578,Critical,1,4118483.65,0,Normal,Automated push notification + email campaign,4
CUST035974,Mass,0.9711020098322732,Critical,1,3432533.83,0,Normal,Automated push notification + email campaign,4
CUST039515,Mass,0.998860119047619,Critical,1,4988284.33,0,Normal,Automated push notification + email campaign,4
CUST042676,Mass,0.7335375169142406,Critical,0,1889276.24,0,Normal,Automated push notification + email campaign,4
CUST011361,Mass,0.9982271825396826,Critical,1,2030160.47,0,Normal,Automated push notification + email campaign,4
CUST021679,Mass,0.9542038981705496,Critical,1,8902308.87,0,Normal,Automated push notification + email campaign,4
CUST040087,Mass,0.7125449673392551,Critical,1,4655262.890000001,0,Normal,Automated push notification + email campaign,4
CUST004841,Mass,0.98777111827395,Critical,1,6139220.23,0,Normal,Automated push notification + email campaign,4
CUST017004,Mass,0.9547697790824616,Critical,1,2863335.35,0,Normal,Automated push notification + email campaign,4
CUST025370,Mass,0.990878112143819,Critical,1,4000480.95,0,Normal,Automated push notification + email campaign,4
CUST003606,Mass,0.97177516819277,Critical,1,2666976.47,0,Normal,Automated push notification + email campaign,4
CUST009009,Mass,0.7860815245143534,Critical,1,9149364.88,0,Normal,Automated push notification + email campaign,4
CUST035690,Mass,0.993985583201128,Critical,1,11687142.95,0,Normal,Automated push notification + email campaign,4
CUST039510,Mass,0.9998501070663812,Critical,1,2301381.97,0,Normal,Automated push notification + email campaign,4
CUST023707,Mass,0.9995734411386814,Critical,1,4054267.52,0,Normal,Automated push notification + email campaign,4
CUST009229,Mass,0.9949845671503508,Critical,1,3617558.88,0,Normal,Automated push notification + email campaign,4
CUST032951,Mass,0.9966522543285132,Critical,1,5360440.17,0,Normal,Automated push notification + email campaign,4
CUST023371,Mass,0.9913411166805904,Critical,1,1563818.7899999998,0,Normal,Automated push notification + email campaign,4
CUST036631,Mass,0.9805984067706373,Critical,1,9555342.63,0,Normal,Automated push notification + email campaign,4
CUST045660,Mass,0.9954348739495796,Critical,1,1842323.28,0,Normal,Automated push notification + email campaign,4
CUST039941,Mass,0.7160289693523392,Critical,1,7249675.98,0,Normal,Automated push notification + email campaign,4
CUST045089,Mass,0.999016773733048,Critical,1,2206451.58,0,Normal,Automated push notification + email campaign,4
CUST020389,Mass,0.9964473684210526,Critical,1,5305264.05,0,Normal,Automated push notification + email campaign,4
CUST038415,Mass,0.9891183578461444,Critical,1,6404845.82,0,Normal,Automated push notification + email campaign,4
CUST023099,Mass,0.9969826161283272,Critical,1,4379533.26,0,Normal,Automated push notification + email campaign,4
CUST038089,Mass,0.9976385145704748,Critical,1,3819265.79,0,Normal,Automated push notification + email campaign,4
CUST039546,Mass,0.9909972863468623,Critical,1,8511598.13,0,Normal,Automated push notification + email campaign,4
CUST034155,Mass,0.984626920375926,Critical,1,5597501.4,0,Normal,Automated push notification + email campaign,4
CUST035158,Mass,0.9854051450569926,Critical,1,5594536.39,0,Normal,Automated push notification + email campaign,4
CUST002413,Mass,0.9460911910942216,Critical,1,2662408.7800000003,0,Normal,Automated push notification + email campaign,4
CUST034092,Mass,0.9894486981609222,Critical,1,3494596.52,0,Normal,Automated push notification + email campaign,4
CUST029864,Mass,0.9804711051482105,Critical,0,4308321.16,0,Normal,Automated push notification + email campaign,4
CUST025720,Mass,0.9987359307359308,Critical,1,6408563.359999999,0,Normal,Automated push notification + email campaign,4
CUST000766,Mass,0.963789997969767,Critical,1,2618198.25,0,Normal,Automated push notification + email campaign,4
CUST036139,Mass,0.9897236860737464,Critical,0,3969130.83,0,Normal,Automated push notification + email campaign,4
CUST009463,Mass,0.9556417304979828,Critical,1,8062360.739999999,0,Normal,Automated push notification + email campaign,4
CUST041359,Mass,0.9976946162464896,Critical,1,3439639.1899999995,0,Normal,Automated push notification + email campaign,4
CUST010826,Mass,0.9867379770355956,Critical,1,3388551.9,0,Normal,Automated push notification + email campaign,4
CUST034806,Mass,0.7229512972455985,Critical,0,7808814.5,0,Normal,Automated push notification + email campaign,4
CUST017480,Mass,1.0,Critical,1,2296405.78,0,Normal,Automated push notification + email campaign,4
CUST014985,Mass,0.9938266590040784,Critical,1,9186168.59,0,Normal,Automated push notification + email campaign,4
CUST037924,Mass,0.9834683357388214,Critical,1,1644357.33,0,Normal,Automated push notification + email campaign,4
CUST015749,Mass,0.9869560848723,Critical,1,2324355.2800000003,0,Normal,Automated push notification + email campaign,4
CUST022651,Mass,0.9996877138964402,Critical,1,6218307.02,0,Normal,Automated push notification + email campaign,4
CUST034105,Mass,0.996947981707641,Critical,1,4961033.5,0,Normal,Automated push notification + email campaign,4
CUST043039,Mass,0.9630985480860088,Critical,1,4421858.62,0,Normal,Automated push notification + email campaign,4
CUST042148,Mass,0.9946142454037192,Critical,1,1340617.65,0,Normal,Automated push notification + email campaign,4
CUST016146,Mass,0.972262779196558,Critical,1,7859300.6,0,Normal,Automated push notification + email campaign,4
CUST000293,Mass,0.9970022310804378,Critical,1,3166619.28,0,Normal,Automated push notification + email campaign,4
CUST017537,Mass,0.9898742521481766,Critical,1,4257827.74,0,Normal,Automated push notification + email campaign,4
CUST042001,Mass,0.986164021164021,Critical,1,5352165.87,0,Normal,Automated push notification + email campaign,4
CUST048495,Mass,0.991251088547932,Critical,1,5774507.1,0,Normal,Automated push notification + email campaign,4
CUST025410,Mass,0.9985267857142855,Critical,1,4474491.0,0,Normal,Automated push notification + email campaign,4
CUST035198,Mass,0.9951118421052632,Critical,1,2382278.98,0,Normal,Automated push notification + email campaign,4
CUST025139,Mass,1.0,Critical,1,3263749.28,0,Normal,Automated push notification + email campaign,4
CUST012177,Mass,0.969208252299816,Critical,1,4302496.2,0,Normal,Automated push notification + email campaign,4
CUST017426,Mass,0.9807181776556776,Critical,1,3017399.81,0,Normal,Automated push notification + email campaign,4
CUST030863,Mass,0.9739174000896776,Critical,1,4759956.0,0,Normal,Automated push notification + email campaign,4
CUST047926,Mass,0.9972085472373212,Critical,1,5914928.97,0,Normal,Automated push notification + email campaign,4
CUST002798,Mass,0.986464856594812,Critical,1,1592255.14,0,Normal,Automated push notification + email campaign,4
CUST038074,Mass,0.9935587076429762,Critical,1,5241885.56,0,Normal,Automated push notification + email campaign,4
CUST044947,Mass,0.999961169438874,Critical,1,3166111.93,0,Normal,Automated push notification + email campaign,4
CUST030699,Mass,0.9928737026862028,Critical,1,1770783.69,0,Normal,Automated push notification + email campaign,4
CUST039132,Mass,0.9881746361588112,Critical,1,3894315.94,0,Normal,Automated push notification + email campaign,4
CUST029949,Mass,0.9994117647058824,Critical,1,1153717.19,0,Normal,Automated push notification + email campaign,4
CUST002519,Mass,0.9717485283988871,Critical,1,5649602.54,0,Normal,Automated push notification + email campaign,4
CUST014889,Mass,0.9410773079557786,Critical,1,3956091.14,0,Normal,Automated push notification + email campaign,4
CUST042508,Mass,0.987936601770126,Critical,1,1934538.0,0,Normal,Automated push notification + email campaign,4
CUST035968,Mass,0.9988095238095238,Critical,1,2149884.35,0,Normal,Automated push notification + email campaign,4
CUST006754,Mass,0.993575192464319,Critical,0,6185161.38,0,Normal,Automated push notification + email campaign,4
CUST045702,Mass,1.0,Critical,1,3652414.45,0,Normal,Automated push notification + email campaign,4
CUST034649,Mass,0.9582130731146792,Critical,1,4820634.44,0,Normal,Automated push notification + email campaign,4
CUST027270,Mass,0.9726879284605586,Critical,1,2192451.67,0,Normal,Automated push notification + email campaign,4
CUST022810,Mass,0.7596589043656924,Critical,1,6626875.46,0,Normal,Automated push notification + email campaign,4
CUST026252,Mass,0.9973322468139846,Critical,1,7188861.44,0,Normal,Automated push notification + email campaign,4
CUST010716,Mass,0.9588366600463746,Critical,1,4101602.95,0,Normal,Automated push notification + email campaign,4
CUST026181,Mass,1.0,Critical,1,1153266.23,0,Normal,Automated push notification + email campaign,4
CUST049733,Mass,0.9867346331408868,Critical,1,2839561.27,0,Normal,Automated push notification + email campaign,4
CUST046000,Mass,0.9700162800315328,Critical,1,6932332.590000001,0,Normal,Automated push notification + email campaign,4
CUST024660,Mass,0.9968251846193024,Critical,1,1560624.2300000002,0,Normal,Automated push notification + email campaign,4
CUST026846,Mass,0.9885017250082768,Critical,1,5038763.3,0,Normal,Automated push notification + email campaign,4
CUST010641,Mass,0.9962700505082448,Critical,1,3799515.7,0,Normal,Automated push notification + email campaign,4
CUST036758,Mass,1.0,Critical,1,1972032.78,0,Normal,Automated push notification + email campaign,4
CUST021624,Mass,0.9986706562536238,Critical,1,5704011.61,0,Normal,Automated push notification + email campaign,4
CUST049584,Mass,0.999552908183027,Critical,1,8205171.62,0,Normal,Automated push notification + email campaign,4
CUST010876,Mass,0.9788018673863637,Critical,1,5305526.47,0,Normal,Automated push notification + email campaign,4
CUST045909,Mass,0.9873332538430276,Critical,1,3537317.75,0,Normal,Automated push notification + email campaign,4
CUST029074,Mass,0.9943357831973718,Critical,1,7082019.98,0,Normal,Automated push notification + email campaign,4
CUST034321,Mass,0.9985714285714284,Critical,1,1132790.43,0,Normal,Automated push notification + email campaign,4
CUST022637,Mass,0.985078603216782,Critical,1,5807859.34,0,Normal,Automated push notification + email campaign,4
CUST004374,Mass,0.9928061493666808,Critical,1,8675712.89,0,Normal,Automated push notification + email campaign,4
CUST048855,Mass,0.993631631400432,Critical,1,5059354.95,0,Normal,Automated push notification + email campaign,4
CUST012328,Mass,0.97330057799098,Critical,1,561836.98,0,Normal,Automated push notification + email campaign,4
CUST033496,Mass,0.9823655481172724,Critical,1,4888470.35,0,Normal,Automated push notification + email campaign,4
CUST007473,Mass,0.9950285087719298,Critical,1,1733495.81,0,Normal,Automated push notification + email campaign,4
CUST025971,Mass,0.994990107805348,Critical,1,4367072.97,0,Normal,Automated push notification + email campaign,4
CUST038185,Mass,0.9973529411764706,Critical,1,2115615.62,1,Other anomaly,Automated push notification + email campaign,4
CUST000578,Mass,0.9789876675044832,Critical,1,5642865.56,0,Normal,Automated push notification + email campaign,4
CUST010357,Mass,0.996974174335289,Critical,1,8646725.97,0,Normal,Automated push notification + email campaign,4
CUST025913,Mass,0.9998501070663812,Critical,1,3755962.62,0,Normal,Automated push notification + email campaign,4
CUST029730,Mass,0.9996875,Critical,1,8316401.329999999,0,Normal,Automated push notification + email campaign,4
CUST013516,Mass,0.9888222303192143,Critical,1,4258723.08,0,Normal,Automated push notification + email campaign,4
CUST022872,Mass,0.9910968601318731,Critical,1,8774537.13,0,Normal,Automated push notification + email campaign,4
CUST008596,Mass,0.999,Critical,1,3150967.62,0,Normal,Automated push notification + email campaign,4
CUST005312,Mass,0.9922618637728996,Critical,1,3420713.12,0,Normal,Automated push notification + email campaign,4
CUST032465,Mass,0.9886471653205934,Critical,1,2146181.83,0,Normal,Automated push notification + email campaign,4
CUST047897,Mass,0.9963938492063492,Critical,1,1419735.84,0,Normal,Automated push notification + email campaign,4
CUST040967,Mass,0.990955969951264,Critical,1,3717288.94,0,Normal,Automated push notification + email campaign,4
CUST005167,Mass,0.993793521415882,Critical,1,4019510.18,0,Normal,Automated push notification + email campaign,4
CUST007798,Mass,0.9983760683760684,Critical,1,1642000.51,0,Normal,Automated push notification + email campaign,4
CUST008330,Mass,0.9540958448043968,Critical,1,3590650.98,0,Normal,Automated push notification + email campaign,4
CUST009402,Mass,0.9910022851050236,Critical,1,3705672.05,0,Normal,Automated push notification + email campaign,4
CUST015301,Mass,0.9700294014357924,Critical,1,8320230.13,0,Normal,Automated push notification + email campaign,4
CUST014450,Mass,0.9876485464462438,Critical,1,2967174.7,0,Normal,Automated push notification + email campaign,4
CUST023049,Mass,0.983724567829831,Critical,1,878790.4299999999,0,Normal,Automated push notification + email campaign,4
CUST041792,Mass,0.995388360446816,Critical,1,4975887.55,0,Normal,Automated push notification + email campaign,4
CUST031595,Mass,1.0,Critical,1,3492344.61,0,Normal,Automated push notification + email campaign,4
CUST020337,Mass,0.9917156385281386,Critical,1,2649341.88,0,Normal,Automated push notification + email campaign,4
CUST002824,Mass,0.9824058593316988,Critical,1,5965260.779999999,0,Normal,Automated push notification + email campaign,4
CUST023413,Mass,0.985335670231559,Critical,1,4823438.88,0,Normal,Automated push notification + email campaign,4
CUST012751,Mass,0.9515364180243172,Critical,1,8642065.14,0,Normal,Automated push notification + email campaign,4
CUST047100,Mass,1.0,Critical,1,1694132.88,0,Normal,Automated push notification + email campaign,4
CUST009930,Mass,0.9986111111111112,Critical,1,2548942.35,0,Normal,Automated push notification + email campaign,4
CUST009070,Mass,0.997583877925152,Critical,1,3709024.7,0,Normal,Automated push notification + email campaign,4
CUST049738,Mass,0.9959334809192496,Critical,1,5325301.59,0,Normal,Automated push notification + email campaign,4
CUST049170,Mass,0.9744695555764116,Critical,1,6564278.76,0,Normal,Automated push notification + email campaign,4
CUST034079,Mass,0.9781378796732118,Critical,1,2910816.58,0,Normal,Automated push notification + email campaign,4
CUST020372,Mass,0.9995705741008956,Critical,1,4991369.029999999,0,Normal,Automated push notification + email campaign,4
CUST032237,Mass,0.9819417720704948,Critical,1,1418647.77,1,Other anomaly,Automated push notification + email campaign,4
CUST006755,Mass,0.9861597657610588,Critical,1,9742784.28,0,Normal,Automated push notification + email campaign,4
CUST024762,Mass,0.996105311077574,Critical,1,1245628.6,1,Other anomaly,Automated push notification + email campaign,4
CUST019511,Mass,0.9951686507936508,Critical,1,2376344.1,0,Normal,Automated push notification + email campaign,4
CUST046612,Mass,0.99825,Critical,1,5212429.7,0,Normal,Automated push notification + email campaign,4
CUST003459,Mass,0.9821835856954648,Critical,1,1574581.42,1,Other anomaly,Automated push notification + email campaign,4
CUST041624,Mass,0.9787357186414184,Critical,1,7052514.0200000005,0,Normal,Automated push notification + email campaign,4
CUST044353,Mass,0.9957891618185736,Critical,1,1738968.02,0,Normal,Automated push notification + email campaign,4
CUST035363,Mass,0.9875891838374876,Critical,1,5209462.83,0,Normal,Automated push notification + email campaign,4
CUST029336,Mass,0.9659751288844416,Critical,1,8845708.41,0,Normal,Automated push notification + email campaign,4
CUST018045,Mass,0.9990171938973128,Critical,1,9542947.95,0,Normal,Automated push notification + email campaign,4
CUST033716,Mass,0.9865628939225204,Critical,1,6772092.59,0,Normal,Automated push notification + email campaign,4
CUST023015,Mass,0.9987087912087912,Critical,1,3532988.52,0,Normal,Automated push notification + email campaign,4
CUST043826,Mass,0.6679338208891445,High,1,1780093.21,0,Normal,Targeted email campaign,5
CUST037598,Mass,0.6314264021190561,High,1,5689563.6,0,Normal,Targeted email campaign,5
CUST035981,Mass,0.552610750385978,High,0,3764858.44,0,Normal,Targeted email campaign,5
CUST013899,Mass,0.6748550310514274,High,0,3513494.84,0,Normal,Targeted email campaign,5
CUST033352,Mass,0.604035468589721,High,0,8814201.07,0,Normal,Targeted email campaign,5
CUST023862,Mass,0.6860404495151594,High,1,3753353.25,0,Normal,Targeted email campaign,5
CUST020511,Mass,0.6108262783331898,High,0,6200805.06,0,Normal,Targeted email campaign,5
CUST013950,Mass,0.6608787224935497,High,0,6519599.1,0,Normal,Targeted email campaign,5
CUST041701,Mass,0.6389178815903346,High,0,4978071.73,0,Normal,Targeted email campaign,5
CUST046493,Mass,0.6643740548333557,High,1,3069729.06,0,Normal,Targeted email campaign,5
CUST000010,Mass,0.5986037105937944,High,1,6616069.09,0,Normal,Targeted email campaign,5
CUST043933,Mass,0.5824517260630508,High,1,4823103.81,0,Normal,Targeted email campaign,5
CUST018364,Mass,0.6195811205671078,High,1,2062795.93,0,Normal,Targeted email campaign,5
CUST029174,Mass,0.6672905800348593,High,1,4004988.92,0,Normal,Targeted email campaign,5
CUST009134,Mass,0.6899966876421142,High,1,3854232.56,0,Normal,Targeted email campaign,5
CUST034616,Mass,0.6174197002772686,High,0,2649693.14,0,Normal,Targeted email campaign,5
CUST005926,Mass,0.6337415042414396,High,1,4321041.96,0,Normal,Targeted email campaign,5
CUST013526,Mass,0.5106739898835957,High,0,8881747.97,0,Normal,Targeted email campaign,5
CUST040383,Mass,0.5563767562933691,High,0,4610905.94,0,Normal,Targeted email campaign,5
CUST008043,Mass,0.6988913375075456,High,1,8312761.02,0,Normal,Targeted email campaign,5
CUST022426,Mass,0.6929919195959968,High,0,6812793.3,0,Normal,Targeted email campaign,5
CUST023347,Mass,0.5951059986731421,High,1,6697593.529999999,0,Normal,Targeted email campaign,5
CUST045558,Mass,0.6662962898209586,High,0,4575967.21,0,Normal,Targeted email campaign,5
CUST006919,Mass,0.6294345605390232,High,0,6352447.52,0,Normal,Targeted email campaign,5
CUST017863,Mass,0.5664458115382732,High,1,6836062.39,0,Normal,Targeted email campaign,5
CUST033455,Mass,0.6285437855290289,High,1,3202594.76,0,Normal,Targeted email campaign,5
CUST023023,Mass,0.6568889730973188,High,1,4386809.350000001,0,Normal,Targeted email campaign,5
CUST023486,Mass,0.5141659815253183,High,0,3054538.41,0,Normal,Targeted email campaign,5
CUST028631,Mass,0.5255463363611909,High,0,1708964.66,0,Normal,Targeted email campaign,5
CUST011546,Mass,0.6831960157307398,High,1,3497524.69,0,Normal,Targeted email campaign,5
CUST000280,Mass,0.636758250273849,High,0,3891064.81,0,Normal,Targeted email campaign,5
CUST036187,Mass,0.6545259872328718,High,0,2373691.66,0,Normal,Targeted email campaign,5
CUST012995,Mass,0.6208377524253325,High,1,5024578.75,0,Normal,Targeted email campaign,5
CUST024953,Mass,0.5364465994532853,High,0,3172502.15,0,Normal,Targeted email campaign,5
CUST036031,Mass,0.6041491002008069,High,0,8095859.609999999,0,Normal,Targeted email campaign,5
CUST024759,Mass,0.6046468898194841,High,0,2846790.92,0,Normal,Targeted email campaign,5
CUST001603,Mass,0.6876686770887211,High,1,8253005.369999999,0,Normal,Targeted email campaign,5
CUST027422,Mass,0.6682976801846892,High,1,11421151.8,0,Normal,Targeted email campaign,5
CUST033512,Mass,0.560181347284955,High,0,2742703.14,0,Normal,Targeted email campaign,5
CUST028524,Mass,0.5890845382471636,High,1,4601490.05,0,Normal,Targeted email campaign,5
CUST012770,Mass,0.6034146976612477,High,0,3269629.72,0,Normal,Targeted email campaign,5
CUST040343,Mass,0.6378760036273068,High,1,4829806.47,0,Normal,Targeted email campaign,5
CUST035178,Mass,0.6316370032465298,High,1,3088047.44,0,Normal,Targeted email campaign,5
CUST042253,Mass,0.5650437194297251,High,0,4344720.21,0,Normal,Targeted email campaign,5
CUST021354,Mass,0.6024016219526986,High,1,4098070.55,0,Normal,Targeted email campaign,5
CUST032666,Mass,0.5942875527816682,High,1,4061727.98,0,Normal,Targeted email campaign,5
CUST009013,Mass,0.5475178549308494,High,0,7850647.34,0,Normal,Targeted email campaign,5
CUST004987,Mass,0.5175653879439603,High,0,4234055.04,0,Normal,Targeted email campaign,5
CUST047325,Mass,0.5138357831038105,High,0,3388914.96,0,Normal,Targeted email campaign,5
CUST040756,Mass,0.6936303626356046,High,1,4842223.41,0,Normal,Targeted email campaign,5
CUST000872,Mass,0.554323641871534,High,1,6895711.33,0,Normal,Targeted email campaign,5
CUST006024,Mass,0.5816998971331884,High,1,3135357.4,0,Normal,Targeted email campaign,5
CUST022888,Mass,0.6186489531365481,High,0,4144214.0,0,Normal,Targeted email campaign,5
CUST026489,Mass,0.6728582616261484,High,0,3380260.59,0,Normal,Targeted email campaign,5
CUST042164,Mass,0.6012732327242162,High,1,7734664.36,0,Normal,Targeted email campaign,5
CUST045982,Mass,0.5955467822663066,High,0,2066110.75,0,Normal,Targeted email campaign,5
CUST030668,Mass,0.5230863602207746,High,1,6284122.03,0,Normal,Targeted email campaign,5
CUST022749,Mass,0.695361952793059,High,1,1496036.06,0,Normal,Targeted email campaign,5
CUST024187,Mass,0.6114866783972834,High,1,5069779.569999999,0,Normal,Targeted email campaign,5
CUST043312,Mass,0.5990223321049906,High,1,7438117.07,0,Normal,Targeted email campaign,5
CUST018209,Mass,0.6707825779638655,High,0,3540348.73,0,Normal,Targeted email campaign,5
CUST033235,Mass,0.6558674858428704,High,1,7121164.04,0,Normal,Targeted email campaign,5
CUST019838,Mass,0.5165397873190739,High,0,5798344.539999999,0,Normal,Targeted email campaign,5
CUST029978,Mass,0.5464950806450337,High,0,4334475.08,0,Normal,Targeted email campaign,5
CUST005152,Mass,0.6785589373673869,High,1,3660695.49,0,Normal,Targeted email campaign,5
CUST043595,Mass,0.6732175858893524,High,0,3928885.82,0,Normal,Targeted email campaign,5
CUST042389,Mass,0.5105604736568354,High,0,8944157.65,0,Normal,Targeted email campaign,5
CUST035654,Mass,0.6706935293261609,High,0,2749533.74,0,Normal,Targeted email campaign,5
CUST001137,Mass,0.593665878780277,High,1,4902079.98,0,Normal,Targeted email campaign,5
CUST040593,Mass,0.6376765713497448,High,0,4594884.49,0,Normal,Targeted email campaign,5
CUST039914,Mass,0.6774205205859017,High,1,3141079.52,0,Normal,Targeted email campaign,5
CUST013315,Mass,0.6231000885651343,High,0,8186804.07,0,Normal,Targeted email campaign,5
CUST034834,Mass,0.5638159880352202,High,1,3356457.05,0,Normal,Targeted email campaign,5
CUST040981,Mass,0.6914549266853117,High,0,3426234.35,0,Normal,Targeted email campaign,5
CUST013189,Mass,0.5890654078449374,High,1,3463434.46,0,Normal,Targeted email campaign,5
CUST037566,Mass,0.6735857860002818,High,1,7328274.77,0,Normal,Targeted email campaign,5
CUST007820,Mass,0.6228491132267434,High,0,2959683.64,0,Normal,Targeted email campaign,5
CUST032163,Mass,0.5149146972887937,High,0,5782664.96,0,Normal,Targeted email campaign,5
CUST036154,Mass,0.5832545071187007,High,1,3755028.93,0,Normal,Targeted email campaign,5
CUST027458,Mass,0.5874742903201586,High,1,5881398.82,0,Normal,Targeted email campaign,5
CUST000955,Mass,0.6975602182066407,High,0,6773625.28,0,Normal,Targeted email campaign,5
CUST024348,Mass,0.5690757633295416,High,1,3424426.63,0,Normal,Targeted email campaign,5
CUST034361,Mass,0.6639619613490008,High,0,1526920.12,0,Normal,Targeted email campaign,5
CUST044266,Mass,0.6973434887685809,High,0,6771695.14,0,Normal,Targeted email campaign,5
CUST049064,Mass,0.6820149857194834,High,0,16406614.33,0,Normal,Targeted email campaign,5
CUST028486,Mass,0.6614785845366744,High,0,4579552.109999999,0,Normal,Targeted email campaign,5
CUST024472,Mass,0.6155203659144054,High,0,7324515.93,0,Normal,Targeted email campaign,5
CUST008229,Mass,0.5764522105175868,High,1,3297555.8,0,Normal,Targeted email campaign,5
CUST030040,Mass,0.6356042476487034,High,1,3487309.68,0,Normal,Targeted email campaign,5
CUST006992,Mass,0.5314211866394585,High,0,5160072.57,0,Normal,Targeted email campaign,5
CUST027457,Mass,0.6225698361862488,High,1,4820070.34,0,Normal,Targeted email campaign,5
CUST009299,Mass,0.6208243648534579,High,1,4151005.52,0,Normal,Targeted email campaign,5
CUST039551,Mass,0.6308650481210302,High,0,4567281.8,0,Normal,Targeted email campaign,5
CUST038183,Mass,0.6234565179492871,High,0,5310443.06,0,Normal,Targeted email campaign,5
CUST003596,Mass,0.5962185421235843,High,1,2670205.65,0,Normal,Targeted email campaign,5
CUST037769,Mass,0.572769798049057,High,0,8887358.53,0,Normal,Targeted email campaign,5
CUST016630,Mass,0.5566502364479458,High,1,2686555.77,0,Normal,Targeted email campaign,5
CUST020255,Mass,0.5645002099000438,High,1,6818665.93,0,Normal,Targeted email campaign,5
CUST033434,Mass,0.5954389497127888,High,0,9382169.37,0,Normal,Targeted email campaign,5
CUST028226,Mass,0.6770666882782251,High,0,3345425.6,0,Normal,Targeted email campaign,5
CUST021495,Mass,0.6289379059270824,High,1,5724215.850000001,0,Normal,Targeted email campaign,5
CUST011439,Mass,0.6379194982961691,High,0,1242228.8,0,Normal,Targeted email campaign,5
CUST037438,Mass,0.6409312019230711,High,1,6824445.21,0,Normal,Targeted email campaign,5
CUST037582,Mass,0.5197220450583595,High,0,6197205.9,0,Normal,Targeted email campaign,5
CUST039308,Mass,0.6905610718706536,High,1,6451672.65,0,Normal,Targeted email campaign,5
CUST038828,Mass,0.6712597757777496,High,1,2647963.6300000004,0,Normal,Targeted email campaign,5
CUST017602,Mass,0.6200308448457175,High,0,9804550.66,0,Normal,Targeted email campaign,5
CUST017924,Mass,0.5561850653619796,High,0,3641191.46,0,Normal,Targeted email campaign,5
CUST008494,Mass,0.6566763235762089,High,0,2909847.33,0,Normal,Targeted email campaign,5
CUST047054,Mass,0.6062885008628286,High,0,1798353.12,0,Normal,Targeted email campaign,5
CUST046736,Mass,0.5106801286769909,High,1,6933868.29,0,Normal,Targeted email campaign,5
CUST035976,Mass,0.6830196131410864,High,0,4901544.03,0,Normal,Targeted email campaign,5
CUST049276,Mass,0.6629993058039172,High,0,3270526.61,0,Normal,Targeted email campaign,5
CUST047548,Mass,0.6562123605335374,High,0,1389304.17,0,Normal,Targeted email campaign,5
CUST002333,Mass,0.5580668573257939,High,0,5164338.23,0,Normal,Targeted email campaign,5
CUST030419,Mass,0.695523200522209,High,0,8601762.01,0,Normal,Targeted email campaign,5
CUST035984,Mass,0.6482811103824404,High,0,3024737.52,0,Normal,Targeted email campaign,5
CUST044579,Mass,0.6472674083792523,High,0,4809011.52,0,Normal,Targeted email campaign,5
CUST012766,Mass,0.5697692055051485,High,1,2120868.83,0,Normal,Targeted email campaign,5
CUST007211,Mass,0.572952119739605,High,1,2732574.48,0,Normal,Targeted email campaign,5
CUST045133,Mass,0.5805462223154195,High,1,6312812.42,0,Normal,Targeted email campaign,5
CUST013611,Mass,0.6580577872287818,High,1,5254651.840000001,0,Normal,Targeted email campaign,5
CUST003588,Mass,0.6039528510974921,High,0,5574421.09,0,Normal,Targeted email campaign,5
CUST015043,Mass,0.6536523696766073,High,0,5822536.5600000005,0,Normal,Targeted email campaign,5
CUST006964,Mass,0.613785899379035,High,0,13831500.1,0,Normal,Targeted email campaign,5
CUST031526,Mass,0.6010362034852306,High,1,3222673.4,0,Normal,Targeted email campaign,5
CUST040233,Mass,0.5842855754463534,High,1,4650482.390000001,0,Normal,Targeted email campaign,5
CUST005458,Mass,0.6920820929635445,High,1,9567727.3,0,Normal,Targeted email campaign,5
CUST012384,Mass,0.6674609403940852,High,0,2629356.98,0,Normal,Targeted email campaign,5
CUST018888,Mass,0.6204364679873394,High,0,3348281.45,0,Normal,Targeted email campaign,5
CUST046530,Mass,0.5688935063093329,High,0,8214545.05,0,Normal,Targeted email campaign,5
CUST031046,Mass,0.6449922021596285,High,1,3849782.5,0,Normal,Targeted email campaign,5
CUST030950,Mass,0.5252310570558868,High,0,3496468.79,0,Normal,Targeted email campaign,5
CUST021092,Mass,0.6404892713729248,High,1,1365301.67,0,Normal,Targeted email campaign,5
CUST011276,Mass,0.687478254548244,High,1,4992777.010000001,0,Normal,Targeted email campaign,5
CUST006378,Mass,0.6039796444122552,High,0,5636675.74,0,Normal,Targeted email campaign,5
CUST020105,Mass,0.699513888430767,High,0,3669953.07,0,Normal,Targeted email campaign,5
CUST020122,Mass,0.6571594623601709,High,1,3563655.65,0,Normal,Targeted email campaign,5
CUST045725,Mass,0.690344403270316,High,0,6614341.93,0,Normal,Targeted email campaign,5
CUST019955,Mass,0.6366229716871725,High,0,5192476.300000001,0,Normal,Targeted email campaign,5
CUST013991,Mass,0.5981023849341398,High,0,9221572.96,0,Normal,Targeted email campaign,5
CUST026865,Mass,0.5104269969522721,High,0,8168179.029999999,0,Normal,Targeted email campaign,5
CUST046467,Mass,0.6195797167655815,High,1,4579043.359999999,0,Normal,Targeted email campaign,5
CUST027516,Mass,0.5949237226508682,High,1,4503707.78,0,Normal,Targeted email campaign,5
CUST029561,Mass,0.5341374822168903,High,0,4311190.98,0,Normal,Targeted email campaign,5
CUST009859,Mass,0.6807264012687925,High,1,8887519.94,0,Normal,Targeted email campaign,5
CUST030028,Mass,0.5954320760234963,High,0,4997850.399999999,0,Normal,Targeted email campaign,5
CUST046007,Mass,0.5852017739488119,High,0,5238992.0600000005,0,Normal,Targeted email campaign,5
CUST013827,Mass,0.6896873288999918,High,1,2673126.63,0,Normal,Targeted email campaign,5
CUST021341,Mass,0.6327799718736569,High,1,3778868.75,0,Normal,Targeted email campaign,5
CUST034173,Mass,0.6682097750187137,High,0,6605834.53,0,Normal,Targeted email campaign,5
CUST004512,Mass,0.5919746971124848,High,1,5651679.34,0,Normal,Targeted email campaign,5
CUST033878,Mass,0.6714196686731526,High,0,5250463.8,0,Normal,Targeted email campaign,5
CUST030183,Mass,0.5718964767070368,High,0,4645176.399999999,0,Normal,Targeted email campaign,5
CUST021439,Mass,0.5520157600984219,High,0,7121986.23,0,Normal,Targeted email campaign,5
CUST042296,Mass,0.554125078015922,High,0,5080627.16,0,Normal,Targeted email campaign,5
CUST018810,Mass,0.6280617032447946,High,1,6675414.22,0,Normal,Targeted email campaign,5
CUST044618,Mass,0.5446321513601577,High,0,3928184.46,0,Normal,Targeted email campaign,5
CUST033255,Mass,0.539857964287901,High,0,2087046.06,0,Normal,Targeted email campaign,5
CUST048333,Mass,0.6881837645968655,High,0,2455468.97,0,Normal,Targeted email campaign,5
CUST000062,Mass,0.6360670090990533,High,1,4771416.75,0,Normal,Targeted email campaign,5
CUST035244,Mass,0.5247933657421219,High,0,3814538.65,0,Normal,Targeted email campaign,5
CUST020545,Mass,0.6018085996648859,High,0,3768879.39,0,Normal,Targeted email campaign,5
CUST033335,Mass,0.5681180508999336,High,0,9232166.32,0,Normal,Targeted email campaign,5
CUST028687,Mass,0.6996947989136708,High,1,3180218.23,0,Normal,Targeted email campaign,5
CUST007251,Mass,0.6654496396295155,High,0,4553540.970000001,0,Normal,Targeted email campaign,5
CUST044688,Mass,0.6380459058338918,High,0,3640749.49,0,Normal,Targeted email campaign,5
CUST008558,Mass,0.5787582809530081,High,0,7625721.52,0,Normal,Targeted email campaign,5
CUST036420,Mass,0.6534495802662785,High,0,5285718.64,0,Normal,Targeted email campaign,5
CUST017828,Mass,0.6887219736834247,High,0,6961377.25,0,Normal,Targeted email campaign,5
CUST014773,Mass,0.5745625650465184,High,1,4053548.76,0,Normal,Targeted email campaign,5
CUST001592,Mass,0.6077890979686117,High,1,2941559.6,0,Normal,Targeted email campaign,5
CUST025046,Mass,0.5607508115979902,High,0,3644779.32,0,Normal,Targeted email campaign,5
CUST000334,Mass,0.6607212244546493,High,1,3939137.79,0,Normal,Targeted email campaign,5
CUST040582,Mass,0.6050603134919192,High,1,4952205.33,0,Normal,Targeted email campaign,5
CUST019290,Mass,0.6810850329862808,High,0,4742970.84,0,Normal,Targeted email campaign,5
CUST003415,Mass,0.5832758097793793,High,1,4771877.42,0,Normal,Targeted email campaign,5
CUST038602,Mass,0.5783937479255932,High,1,5120040.91,0,Normal,Targeted email campaign,5
CUST037118,Mass,0.6182530975627242,High,0,2311177.5500000003,0,Normal,Targeted email campaign,5
CUST034761,Mass,0.6175173443992342,High,0,4225550.34,0,Normal,Targeted email campaign,5
CUST012869,Mass,0.6034664863671129,High,0,2988264.91,0,Normal,Targeted email campaign,5
CUST010176,Mass,0.6272825622880073,High,1,2847522.93,0,Normal,Targeted email campaign,5
CUST004561,Mass,0.6093936687796165,High,0,4599330.5600000005,0,Normal,Targeted email campaign,5
CUST003569,Mass,0.6695126676767231,High,1,3501703.92,0,Normal,Targeted email campaign,5
CUST003671,Mass,0.6537555353203314,High,0,3490046.45,0,Normal,Targeted email campaign,5
CUST034678,Mass,0.6238550213694677,High,0,3874073.06,0,Normal,Targeted email campaign,5
CUST013937,Mass,0.6485138814632595,High,1,4693364.63,0,Normal,Targeted email campaign,5
CUST016001,Mass,0.5430472662409644,High,1,8028077.350000001,0,Normal,Targeted email campaign,5
CUST025892,Mass,0.6368831845362122,High,1,2296893.22,0,Normal,Targeted email campaign,5
CUST026456,Mass,0.5866491804539278,High,1,6887355.12,0,Normal,Targeted email campaign,5
CUST000362,Mass,0.6313319370684463,High,1,12155527.27,0,Normal,Targeted email campaign,5
CUST016505,Mass,0.5509022945805977,High,1,3485318.5300000003,0,Normal,Targeted email campaign,5
CUST001322,Mass,0.5871354112884352,High,0,4971623.72,0,Normal,Targeted email campaign,5
CUST028086,Mass,0.6517023525794805,High,1,3882309.3,0,Normal,Targeted email campaign,5
CUST018773,Mass,0.6015661156953519,High,1,3814317.29,0,Normal,Targeted email campaign,5
CUST011455,Mass,0.6989047933700964,High,0,9965395.5,0,Normal,Targeted email campaign,5
CUST049905,Mass,0.6116047226436802,High,0,4051282.31,0,Normal,Targeted email campaign,5
CUST004533,Mass,0.6234615761217871,High,0,3683442.94,0,Normal,Targeted email campaign,5
CUST010035,Mass,0.5763198461717476,High,0,7282297.38,0,Normal,Targeted email campaign,5
CUST034594,Mass,0.6374523776645096,High,1,2630064.04,0,Normal,Targeted email campaign,5
CUST019500,Mass,0.581754659596013,High,0,5919198.470000001,0,Normal,Targeted email campaign,5
CUST032524,Mass,0.5796610877128466,High,0,2551075.16,0,Normal,Targeted email campaign,5
CUST006907,Mass,0.6224419926644448,High,0,7940783.73,0,Normal,Targeted email campaign,5
CUST030384,Mass,0.6928507675972634,High,0,5971420.28,0,Normal,Targeted email campaign,5
CUST047345,Mass,0.6993410583246383,High,1,2787519.23,0,Normal,Targeted email campaign,5
CUST049077,Mass,0.664736433416179,High,1,1690228.41,0,Normal,Targeted email campaign,5
CUST016801,Mass,0.6152355972672074,High,0,8273941.06,0,Normal,Targeted email campaign,5
CUST024039,Mass,0.5637820545478153,High,0,2320195.77,0,Normal,Targeted email campaign,5
CUST013779,Mass,0.5232771385505507,High,0,3383057.73,0,Normal,Targeted email campaign,5
CUST015313,Mass,0.6517426570613057,High,0,11657815.43,0,Normal,Targeted email campaign,5
CUST018644,Mass,0.5762870742111967,High,0,5188641.27,0,Normal,Targeted email campaign,5
CUST027323,Mass,0.6446814352680404,High,1,8196069.25,0,Normal,Targeted email campaign,5
CUST040398,Mass,0.63766115353189,High,0,6551013.890000001,0,Normal,Targeted email campaign,5
CUST033779,Mass,0.68182226283439,High,0,6199031.92,0,Normal,Targeted email campaign,5
CUST015310,Mass,0.5945649482015751,High,0,4222242.47,0,Normal,Targeted email campaign,5
CUST041660,Mass,0.6315123465391623,High,1,10934905.72,0,Normal,Targeted email campaign,5
CUST012653,Mass,0.6710016520018598,High,0,4513932.06,0,Normal,Targeted email campaign,5
CUST007933,Mass,0.5539396248752739,High,0,9004058.61,0,Normal,Targeted email campaign,5
CUST043733,Mass,0.6511689133339545,High,0,8399796.1,0,Normal,Targeted email campaign,5
CUST006847,Mass,0.6165079591814139,High,1,4885021.52,0,Normal,Targeted email campaign,5
CUST049463,Mass,0.6059347194471512,High,0,10766387.78,0,Normal,Targeted email campaign,5
CUST016627,Mass,0.5476625992056686,High,1,4992791.91,0,Normal,Targeted email campaign,5
CUST027446,Mass,0.5800639497328836,High,0,6829034.25,0,Normal,Targeted email campaign,5
CUST024657,Mass,0.6440357264186887,High,0,8310046.9,0,Normal,Targeted email campaign,5
CUST026219,Mass,0.5514559524461036,High,0,7637981.550000001,0,Normal,Targeted email campaign,5
CUST022479,Mass,0.6398018352453952,High,1,7490676.93,0,Normal,Targeted email campaign,5
CUST034119,Mass,0.6631603886950144,High,0,6219752.22,0,Normal,Targeted email campaign,5
CUST043984,Mass,0.486169439490743,Medium,1,5664510.26,0,Normal,Watchlist — monitor for 2 weeks,6
CUST032523,Affluent,0.3074774990667537,Medium,0,13969259.0,0,Normal,Watchlist — monitor for 2 weeks,6
CUST003544,Mass,0.3202283638641072,Medium,0,9761219.1,0,Normal,Watchlist — monitor for 2 weeks,6
CUST014776,Affluent,0.3547926142905301,Medium,0,14773333.63,0,Normal,Watchlist — monitor for 2 weeks,6
CUST015976,Affluent,0.306671174224672,Medium,0,12043350.11,0,Normal,Watchlist — monitor for 2 weeks,6
CUST007323,Affluent,0.3465836216469173,Medium,0,9803011.45,0,Normal,Watchlist — monitor for 2 weeks,6
CUST044632,Affluent,0.3528044939876996,Medium,0,13597275.25,0,Normal,Watchlist — monitor for 2 weeks,6
CUST028107,HNI,0.303848377663187,Medium,1,39872316.29,0,Normal,Watchlist — monitor for 2 weeks,6
CUST035881,Mass,0.3264698397123061,Medium,0,3393618.2,0,Normal,Watchlist — monitor for 2 weeks,6
CUST040018,Affluent,0.3334860980034668,Medium,0,16316116.07,0,Normal,Watchlist — monitor for 2 weeks,6
CUST008430,Affluent,0.3573203565889896,Medium,0,14248323.27,0,Normal,Watchlist — monitor for 2 weeks,6
CUST032438,Affluent,0.302947425244326,Medium,0,15629372.04,0,Normal,Watchlist — monitor for 2 weeks,6
CUST047460,Ultra HNI,0.3015674516175975,Medium,1,73788433.55,1,High frequency trader,Flag for algo trading review — separate model needed,6
CUST023747,Mass,0.3056866980042094,Medium,0,5065244.09,0,Normal,Watchlist — monitor for 2 weeks,6
CUST002468,Mass,0.3225477699212755,Medium,0,3322921.82,0,Normal,Watchlist — monitor for 2 weeks,6
CUST021174,Affluent,0.3515740332771743,Medium,0,16693423.8,0,Normal,Watchlist — monitor for 2 weeks,6
CUST036831,Mass,0.4882303028107934,Medium,0,7910768.12,0,Normal,Watchlist — monitor for 2 weeks,6
CUST017506,HNI,0.3024489982335923,Medium,0,34004733.82,0,Normal,Watchlist — monitor for 2 weeks,6
CUST015412,Affluent,0.3070378728735292,Medium,0,17456249.43,0,Normal,Watchlist — monitor for 2 weeks,6
CUST046015,Mass,0.469722325454783,Medium,0,3283434.91,0,Normal,Watchlist — monitor for 2 weeks,6
CUST007064,Mass,0.3151093700525695,Medium,0,3335690.0,0,Normal,Watchlist — monitor for 2 weeks,6
CUST005434,Mass,0.4478964720485013,Medium,0,9678901.68,0,Normal,Watchlist — monitor for 2 weeks,6
CUST041250,Mass,0.3147650989437924,Medium,0,3853375.78,0,Normal,Watchlist — monitor for 2 weeks,6
CUST034539,Mass,0.3644230625832193,Medium,0,4189578.26,0,Normal,Watchlist — monitor for 2 weeks,6
CUST020791,Mass,0.3756733396830423,Medium,0,3364024.74,0,Normal,Watchlist — monitor for 2 weeks,6
CUST047043,Affluent,0.3087066168719106,Medium,0,16616215.2,0,Normal,Watchlist — monitor for 2 weeks,6
CUST007604,Mass,0.4783016438733196,Medium,1,5946920.05,0,Normal,Watchlist — monitor for 2 weeks,6
CUST041651,Mass,0.3565592178282176,Medium,1,4652574.550000001,0,Normal,Watchlist — monitor for 2 weeks,6
CUST033086,Mass,0.3037742093487623,Medium,0,4898143.24,0,Normal,Watchlist — monitor for 2 weeks,6
CUST007565,Mass,0.4686042479105045,Medium,1,8265544.6,0,Normal,Watchlist — monitor for 2 weeks,6
CUST009460,Affluent,0.3075493349011734,Medium,0,15850163.9,0,Normal,Watchlist — monitor for 2 weeks,6
CUST010760,Affluent,0.3248756566712046,Medium,0,12746375.18,0,Normal,Watchlist — monitor for 2 weeks,6
CUST004477,Affluent,0.3707580831690896,Medium,0,16156177.16,0,Normal,Watchlist — monitor for 2 weeks,6
CUST017332,Mass,0.3405425211092004,Medium,0,2926700.1100000003,0,Normal,Watchlist — monitor for 2 weeks,6
CUST023555,Mass,0.4779958155202433,Medium,1,4208484.25,0,Normal,Watchlist — monitor for 2 weeks,6
CUST002193,Affluent,0.3283572031741553,Medium,0,13335824.32,0,Normal,Watchlist — monitor for 2 weeks,6
CUST046973,Mass,0.4587142607025869,Medium,1,6762599.739999999,0,Normal,Watchlist — monitor for 2 weeks,6
CUST030149,Affluent,0.3240360343842993,Medium,1,13955329.88,0,Normal,Watchlist — monitor for 2 weeks,6
CUST007997,Affluent,0.3010723513058815,Medium,0,17375406.81,0,Normal,Watchlist — monitor for 2 weeks,6
CUST022459,Mass,0.3371290878533788,Medium,1,3800887.24,0,Normal,Watchlist — monitor for 2 weeks,6
CUST028404,Ultra HNI,0.3127575360828175,Medium,0,66465613.26,1,High frequency trader,Flag for algo trading review — separate model needed,6
CUST016118,Affluent,0.3019994595217033,Medium,0,15807689.33,0,Normal,Watchlist — monitor for 2 weeks,6
CUST001423,Mass,0.4129635421891893,Medium,0,4698042.03,0,Normal,Watchlist — monitor for 2 weeks,6
CUST025277,Mass,0.3534005954973571,Medium,0,6749741.399999999,0,Normal,Watchlist — monitor for 2 weeks,6
CUST002733,Mass,0.3191658521267332,Medium,0,6510893.98,0,Normal,Watchlist — monitor for 2 weeks,6
CUST036695,Affluent,0.3239727297069755,Medium,0,13953917.72,0,Normal,Watchlist — monitor for 2 weeks,6
CUST009933,Affluent,0.345462691238651,Medium,1,14692643.45,0,Normal,Watchlist — monitor for 2 weeks,6
CUST004601,Affluent,0.3116888855501208,Medium,0,15470242.86,0,Normal,Watchlist — monitor for 2 weeks,6
CUST042831,Mass,0.3156216910173334,Medium,0,7154375.43,0,Normal,Watchlist — monitor for 2 weeks,6
CUST048912,Affluent,0.3398263943040923,Medium,0,12095289.46,0,Normal,Watchlist — monitor for 2 weeks,6
CUST020205,Mass,0.3346730842952506,Medium,0,4695937.01,0,Normal,Watchlist — monitor for 2 weeks,6
CUST041748,Affluent,0.3220620864138235,Medium,0,17332213.39,0,Normal,Watchlist — monitor for 2 weeks,6
CUST046067,Mass,0.3098797810000315,Medium,0,6798486.21,0,Normal,Watchlist — monitor for 2 weeks,6
CUST000013,Mass,0.3446338783536922,Medium,0,3739648.71,0,Normal,Watchlist — monitor for 2 weeks,6
CUST001186,Affluent,0.1098633010478326,Low,0,11348345.21,0,Normal,No action needed,7
CUST049318,Mass,0.0021052631578947,Low,0,3107559.95,0,Normal,No action needed,7
CUST046595,Affluent,0.0,,0,19070378.51,0,Normal,No action needed,7
CUST045681,Mass,0.0,,0,2460060.44,0,Normal,No action needed,7
CUST036482,Affluent,0.2825981600534301,Low,0,21483620.63,0,Normal,No action needed,7
CUST012700,Mass,1.607717041800643e-05,Low,0,7633712.470000001,0,Normal,No action needed,7
CUST016993,HNI,0.0007294782319707,Low,0,34575998.15,0,Normal,No action needed,7
CUST043845,Affluent,0.2289103048173916,Low,1,7940773.350000001,0,Normal,No action needed,7
CUST028539,Ultra HNI,0.0021412429378531,Low,0,62517465.68,1,High frequency trader,Flag for algo trading review — separate model needed,7
CUST008508,Affluent,0.0023230526698734,Low,0,15878542.92,0,Normal,No action needed,7
CUST031729,HNI,0.0,,0,43189105.91,0,Normal,No action needed,7
CUST027701,Mass,0.0041718266253869,Low,0,8235279.760000001,0,Normal,No action needed,7
CUST008307,Mass,0.0013043478260869,Low,0,4252179.7,0,Normal,No action needed,7
CUST049998,Affluent,0.0008677685950413,Low,0,14940249.47,0,Normal,No action needed,7
CUST043950,Mass,0.2948610827732901,Low,0,4625820.48,0,Normal,No action needed,7
CUST009184,HNI,0.0002777777777777,Low,0,50036872.43,1,Other anomaly,No action needed,7
CUST018299,Ultra HNI,0.2791156450882138,Low,1,71649667.23,1,High frequency trader,Flag for algo trading review — separate model needed,7
CUST037719,Affluent,0.0984551118804991,Low,0,17430367.1,0,Normal,No action needed,7
CUST031285,Affluent,0.0008677685950413,Low,0,15329716.89,0,Normal,No action needed,7
CUST017989,Mass,0.0013207740956262,Low,0,5426428.92,0,Normal,No action needed,7
CUST020454,Mass,0.0,,0,6016893.28,0,Normal,No action needed,7
CUST046767,Mass,0.0094519110275689,Low,0,2157621.32,0,Normal,No action needed,7
CUST026565,Mass,0.0,,0,8396678.51,0,Normal,No action needed,7
CUST044054,Mass,0.0010613496932515,Low,0,5722565.43,0,Normal,No action needed,7
CUST022859,Mass,0.2430640916727113,Low,0,6932585.470000001,0,Normal,No action needed,7
CUST028994,Mass,0.0038244047619047,Low,0,1928376.96,0,Normal,No action needed,7
CUST045080,Mass,0.0,,0,4216978.5,0,Normal,No action needed,7
CUST003261,Mass,0.1263392714255876,Low,0,4579008.86,0,Normal,No action needed,7
CUST041730,Mass,0.0003649819846851,Low,0,6059186.28,0,Normal,No action needed,7
CUST037193,Mass,0.0041589868941127,Low,0,10621768.98,0,Normal,No action needed,7
CUST002480,Affluent,0.0,,0,16192228.56,0,Normal,No action needed,7
CUST013658,Affluent,5.6657223796034e-05,Low,0,25317509.64,0,Normal,No action needed,7
CUST047427,HNI,0.0023545751633986,Low,0,45053788.11,1,Other anomaly,No action needed,7
CUST002578,Mass,0.006907738095238,Low,0,2061165.67,0,Normal,No action needed,7
CUST034004,Mass,4.1666666666666665e-05,Low,0,4421035.33,0,Normal,No action needed,7
CUST036470,Affluent,0.0002601156069364,Low,0,16461823.069999998,0,Normal,No action needed,7
CUST036743,Affluent,0.0,,0,15940662.37,0,Normal,No action needed,7
CUST020440,Affluent,0.0,,0,18422332.39,0,Normal,No action needed,7
CUST029517,Mass,0.2019253568962099,Low,0,10669254.54,0,Normal,No action needed,7
CUST036393,Mass,0.0048907479899814,Low,0,7954650.45,0,Normal,No action needed,7
CUST017007,Mass,0.1659087073427106,Low,0,4144667.63,0,Normal,No action needed,7
CUST049607,Mass,0.2633339919074351,Low,0,5629811.22,0,Normal,No action needed,7
CUST015523,Affluent,0.0,,0,20178939.05,0,Normal,No action needed,7
CUST011705,HNI,0.002027238911759,Low,0,28424152.35,0,Normal,No action needed,7
CUST047589,Mass,0.0006,Low,0,3559234.62,0,Normal,No action needed,7
CUST031339,Mass,0.000625,Low,0,5842032.55,0,Normal,No action needed,7
CUST002110,Mass,0.00075,Low,0,6041034.260000001,0,Normal,No action needed,7
CUST041643,Affluent,0.00125,Low,0,11828733.95,0,Normal,No action needed,7
CUST000416,Affluent,0.1806068368116634,Low,0,13542599.32,0,Normal,No action needed,7
CUST010220,Affluent,0.1484653742185404,Low,0,15704749.9,0,Normal,No action needed,7
CUST038871,Affluent,0.0001412429378531,Low,0,24440090.51,0,Normal,No action needed,7
CUST000099,Mass,0.0017380952380952,Low,0,10777703.31,0,Normal,No action needed,7
CUST033986,Mass,0.0038704081987664,Low,0,5178751.4,0,Normal,No action needed,7
CUST021772,Mass,0.0086684981684981,Low,0,7291740.79,0,Normal,No action needed,7
CUST023255,Mass,0.005659072517896,Low,0,8093573.72,0,Normal,No action needed,7
CUST001065,Mass,0.0034078341013824,Low,0,4747004.26,0,Normal,No action needed,7
CUST007155,Mass,0.0002380952380952,Low,0,7802506.88,0,Normal,No action needed,7
CUST040086,Affluent,0.1136874528652307,Low,0,10782967.33,0,Normal,No action needed,7
CUST033826,Affluent,0.0003333333333333,Low,0,15048969.67,0,Normal,No action needed,7
CUST048832,Mass,0.1011714477859325,Low,0,5420885.85,0,Normal,No action needed,7
CUST010847,Affluent,0.1338135958101475,Low,0,10757484.93,0,Normal,No action needed,7
CUST002664,HNI,0.0013333333333333,Low,0,35430141.38,0,Normal,No action needed,7
CUST029798,Mass,0.0028260869565217,Low,0,3430345.45,0,Normal,No action needed,7
CUST035285,Mass,0.0064005152456239,Low,0,5631712.49,0,Normal,No action needed,7
CUST010713,Affluent,0.1504823075348239,Low,0,13366375.14,0,Normal,No action needed,7
CUST001897,Mass,0.0005555555555555,Low,0,11158049.27,0,Normal,No action needed,7
CUST024582,Mass,0.1739569789048782,Low,0,3542579.92,0,Normal,No action needed,7
CUST038773,Affluent,0.0023636363636363,Low,0,14374790.28,0,Normal,No action needed,7
CUST006828,Affluent,0.0,,0,18861641.98,0,Normal,No action needed,7
CUST049759,Affluent,0.0,,0,29962767.02,0,Normal,No action needed,7
CUST021369,Mass,0.0028571428571428,Low,0,6059784.25,0,Normal,No action needed,7
CUST013247,Affluent,0.0049206349206349,Low,0,12030429.28,0,Normal,No action needed,7
CUST018102,Mass,0.0006521739130434,Low,0,12250744.38,0,Normal,No action needed,7
CUST038562,Affluent,0.0013809523809523,Low,0,24620991.95,0,Normal,No action needed,7
CUST018384,Affluent,0.001,Low,0,19444102.87,0,Normal,No action needed,7
CUST041320,Mass,0.0,,0,5625966.14,0,Normal,No action needed,7
CUST021072,Affluent,0.0008939393939393,Low,0,22600279.07,0,Normal,No action needed,7
CUST006125,Mass,0.0025336134453781,Low,0,6554584.5200000005,0,Normal,No action needed,7
CUST041536,Affluent,0.1381253648042141,Low,0,18995128.07,0,Normal,No action needed,7
CUST012056,Ultra HNI,0.0028385585003232,Low,0,72240187.27,1,High frequency trader,Flag for algo trading review — separate model needed,7
CUST049874,Affluent,0.0,,0,13762293.14,0,Normal,No action needed,7
CUST039217,Affluent,0.0001388888888888,Low,0,9530868.01,0,Normal,No action needed,7
CUST034268,Mass,0.0041129494597792,Low,0,7670978.850000001,0,Normal,No action needed,7
CUST026680,Ultra HNI,0.0,,0,97919796.76,1,High frequency trader,Flag for algo trading review — separate model needed,7
CUST004617,Affluent,0.0,,0,10181796.52,0,Normal,No action needed,7
CUST026162,HNI,0.0079404761904761,Low,0,43551966.38,0,Normal,No action needed,7
CUST016080,Mass,0.0007692307692307,Low,0,7981479.26,0,Normal,No action needed,7
CUST033072,Mass,0.0020039134438305,Low,0,8985693.18,0,Normal,No action needed,7
CUST028630,Mass,0.0,,0,4143288.47,0,Normal,No action needed,7
CUST029069,Mass,0.0016113373324246,Low,0,7702180.72,0,Normal,No action needed,7
CUST024926,Affluent,0.0989457607917992,Low,0,13028962.46,0,Normal,No action needed,7
CUST001842,Mass,0.0001470588235294,Low,0,7497050.87,0,Normal,No action needed,7
CUST008655,Affluent,0.0009291443850267,Low,0,15852470.37,0,Normal,No action needed,7
CUST038442,Mass,0.2048264020404577,Low,0,7391830.99,0,Normal,No action needed,7
CUST019383,Mass,0.0,,0,6347903.16,0,Normal,No action needed,7
CUST036449,HNI,0.1249003912046342,Low,0,22799834.45,0,Normal,No action needed,7
CUST004585,Affluent,0.0,,0,16776256.14,0,Normal,No action needed,7
CUST043077,Mass,0.0032436243135395,Low,0,10094146.0,0,Normal,No action needed,7
CUST048697,HNI,0.1711331158088483,Low,0,28644033.41,0,Normal,No action needed,7
CUST027254,Mass,0.0114390756302521,Low,0,2817222.62,0,Normal,No action needed,7
CUST009437,Mass,0.0016666666666666,Low,0,7448047.39,0,Normal,No action needed,7
CUST010695,Mass,0.0096453373015873,Low,0,2984585.39,0,Normal,No action needed,7
CUST033955,Mass,0.0004012345679012,Low,0,8536630.05,0,Normal,No action needed,7
CUST048922,Ultra HNI,0.0034871794871794,Low,0,70198522.65,1,High frequency trader,Flag for algo trading review — separate model needed,7
CUST038942,Affluent,0.27243226836717,Low,1,20058050.81,0,Normal,No action needed,7
CUST003738,Mass,0.007521855790371,Low,0,3620760.19,0,Normal,No action needed,7
CUST048690,Mass,0.0021052631578947,Low,0,4311523.28,0,Normal,No action needed,7
CUST036793,Mass,0.0012173906369796,Low,0,5027642.32,0,Normal,No action needed,7
CUST002485,HNI,0.1563498236011822,Low,0,30907324.7,0,Normal,No action needed,7
CUST048322,Mass,0.0062345007933243,Low,0,2474627.55,0,Normal,No action needed,7
CUST024141,Affluent,0.0,,0,23945842.74,0,Normal,No action needed,7
CUST048193,Affluent,0.0001652892561983,Low,0,12549890.7,0,Normal,No action needed,7
CUST000203,HNI,0.0001391530755226,Low,0,39595967.44,0,Normal,No action needed,7
CUST029231,Mass,0.1908802489550822,Low,0,5157964.59,0,Normal,No action needed,7
CUST021879,Mass,0.0003125,Low,0,3311359.47,0,Normal,No action needed,7
CUST001991,Mass,0.000782208588957,Low,0,6286440.54,0,Normal,No action needed,7
CUST005633,Affluent,0.0,,0,13319341.6,0,Normal,No action needed,7
CUST009746,HNI,0.0001412429378531,Low,0,30756132.28,0,Normal,No action needed,7
CUST049104,Mass,0.0041309523809523,Low,0,18687240.35,0,Normal,No action needed,7
CUST024515,Mass,0.007437552213868,Low,0,11055895.63,0,Normal,No action needed,7
CUST009506,Affluent,0.0,,0,20130672.47,0,Normal,No action needed,7
CUST047711,Mass,0.0084128305950711,Low,0,2007324.18,0,Normal,No action needed,7
CUST029345,Mass,0.0130761361961052,Low,0,1407414.3299999998,0,Normal,No action needed,7
CUST015240,Affluent,0.0065205244750293,Low,0,13553477.03,0,Normal,No action needed,7
CUST044039,Mass,0.0,,0,5510112.45,0,Normal,No action needed,7
CUST015426,HNI,0.0,,0,39016293.44,0,Normal,No action needed,7
CUST047331,HNI,0.1199878546192494,Low,0,33166800.58,0,Normal,No action needed,7
CUST031061,Mass,0.1723048102238406,Low,0,8521535.0,0,Normal,No action needed,7
CUST009188,Affluent,0.0002173913043478,Low,0,27986325.56,0,Normal,No action needed,7
CUST044289,Mass,0.0015533088022988,Low,0,8430008.06,0,Normal,No action needed,7
CUST043805,Mass,0.0026470588235294,Low,0,4506380.67,0,Normal,No action needed,7
CUST022452,HNI,0.0,,0,38216204.17,0,Normal,No action needed,7
CUST024575,HNI,0.106566523876464,Low,0,36677661.42,0,Normal,No action needed,7
CUST006034,Mass,0.0009325618144636,Low,0,5890659.48,0,Normal,No action needed,7
CUST013422,Affluent,0.0021802325581395,Low,0,18443812.0,0,Normal,No action needed,7
CUST035836,Affluent,0.109877810457135,Low,0,20282907.37,0,Normal,No action needed,7
CUST036731,Affluent,0.002619535124041,Low,0,12673627.81,0,Normal,No action needed,7
CUST014197,Mass,0.0048906192911947,Low,0,3146053.71,0,Normal,No action needed,7
CUST026863,Affluent,0.0,,0,14731130.21,0,Normal,No action needed,7
CUST010451,Affluent,0.0027888888888888,Low,0,14729382.68,0,Normal,No action needed,7
CUST012212,Mass,0.2892990987925201,Low,0,4796948.98,0,Normal,No action needed,7
CUST026300,Mass,0.0019391540934949,Low,0,5759812.75,0,Normal,No action needed,7
CUST028830,Mass,0.1285680410963833,Low,0,4615569.26,0,Normal,No action needed,7
CUST000301,Ultra HNI,0.0088536345609798,Low,0,102378498.36,1,High frequency trader,Flag for algo trading review — separate model needed,7
CUST029645,Mass,0.0001086956521739,Low,0,10873782.73,0,Normal,No action needed,7
CUST022157,Affluent,0.001,Low,0,10150953.32,0,Normal,No action needed,7
CUST041933,Mass,0.0026282051282051,Low,0,18479521.720000003,0,Normal,No action needed,7
CUST002844,Affluent,0.0039328063241106,Low,0,13251614.9,0,Normal,No action needed,7
CUST008273,Affluent,0.0018055555555555,Low,0,27714338.17,0,Normal,No action needed,7
CUST026478,Mass,0.0011304347826086,Low,0,10455936.02,0,Normal,No action needed,7
CUST011343,Mass,0.0,,0,9581505.55,0,Normal,No action needed,7
CUST031530,Mass,0.0013935574229691,Low,0,6705205.93,0,Normal,No action needed,7
CUST013306,Ultra HNI,0.0,,0,85840059.21000001,1,High frequency trader,Flag for algo trading review — separate model needed,7
CUST015754,Mass,0.0020955882352941,Low,0,3427608.41,0,Normal,No action needed,7
CUST046868,Affluent,0.0,,0,17141796.34,0,Normal,No action needed,7
CUST022641,Mass,0.0,,0,9299271.32,0,Normal,No action needed,7
CUST017121,Affluent,0.0014772727272727,Low,0,15413738.010000002,0,Normal,No action needed,7
CUST036931,Mass,0.0206467008560157,Low,0,3390292.52,0,Normal,No action needed,7
CUST039492,Mass,0.265460178174185,Low,0,4297263.54,0,Normal,No action needed,7
CUST004612,Mass,0.00125,Low,0,4575483.98,0,Normal,No action needed,7
CUST036948,Mass,0.000664935064935,Low,0,7371986.65,0,Normal,No action needed,7
CUST034412,Affluent,0.0,,0,11582769.29,0,Normal,No action needed,7
CUST033232,Mass,0.0,,0,7841749.390000001,0,Normal,No action needed,7
CUST046717,HNI,0.2262546124122903,Low,0,39749343.48,0,Normal,No action needed,7
CUST011666,Mass,0.0022052401746724,Low,0,6331637.16,0,Normal,No action needed,7
CUST037722,Mass,0.001407208588957,Low,0,6802583.890000001,0,Normal,No action needed,7
CUST024016,Mass,0.0,,0,6027829.36,0,Normal,No action needed,7
CUST029186,Mass,0.0015441176470588,Low,0,5568091.05,0,Normal,No action needed,7
CUST001070,HNI,0.0,,0,33110288.52,0,Normal,No action needed,7
CUST037239,Affluent,0.000576923076923,Low,0,27625863.59,0,Normal,No action needed,7
CUST004044,Affluent,0.0,,0,18985687.44,0,Normal,No action needed,7
CUST023629,Mass,0.0004279169527691,Low,0,7522239.66,0,Normal,No action needed,7
CUST003535,Mass,0.1276614512203591,Low,0,9052776.66,0,Normal,No action needed,7
CUST018518,Affluent,0.0009302325581395,Low,0,17834584.51,0,Normal,No action needed,7
CUST023995,Affluent,0.0022222222222222,Low,0,22648735.82,0,Normal,No action needed,7
CUST027690,HNI,0.0010625,Low,0,45225341.99,0,Normal,No action needed,7
CUST027427,Mass,0.000782208588957,Low,0,6692919.899999999,0,Normal,No action needed,7
CUST027841,Mass,0.1410240670924386,Low,0,5779031.74,0,Normal,No action needed,7
CUST019180,Mass,0.0007142857142857,Low,0,13323918.8,0,Normal,No action needed,7
CUST030412,Mass,0.0015992603456896,Low,0,5013325.44,0,Normal,No action needed,7
CUST023205,Mass,0.0,,0,5812534.48,0,Normal,No action needed,7
CUST000727,Affluent,0.0,,0,18947676.32,0,Normal,No action needed,7
CUST002012,Mass,0.0014285714285714,Low,0,2738743.72,0,Normal,No action needed,7
CUST025020,Mass,0.0018528138528138,Low,0,3615660.55,0,Normal,No action needed,7
CUST010099,Ultra HNI,0.0045158098606374,Low,0,75756705.05,1,High frequency trader,Flag for algo trading review — separate model needed,7
CUST021179,Ultra HNI,0.008007479804678,Low,0,67523692.68,1,High frequency trader,Flag for algo trading review — separate model needed,7
CUST023040,Mass,0.0014090909090909,Low,0,2260308.03,0,Normal,No action needed,7
CUST036512,HNI,0.2270534187187532,Low,0,47175650.68,0,Normal,No action needed,7
CUST045586,HNI,0.001031746031746,Low,0,40099854.08,0,Normal,No action needed,7
CUST040881,Mass,0.0004093567251461,Low,0,7109102.550000001,0,Normal,No action needed,7
CUST018752,Affluent,0.00025,Low,0,25062816.54,0,Normal,No action needed,7
CUST004238,Affluent,0.2323702172744303,Low,0,14777808.43,0,Normal,No action needed,7
CUST005710,Mass,0.002016058525547,Low,0,7239025.56,0,Normal,No action needed,7
CUST024166,Mass,0.0001470588235294,Low,0,8026249.51,0,Normal,No action needed,7
CUST037965,Mass,0.0001401869158878,Low,0,7670689.52,0,Normal,No action needed,7
CUST028293,HNI,0.0027712418300653,Low,0,46211460.06,1,Other anomaly,No action needed,7
CUST027250,Mass,0.0018192371475953,Low,0,5602441.85,0,Normal,No action needed,7
CUST039209,Mass,0.000782208588957,Low,0,5847185.779999999,0,Normal,No action needed,7
CUST044498,HNI,0.1379418676417722,Low,0,27948459.49,0,Normal,No action needed,7
CUST042818,Affluent,0.2016895732933476,Low,0,15126774.2,0,Normal,No action needed,7
CUST004578,Affluent,0.0013621794871794,Low,0,13302195.43,0,Normal,No action needed,7
CUST007538,Mass,0.0014786967418546,Low,0,7746394.71,0,Normal,No action needed,7
CUST007089,Affluent,0.1484362134899426,Low,0,15944086.94,0,Normal,No action needed,7
CUST046340,Affluent,0.0003867403314917,Low,0,19993252.16,0,Normal,No action needed,7
CUST028507,Mass,0.001578947368421,Low,0,8403296.23,0,Normal,No action needed,7
CUST028869,Mass,0.0029242424242424,Low,0,3692204.63,0,Normal,No action needed,7
CUST036231,Mass,0.0027163461538461,Low,0,5225663.43,0,Normal,No action needed,7
CUST000305,Mass,0.0005559786747905,Low,0,7489194.25,0,Normal,No action needed,7
CUST015267,Mass,0.0028125,Low,0,6778944.63,0,Normal,No action needed,7
CUST036634,Mass,0.0104239130434782,Low,0,4298454.32,0,Normal,No action needed,7
CUST042728,Affluent,0.0,,0,13228429.83,0,Normal,No action needed,7
CUST002148,Affluent,6.493506493506494e-05,Low,0,15817154.43,0,Normal,No action needed,7
CUST035588,Affluent,0.0,,0,20143649.42,0,Normal,No action needed,7
CUST020750,Mass,0.0061031382804838,Low,0,5713730.11,0,Normal,No action needed,7
CUST041024,Affluent,0.1538975421938113,Low,0,14003556.37,0,Normal,No action needed,7
CUST010867,Affluent,0.0019230769230769,Low,0,10772611.56,0,Normal,No action needed,7
CUST046274,HNI,0.1482318178161694,Low,0,33338813.62,0,Normal,No action needed,7
CUST049719,Affluent,0.0036725427350427,Low,0,20548015.98,0,Normal,No action needed,7
CUST020887,Mass,0.0176266639862802,Low,0,3719624.65,0,Normal,No action needed,7
CUST007022,HNI,0.0021875,Low,0,52529927.23,0,Normal,No action needed,7
CUST019588,Affluent,0.00032877882152,Low,0,12925567.33,0,Normal,No action needed,7
CUST026764,HNI,0.0004166666666666,Low,0,39266285.96,0,Normal,No action needed,7
CUST040849,HNI,0.1782446443917698,Low,0,36036396.06,0,Normal,No action needed,7
CUST020209,Mass,0.0015384615384615,Low,0,5266551.99,0,Normal,No action needed,7
CUST022439,Mass,0.0,,0,4069147.17,0,Normal,No action needed,7
CUST025953,Mass,0.0016585127201565,Low,0,5995498.08,0,Normal,No action needed,7
CUST015194,Mass,0.1128293044519195,Low,0,6039306.52,0,Normal,No action needed,7
CUST044906,Mass,0.003810426557891,Low,0,3250233.34,0,Normal,No action needed,7
CUST043827,Mass,0.0021568439852021,Low,0,6292804.59,0,Normal,No action needed,7
CUST047825,Affluent,0.0,,0,14912324.56,0,Normal,No action needed,7
CUST026105,Affluent,0.0007155191530117,Low,0,17077478.55,0,Normal,No action needed,7
CUST036289,Ultra HNI,0.0073824834902607,Low,0,68112544.53,1,High frequency trader,Flag for algo trading review — separate model needed,7
CUST015496,Mass,0.0068352842809364,Low,0,8257560.02,0,Normal,No action needed,7
CUST041013,Mass,0.0003206562266964,Low,0,5761586.07,0,Normal,No action needed,7
CUST046720,Mass,0.0001072607260726,Low,0,7916573.29,0,Normal,No action needed,7
CUST026133,Affluent,0.0,,0,14443824.62,0,Normal,No action needed,7
CUST010661,Affluent,0.0003703703703703,Low,0,20641345.96,0,Normal,No action needed,7
CUST003533,Affluent,0.0,,0,17015396.18,0,Normal,No action needed,7
CUST029478,Affluent,0.0026732232659645,Low,0,13564608.61,0,Normal,No action needed,7
CUST041070,Mass,0.0101400560224089,Low,0,2447462.77,0,Normal,No action needed,7
CUST034026,Mass,0.0013888888888888,Low,0,8181275.06,0,Normal,No action needed,7
CUST030728,Mass,0.0,,0,4444809.18,0,Normal,No action needed,7
CUST009237,Mass,0.0,,0,6188752.22,0,Normal,No action needed,7
CUST044932,Mass,0.1494797000997948,Low,0,6296794.25,0,Normal,No action needed,7
CUST003824,HNI,0.0036683904330963,Low,0,46094260.55,0,Normal,No action needed,7
CUST008650,Mass,0.0047029114676173,Low,0,3220044.44,0,Normal,No action needed,7
CUST040377,Mass,0.000782208588957,Low,0,12538055.39,0,Normal,No action needed,7
CUST014627,Affluent,9.09090909090909e-05,Low,0,19586078.35,0,Normal,No action needed,7
CUST001331,HNI,0.0002272727272727,Low,0,35388367.93,0,Normal,No action needed,7
CUST034479,Mass,0.1791551145113128,Low,1,1502605.32,0,Normal,No action needed,7
CUST037327,Mass,0.0004780163599182,Low,0,9361975.3,0,Normal,No action needed,7
CUST007842,Mass,0.001,Low,0,11313284.78,0,Normal,No action needed,7
CUST019348,Mass,0.0,,0,10279703.28,0,Normal,No action needed,7
CUST025888,HNI,0.0038811188811188,Low,0,43364719.29,0,Normal,No action needed,7
CUST014378,Mass,0.0025540232860985,Low,0,9721658.24,0,Normal,No action needed,7
CUST034261,Mass,0.0056194271285409,Low,0,4606539.090000001,0,Normal,No action needed,7
CUST027001,Ultra HNI,0.0032198644267609,Low,0,84873628.19,1,High frequency trader,Flag for algo trading review — separate model needed,7
CUST020676,Affluent,0.0018434343434343,Low,0,17729470.75,0,Normal,No action needed,7
CUST020645,Mass,0.0422356302252843,Low,0,1896618.06,0,Normal,No action needed,7
CUST035721,Affluent,0.0,,0,13357071.63,0,Normal,No action needed,7
CUST043356,Mass,4.1666666666666665e-05,Low,0,4442980.51,0,Normal,No action needed,7
CUST011606,Mass,0.1217868478237502,Low,0,1926198.63,0,Normal,No action needed,7
CUST014285,Affluent,0.0035416666666666,Low,0,30480790.39,0,Normal,No action needed,7
CUST036951,HNI,0.0074722222222222,Low,0,47333445.25,0,Normal,No action needed,7
CUST018720,Affluent,0.0001785714285714,Low,0,15693506.19,0,Normal,No action needed,7
CUST029501,Mass,0.1695951962279015,Low,0,6218533.78,0,Normal,No action needed,7
CUST042814,Mass,0.0010262345679012,Low,0,10573483.73,0,Normal,No action needed,7
CUST018801,Mass,0.0079947377501725,Low,0,2928828.93,0,Normal,No action needed,7
CUST049990,Mass,0.0138821736651916,Low,0,1541577.4,0,Normal,No action needed,7
CUST021524,Affluent,0.0,,0,16972902.24,0,Normal,No action needed,7
CUST024529,Mass,0.2031857050583343,Low,0,5104170.4,0,Normal,No action needed,7
CUST016043,Ultra HNI,0.0009375,Low,0,85970460.59,1,High frequency trader,Flag for algo trading review — separate model needed,7
CUST047186,Affluent,0.0,,0,17763375.52,0,Normal,No action needed,7
CUST003164,Affluent,0.0,,0,18308649.16,0,Normal,No action needed,7
CUST034921,Affluent,0.0,,0,18077205.73,0,Normal,No action needed,7
CUST000451,HNI,0.0008715686274509,Low,0,44585856.94,0,Normal,No action needed,7
CUST023942,Affluent,0.0004411764705882,Low,0,26632183.38,0,Normal,No action needed,7
CUST031748,Affluent,0.0016666666666666,Low,0,16967464.31,0,Normal,No action needed,7
CUST043531,Mass,0.0003206562266964,Low,0,10368932.5,0,Normal,No action needed,7
CUST027753,Mass,4.1666666666666665e-05,Low,0,4506322.88,0,Normal,No action needed,7
CUST023892,Ultra HNI,0.0064334239130434,Low,0,84070463.10000001,1,High frequency trader,Flag for algo trading review — separate model needed,7
CUST027640,Affluent,0.0008333333333333,Low,0,18111056.39,0,Normal,No action needed,7
CUST049013,Mass,0.0373835978835978,Low,0,3047787.51,0,Normal,No action needed,7
CUST000087,Affluent,0.0,,0,11993087.25,0,Normal,No action needed,7
CUST025843,Mass,0.0061664016958134,Low,0,5763855.79,0,Normal,No action needed,7
CUST022429,Mass,0.0008908250355618,Low,0,6964353.76,0,Normal,No action needed,7
CUST006787,Mass,0.0006719367588932,Low,0,4141949.64,0,Normal,No action needed,7
CUST006850,Mass,0.0002272727272727,Low,0,7957171.67,0,Normal,No action needed,7
CUST033635,Mass,0.1317999207028075,Low,0,8945463.39,0,Normal,No action needed,7
CUST010032,HNI,0.0,,0,39799826.05,0,Normal,No action needed,7
CUST042912,HNI,0.0,,0,31806748.61,0,Normal,No action needed,7
CUST016882,Mass,0.0244895116914877,Low,0,3607355.8,0,Normal,No action needed,7
CUST008398,Mass,0.0,,0,6016350.68,0,Normal,No action needed,7
CUST005849,Mass,0.1512611892135931,Low,1,1243974.58,0,Normal,No action needed,7
CUST010785,Mass,0.0003333333333333,Low,0,8214879.23,0,Normal,No action needed,7
CUST025190,Mass,0.0001652892561983,Low,0,10484281.31,0,Normal,No action needed,7
CUST011463,Ultra HNI,0.003307453416149,Low,0,52871666.66,1,High frequency trader,Flag for algo trading review — separate model needed,7
CUST043107,Mass,1.607717041800643e-05,Low,0,5034586.87,0,Normal,No action needed,7
CUST013849,Mass,0.0043333333333333,Low,0,4815691.32,0,Normal,No action needed,7
CUST014443,Affluent,0.0011584249084249,Low,0,23638773.93,0,Normal,No action needed,7
CUST041158,Mass,0.0,,0,5242047.95,0,Normal,No action needed,7
CUST026235,Mass,0.0075234708392603,Low,0,4956886.58,0,Normal,No action needed,7
CUST035021,Mass,0.1768744554968488,Low,0,11152249.77,0,Normal,No action needed,7
CUST002640,Mass,0.2915162323737248,Low,0,5760229.34,0,Normal,No action needed,7
CUST049259,Affluent,0.0013382352941176,Low,0,18890270.43,0,Normal,No action needed,7
CUST024542,Mass,0.0,,0,11272722.16,0,Normal,No action needed,7
CUST010674,Affluent,0.0,,0,21776630.76,0,Normal,No action needed,7
CUST019611,HNI,0.0016666666666666,Low,0,24733064.83,0,Normal,No action needed,7
CUST032927,Affluent,0.0019334975369458,Low,0,13944819.07,0,Normal,No action needed,7
CUST026653,Affluent,0.0019230769230769,Low,0,15922144.2,0,Normal,No action needed,7
CUST003060,Mass,0.0,,0,8326295.8,0,Normal,No action needed,7
CUST012813,Mass,0.0016590909090909,Low,0,5437485.0,0,Normal,No action needed,7
CUST011396,Ultra HNI,0.0021465201465201,Low,0,72681841.93,1,High frequency trader,Flag for algo trading review — separate model needed,7
CUST047163,Mass,0.0002272727272727,Low,0,5729455.86,0,Normal,No action needed,7
CUST008543,Affluent,0.146841760448084,Low,0,14024437.1,0,Normal,No action needed,7
CUST002336,HNI,0.1102556563617499,Low,0,34162227.39,0,Normal,No action needed,7
CUST013227,Mass,0.0033285203870759,Low,0,11037189.31,0,Normal,No action needed,7
CUST040658,Mass,0.0002118644067796,Low,0,9261240.2,0,Normal,No action needed,7
CUST015009,Mass,0.0,,0,6680903.26,0,Normal,No action needed,7
CUST039106,Mass,0.0029824487973659,Low,0,5522707.74,0,Normal,No action needed,7
CUST042346,Affluent,0.0,,0,14730312.25,0,Normal,No action needed,7
CUST004089,Mass,0.0010416666666666,Low,0,3870074.0,0,Normal,No action needed,7
CUST013809,Affluent,0.0003867403314917,Low,0,21109193.25,0,Normal,No action needed,7
CUST039455,Mass,0.0,,0,3312970.46,0,Normal,No action needed,7
CUST027500,Mass,0.0004545454545454,Low,0,5058444.99,0,Normal,No action needed,7
CUST005985,Affluent,0.0014583333333333,Low,0,16178783.3,0,Normal,No action needed,7
CUST037166,HNI,0.001037296037296,Low,0,29262312.21,0,Normal,No action needed,7
CUST018250,Mass,0.0002083333333333,Low,0,7484828.8,0,Normal,No action needed,7
CUST033781,Affluent,0.0,,0,12782200.89,0,Normal,No action needed,7
CUST032207,Affluent,0.0027511961722488,Low,0,17780187.32,0,Normal,No action needed,7
CUST007871,Affluent,0.000625,Low,0,17525458.16,0,Normal,No action needed,7
CUST002894,Mass,0.0031672932330827,Low,0,9448471.83,0,Normal,No action needed,7
CUST004614,Mass,0.1738743831301276,Low,0,5698867.15,0,Normal,No action needed,7
CUST048459,HNI,0.1536598332800847,Low,0,39498211.88,0,Normal,No action needed,7
CUST039924,Mass,0.00356220165017,Low,0,4777954.08,0,Normal,No action needed,7
CUST038396,Affluent,0.0,,0,22027483.33,0,Normal,No action needed,7
CUST006792,Mass,0.0011666666666666,Low,0,4278372.57,0,Normal,No action needed,7
CUST027839,Mass,0.0061166377482166,Low,0,8289818.45,0,Normal,No action needed,7
CUST013060,Mass,0.2412159613494064,Low,0,5827131.49,0,Normal,No action needed,7
CUST036179,Mass,0.00032877882152,Low,0,6158458.13,0,Normal,No action needed,7
CUST028888,Mass,0.0169987952741385,Low,0,1996559.66,0,Normal,No action needed,7
CUST033430,Mass,0.0013157894736842,Low,0,5351682.11,0,Normal,No action needed,7
CUST029593,HNI,0.002089947089947,Low,0,40368124.3,1,High frequency trader,Flag for algo trading review — separate model needed,7
CUST042747,HNI,0.0015384615384615,Low,0,37429886.38,0,Normal,No action needed,7
CUST029081,Affluent,0.1012338335099736,Low,1,17286938.400000002,0,Normal,No action needed,7
CUST049313,Mass,0.0,,0,4795855.050000001,0,Normal,No action needed,7
CUST010084,Affluent,0.0,,0,19031113.7,0,Normal,No action needed,7
CUST041292,Affluent,0.0093971988795518,Low,0,7969935.01,0,Normal,No action needed,7
CUST036071,HNI,0.0907645742396274,Low,0,37867319.33,0,Normal,No action needed,7
CUST032967,Mass,0.0022888044431452,Low,0,4990884.84,0,Normal,No action needed,7
CUST034210,Affluent,0.0005583003952569,Low,0,27206520.82,0,Normal,No action needed,7
CUST004112,HNI,0.1082087859087042,Low,0,37428415.16,0,Normal,No action needed,7
CUST016188,Affluent,0.0009302325581395,Low,0,16728768.07,0,Normal,No action needed,7
CUST042425,Mass,0.0002829402765786,Low,0,9644796.08,0,Normal,No action needed,7
CUST018705,Mass,0.0007142857142857,Low,0,12883748.31,0,Normal,No action needed,7
CUST049896,Mass,0.0005035971223021,Low,0,9690044.74,0,Normal,No action needed,7
CUST003406,Mass,0.0011571428571428,Low,0,7173556.37,0,Normal,No action needed,7
CUST019271,Affluent,0.0003333333333333,Low,0,17581442.169999998,0,Normal,No action needed,7
CUST042620,HNI,5.6657223796034e-05,Low,0,32505444.32,0,Normal,No action needed,7
CUST006971,Mass,0.0037297297297297,Low,0,4092465.67,0,Normal,No action needed,7
CUST031071,Mass,0.184977380449427,Low,0,8465637.02,0,Normal,No action needed,7
CUST006959,Affluent,0.0028703703703703,Low,0,19887231.49,0,Normal,No action needed,7
CUST000889,HNI,0.000560606060606,Low,0,33273855.42,0,Normal,No action needed,7
CUST018030,Mass,0.002268492377188,Low,0,6495680.0,0,Normal,No action needed,7
CUST039855,HNI,0.0001412429378531,Low,0,38872598.5,0,Normal,No action needed,7
CUST045731,Mass,0.0099171429705485,Low,0,5955041.62,0,Normal,No action needed,7
CUST030894,Mass,0.001294033069734,Low,0,5601980.93,0,Normal,No action needed,7
CUST036919,Affluent,0.0011538461538461,Low,0,19584748.82,0,Normal,No action needed,7
CUST017400,Mass,0.0007692307692307,Low,0,4823171.78,0,Normal,No action needed,7
CUST003440,Affluent,0.0011764705882352,Low,0,16754670.05,0,Normal,No action needed,7
CUST028645,Mass,0.0006544196909809,Low,0,12706900.35,0,Normal,No action needed,7
CUST026009,Mass,0.0,,0,6714952.87,0,Normal,No action needed,7
CUST034907,Affluent,0.00032877882152,Low,0,22166411.91,0,Normal,No action needed,7
CUST026499,Affluent,0.2032862082935938,Low,1,15813701.27,0,Normal,No action needed,7
CUST040616,Affluent,0.0,,0,17059816.02,0,Normal,No action needed,7
CUST000245,Mass,0.0025329402765786,Low,0,7855003.44,0,Normal,No action needed,7
CUST005069,Mass,0.0001013513513513,Low,0,8384069.1,0,Normal,No action needed,7
CUST031207,Mass,0.0016493983957219,Low,0,4830058.76,0,Normal,No action needed,7
CUST032694,Affluent,0.1349684968505103,Low,0,13034625.95,0,Normal,No action needed,7
CUST016271,Mass,0.0078913356251591,Low,0,2518112.6,0,Normal,No action needed,7
CUST024861,Mass,0.0004012345679012,Low,0,5792195.93,0,Normal,No action needed,7
CUST024643,Mass,0.0,,0,6375112.03,0,Normal,No action needed,7
CUST000165,Mass,0.000625,Low,0,8962707.93,0,Normal,No action needed,7
CUST010066,Mass,0.0025210084033613,Low,0,6957758.73,0,Normal,No action needed,7
CUST014166,HNI,0.0030144927536231,Low,0,33328734.26,0,Normal,No action needed,7
CUST012115,Affluent,0.00032877882152,Low,0,20163521.78,0,Normal,No action needed,7
CUST003935,Affluent,0.1627455832244826,Low,0,12650770.95,0,Normal,No action needed,7
CUST009706,Mass,0.0010688405797101,Low,0,4248850.91,0,Normal,No action needed,7
CUST022382,Affluent,0.0040610859728506,Low,0,21252979.01,0,Normal,No action needed,7
CUST005286,Affluent,0.0006666666666666,Low,0,13724369.59,0,Normal,No action needed,7
CUST011180,HNI,2.9585798816568047e-05,Low,0,45866547.07,1,High frequency trader,Flag for algo trading review — separate model needed,7
CUST028565,HNI,0.0,,0,41484157.87,0,Normal,No action needed,7
CUST047827,Affluent,0.1988830076683415,Low,0,10431591.68,0,Normal,No action needed,7
CUST038228,Mass,0.2094886146559668,Low,0,6521807.62,0,Normal,No action needed,7
CUST043776,Mass,0.1963096919039786,Low,0,5814347.13,0,Normal,No action needed,7
CUST034328,Mass,0.0,,0,6148883.6,0,Normal,No action needed,7
CUST044472,Ultra HNI,0.0014957264957264,Low,0,85397300.81,1,High frequency trader,Flag for algo trading review — separate model needed,7
CUST031018,Mass,0.0090255072252225,Low,0,6015020.24,0,Normal,No action needed,7
CUST031993,Mass,0.0007417582417582,Low,0,5746567.32,0,Normal,No action needed,7
CUST049616,Affluent,0.0078772924045651,Low,0,14877449.11,0,Normal,No action needed,7
CUST010979,Affluent,0.113264254794331,Low,0,10892977.05,0,Normal,No action needed,7
CUST027871,Affluent,0.0025459733916558,Low,0,9949647.84,0,Normal,No action needed,7
CUST010329,Affluent,0.00032877882152,Low,0,12480409.48,0,Normal,No action needed,7
CUST038480,Mass,0.0004277226078528,Low,0,5695875.88,0,Normal,No action needed,7
CUST038837,Mass,0.0009322381476004,Low,0,6458814.74,0,Normal,No action needed,7
CUST009639,Mass,0.0016666666666666,Low,0,5277198.13,0,Normal,No action needed,7
CUST005491,Mass,0.0020833333333333,Low,0,4469984.75,0,Normal,No action needed,7
CUST020300,Mass,0.0052049356892656,Low,0,7131137.81,0,Normal,No action needed,7
CUST032933,Mass,0.003725,Low,0,9597011.17,0,Normal,No action needed,7
CUST044045,Mass,0.084494966901156,Low,0,4217215.36,0,Normal,No action needed,7
CUST010536,Mass,0.0022052401746724,Low,0,6171274.2,0,Normal,No action needed,7
CUST047848,Affluent,0.000253164556962,Low,0,16850444.46,0,Normal,No action needed,7
CUST020891,Mass,0.00189127882152,Low,0,5874255.86,0,Normal,No action needed,7
CUST019649,Mass,0.000782208588957,Low,0,7095198.0,0,Normal,No action needed,7
CUST003563,Affluent,0.0001293103448275,Low,0,21187474.03,0,Normal,No action needed,7
CUST038654,Mass,0.00815327742433,Low,0,4794069.79,0,Normal,No action needed,7
CUST014228,Mass,0.0916166193046738,Low,0,5138400.15,0,Normal,No action needed,7
CUST002294,Affluent,0.1609822222598864,Low,0,20604080.74,0,Normal,No action needed,7
CUST042157,Affluent,0.0009821428571428,Low,0,13292572.12,0,Normal,No action needed,7
CUST007281,Mass,0.0003670086819258,Low,0,11508413.15,0,Normal,No action needed,7
CUST029375,Mass,0.1917182980090471,Low,0,4329213.89,0,Normal,No action needed,7
CUST031980,Mass,0.0001070663811563,Low,0,4108238.21,0,Normal,No action needed,7
CUST014238,Mass,0.0,,0,6443327.99,0,Normal,No action needed,7
CUST020953,Mass,4.1666666666666665e-05,Low,0,4772024.7,0,Normal,No action needed,7
CUST046964,Affluent,0.0046547619047619,Low,0,14749531.94,0,Normal,No action needed,7
CUST004506,Affluent,0.154371250380125,Low,0,17970044.98,0,Normal,No action needed,7
CUST044508,Mass,0.0006179290222698,Low,0,6221722.53,0,Normal,No action needed,7
CUST031581,Mass,0.0069289021164021,Low,0,3234942.58,0,Normal,No action needed,7
CUST046669,Affluent,0.0027199074074074,Low,0,14769900.84,0,Normal,No action needed,7
CUST023076,Mass,0.0021581879332184,Low,0,6823990.82,0,Normal,No action needed,7
CUST020073,Affluent,0.0013888888888888,Low,0,12241836.02,0,Normal,No action needed,7
CUST021404,Affluent,0.0014822722567287,Low,0,19694661.32,0,Normal,No action needed,7
CUST009095,Ultra HNI,0.0,,0,70700488.52,1,High frequency trader,Flag for algo trading review — separate model needed,7
CUST009379,HNI,0.0026388888888888,Low,0,42209139.89,1,High frequency trader,Flag for algo trading review — separate model needed,7
CUST032116,Affluent,0.1192694969976036,Low,1,10635099.97,0,Normal,No action needed,7
CUST026493,Affluent,0.0040910069378277,Low,0,19316387.81,0,Normal,No action needed,7
CUST001319,Affluent,0.0,,0,16084236.6,0,Normal,No action needed,7
CUST032408,Affluent,0.1361800171043591,Low,0,20155976.51,0,Normal,No action needed,7
CUST017591,Mass,0.0008129238733049,Low,0,5271727.71,0,Normal,No action needed,7
CUST040932,Mass,0.0,,0,4723494.760000001,0,Normal,No action needed,7
CUST046516,HNI,0.0005882352941176,Low,0,45573167.72,0,Normal,No action needed,7
CUST023615,Mass,0.0,,0,5626312.31,0,Normal,No action needed,7
CUST033528,HNI,0.0,,0,46360545.63,0,Normal,No action needed,7
CUST049819,Mass,4.1666666666666665e-05,Low,0,4921302.5,0,Normal,No action needed,7
CUST015888,Mass,0.0007813749000799,Low,0,9027462.42,0,Normal,No action needed,7
CUST029759,Mass,0.0,,0,8213282.659999999,0,Normal,No action needed,7
CUST005904,Affluent,0.1013593976611143,Low,0,8630061.41,0,Normal,No action needed,7
CUST023695,Mass,0.0018766825920448,Low,0,8464939.66,0,Normal,No action needed,7
CUST011698,Mass,0.0109341581490375,Low,0,8324519.41,0,Normal,No action needed,7
CUST039403,Affluent,0.0008677685950413,Low,0,14401531.59,0,Normal,No action needed,7
CUST028827,Affluent,0.0,,0,27569285.13,0,Normal,No action needed,7
CUST039112,Affluent,0.0,,0,18045887.59,0,Normal,No action needed,7
CUST046036,Mass,0.0015150277163638,Low,0,8784681.9,0,Normal,No action needed,7
CUST022148,Affluent,0.0003867403314917,Low,0,20342724.52,0,Normal,No action needed,7
CUST027168,HNI,0.0,,0,36775379.05,0,Normal,No action needed,7
CUST006826,Mass,0.00125,Low,0,8939797.67,0,Normal,No action needed,7
CUST005992,Mass,0.0014836956521739,Low,0,9014957.22,0,Normal,No action needed,7
CUST033258,Affluent,0.2107523219164205,Low,0,17423021.3,0,Normal,No action needed,7
CUST045948,Mass,0.0052272727272727,Low,0,3501859.85,0,Normal,No action needed,7
CUST010368,Mass,0.0115206706670522,Low,0,4548359.63,0,Normal,No action needed,7
CUST010687,Affluent,0.0,,0,17486795.47,0,Normal,No action needed,7
CUST043113,Mass,0.0090292493047911,Low,0,9869935.84,0,Normal,No action needed,7
CUST043135,Mass,0.0,,0,11863556.97,0,Normal,No action needed,7
CUST003468,Mass,0.0003170289855072,Low,0,5926688.88,0,Normal,No action needed,7
CUST033931,Mass,0.0043555402930402,Low,0,3754189.21,0,Normal,No action needed,7
CUST030105,Affluent,0.0008,Low,0,15468406.87,0,Normal,No action needed,7
CUST019970,Mass,0.004345238095238,Low,0,5360171.89,0,Normal,No action needed,7
CUST030679,Affluent,0.000253164556962,Low,0,16952463.939999998,0,Normal,No action needed,7
CUST000433,Affluent,0.0,,0,20703815.39,0,Normal,No action needed,7
CUST012179,Mass,0.1354266086595862,Low,0,2134489.95,0,Normal,No action needed,7
CUST005713,Affluent,0.0005882352941176,Low,0,14613301.16,0,Normal,No action needed,7
CUST042160,HNI,0.0,,0,38330729.14,0,Normal,No action needed,7
CUST009908,Mass,0.0032848621966269,Low,0,7089930.15,0,Normal,No action needed,7
CUST001488,Ultra HNI,0.0036466165413533,Low,0,73722478.27000001,1,High frequency trader,Flag for algo trading review — separate model needed,7
CUST023194,HNI,0.1144412363301428,Low,0,31488655.85,0,Normal,No action needed,7
CUST034817,HNI,0.0006666666666666,Low,0,37006649.98,0,Normal,No action needed,7
CUST006126,Mass,0.0006521739130434,Low,0,11803579.97,0,Normal,No action needed,7
CUST016626,Mass,0.0039197118241235,Low,0,7993609.12,0,Normal,No action needed,7
CUST020144,Mass,0.0003333333333333,Low,0,3204943.54,0,Normal,No action needed,7
CUST044433,Affluent,0.0013636363636363,Low,0,28625372.63,0,Normal,No action needed,7
CUST004550,Mass,0.0,,0,5422068.8,0,Normal,No action needed,7
CUST048078,Mass,0.000625,Low,0,5209271.09,0,Normal,No action needed,7
CUST015024,Mass,0.0044499936338171,Low,0,11716407.72,0,Normal,No action needed,7
CUST046540,Ultra HNI,0.0017156862745098,Low,0,90698156.72,1,High frequency trader,Flag for algo trading review — separate model needed,7
CUST023426,Mass,0.0003367333971145,Low,0,6553553.25,0,Normal,No action needed,7
CUST020324,Mass,0.0036357106945342,Low,0,3971544.67,0,Normal,No action needed,7
CUST023139,Affluent,0.0015833333333333,Low,0,18897333.24,0,Normal,No action needed,7
CUST013195,Mass,0.1980853871703155,Low,0,2236966.52,0,Normal,No action needed,7
CUST023264,Mass,0.0003206562266964,Low,0,7445412.17,0,Normal,No action needed,7
CUST018084,Mass,0.0004115653176055,Low,0,7147568.22,0,Normal,No action needed,7
CUST000351,Mass,0.0012663962136578,Low,0,8482496.15,0,Normal,No action needed,7
CUST014966,Affluent,0.0,,0,23392576.15,0,Normal,No action needed,7
CUST024136,Mass,0.2924665172501178,Low,0,3141467.16,0,Normal,No action needed,7
CUST042471,Mass,0.129151848672196,Low,0,4272281.6,0,Normal,No action needed,7
CUST039330,Ultra HNI,0.0099331348158579,Low,0,69037922.51,1,High frequency trader,Flag for algo trading review — separate model needed,7
CUST036064,Mass,0.0,,0,4998604.82,0,Normal,No action needed,7
CUST002431,Mass,0.1181068115985603,Low,1,9522870.81,0,Normal,No action needed,7
CUST004349,Affluent,0.0,,0,10606425.37,0,Normal,No action needed,7
CUST019702,Affluent,0.0008,Low,0,22818290.36,0,Normal,No action needed,7
CUST032186,Affluent,0.0017499999999999,Low,0,18179862.51,0,Normal,No action needed,7
CUST040412,Affluent,0.1329109007709701,Low,0,25207588.1,0,Normal,No action needed,7
CUST013694,Mass,0.0,,0,8347061.079999999,0,Normal,No action needed,7
CUST044451,Affluent,0.0,,0,17917083.849999998,0,Normal,No action needed,7
CUST030860,Affluent,0.0007142857142857,Low,0,17589443.509999998,0,Normal,No action needed,7
CUST000736,Affluent,0.0023684210526315,Low,0,12526738.48,0,Normal,No action needed,7
CUST045765,HNI,0.0039090909090909,Low,0,34943407.82,0,Normal,No action needed,7
CUST003875,Mass,0.0029170829170829,Low,0,6760090.97,0,Normal,No action needed,7
CUST049326,Affluent,0.0002083333333333,Low,0,30126432.07,0,Normal,No action needed,7
CUST018527,Affluent,0.000503164556962,Low,0,22328586.64,0,Normal,No action needed,7
CUST017606,Affluent,0.1710745354173966,Low,0,15558948.65,0,Normal,No action needed,7
CUST003831,Affluent,0.0,,0,14015833.6,0,Normal,No action needed,7
CUST021909,Mass,0.1048105010335063,Low,0,3920854.87,0,Normal,No action needed,7
CUST015800,Mass,0.1729918245466995,Low,0,6914616.26,0,Normal,No action needed,7
CUST016585,Mass,0.0009322381476004,Low,0,6621708.16,0,Normal,No action needed,7
CUST043062,Mass,0.105877000619093,Low,1,5972128.68,0,Normal,No action needed,7
CUST003585,HNI,0.1175108739753275,Low,0,33729038.4,0,Normal,No action needed,7
CUST042207,Mass,0.0030555555555555,Low,0,9093023.53,0,Normal,No action needed,7
CUST019507,Mass,0.0024404761904761,Low,0,6375015.78,0,Normal,No action needed,7
CUST019400,Affluent,0.0013157894736842,Low,0,7329797.43,0,Normal,No action needed,7
CUST035199,Mass,6.134969325153375e-05,Low,0,8291571.99,0,Normal,No action needed,7
CUST046539,Affluent,0.0031372549019607,Low,0,15474674.61,0,Normal,No action needed,7
CUST030627,Affluent,0.0013846153846153,Low,0,9501504.29,0,Normal,No action needed,7
CUST013528,Affluent,0.0,,0,22901299.45,0,Normal,No action needed,7
CUST042569,Ultra HNI,0.0,,0,62713746.01,1,High frequency trader,Flag for algo trading review — separate model needed,7
CUST048180,Affluent,0.0020588235294117,Low,0,15818750.24,0,Normal,No action needed,7
CUST015982,Mass,0.0036093073593073,Low,0,5584083.62,0,Normal,No action needed,7
CUST046551,Affluent,0.0,,0,11015501.97,0,Normal,No action needed,7
CUST017793,Mass,0.0,,0,8151545.04,0,Normal,No action needed,7
CUST016601,Mass,0.0011304347826086,Low,0,9813321.39,0,Normal,No action needed,7
CUST024033,Mass,0.1565294337708548,Low,0,7608276.31,0,Normal,No action needed,7
CUST012130,Affluent,0.0,,0,20411915.14,0,Normal,No action needed,7
CUST026520,Mass,0.1332296410030394,Low,0,2935855.75,0,Normal,No action needed,7
CUST014442,Affluent,0.0009375,Low,0,12617125.06,0,Normal,No action needed,7
CUST034993,Mass,0.0007142857142857,Low,0,6394423.739999999,0,Normal,No action needed,7
CUST017200,HNI,0.0001663730671364,Low,0,42195386.46,0,Normal,No action needed,7
CUST032735,HNI,0.1612043136559917,Low,0,29256290.14,0,Normal,No action needed,7
CUST011033,Affluent,0.0076228445044234,Low,0,22483834.23,0,Normal,No action needed,7
CUST003610,Affluent,0.0002601156069364,Low,0,25097810.74,0,Normal,No action needed,7
CUST038244,Mass,0.0053673920872562,Low,0,8536678.7,0,Normal,No action needed,7
CUST037414,Mass,0.0068706293706293,Low,0,4510307.68,0,Normal,No action needed,7
CUST042434,Mass,0.0017210144927536,Low,0,5667148.48,0,Normal,No action needed,7
CUST044134,Affluent,0.0,,0,25977278.69,0,Normal,No action needed,7
CUST036332,Affluent,0.1227013519042791,Low,0,11839084.17,0,Normal,No action needed,7
CUST018268,Affluent,0.1179855903284486,Low,1,21773223.15,0,Normal,No action needed,7
CUST045356,Mass,0.0005263157894736,Low,0,6161666.63,0,Normal,No action needed,7
CUST046944,Affluent,0.0,,0,17613235.67,0,Normal,No action needed,7
CUST048773,Mass,0.1372775188287517,Low,0,4073457.39,0,Normal,No action needed,7
CUST014028,Mass,0.0002380952380952,Low,0,4509865.81,0,Normal,No action needed,7
CUST045542,Affluent,0.001,Low,0,18900306.37,0,Normal,No action needed,7
CUST001714,HNI,0.0,,0,36755513.92,0,Normal,No action needed,7
CUST023840,HNI,0.0002833333333333,Low,0,38684979.17,0,Normal,No action needed,7
CUST043296,Mass,0.0013888888888888,Low,0,12673110.06,0,Normal,No action needed,7
CUST002139,HNI,0.0008518518518518,Low,0,32393155.86,0,Normal,No action needed,7
CUST049126,Mass,0.002328049577283,Low,0,5607484.869999999,0,Normal,No action needed,7
CUST022751,HNI,0.0021103896103896,Low,0,36888361.69,0,Normal,No action needed,7
CUST045671,Mass,0.0007816486513517,Low,0,7211688.13,0,Normal,No action needed,7
CUST044558,Affluent,0.0007142857142857,Low,0,13166360.67,0,Normal,No action needed,7
CUST002402,Affluent,0.0,,0,21615795.89,0,Normal,No action needed,7
CUST049675,Mass,0.0976761397554968,Low,0,2428601.01,0,Normal,No action needed,7
CUST022190,Mass,0.1439051028594574,Low,0,3880008.24,0,Normal,No action needed,7
CUST022737,Mass,0.0002829402765786,Low,0,5996113.97,0,Normal,No action needed,7
CUST006226,Mass,0.0001938485087656,Low,0,7738902.01,0,Normal,No action needed,7
CUST028662,Mass,0.2664163965161065,Low,0,2764260.34,0,Normal,No action needed,7
CUST013724,Mass,0.0043727373990531,Low,0,6409404.61,0,Normal,No action needed,7
CUST034642,Affluent,0.0026875,Low,0,11847227.43,0,Normal,No action needed,7
CUST038655,Mass,0.0005034000637811,Low,0,7129904.69,0,Normal,No action needed,7
CUST035498,Mass,0.0074755478850579,Low,0,2842168.77,0,Normal,No action needed,7
CUST007573,HNI,0.0011465356893745,Low,0,32273921.24,0,Normal,No action needed,7
CUST030611,Mass,0.0,,0,4457559.68,0,Normal,No action needed,7
CUST025858,Mass,0.0,,0,5287965.36,0,Normal,No action needed,7
CUST001946,Mass,0.0001923076923076,Low,0,5751992.93,0,Normal,No action needed,7
CUST041841,Mass,0.0010294117647058,Low,0,5043843.67,0,Normal,No action needed,7
CUST047757,Mass,0.0,,0,8937000.48,0,Normal,No action needed,7
CUST006898,HNI,0.0025,Low,0,33818807.52,0,Normal,No action needed,7
CUST034128,Mass,0.0014711241293417,Low,0,3710366.16,0,Normal,No action needed,7
CUST029217,HNI,0.000340909090909,Low,0,43106650.28,0,Normal,No action needed,7
CUST037515,HNI,0.0001388888888888,Low,0,26830471.73,0,Normal,No action needed,7
CUST043320,HNI,0.0042463235294117,Low,0,34455443.0,0,Normal,No action needed,7
CUST037551,Affluent,0.0,,0,13559385.57,0,Normal,No action needed,7
CUST046313,Mass,0.0012018255578093,Low,0,6618810.0,0,Normal,No action needed,7
CUST025632,Mass,0.0003206562266964,Low,0,11254992.88,0,Normal,No action needed,7
CUST013776,Mass,0.0008872022551407,Low,0,6774272.27,0,Normal,No action needed,7
CUST007709,Mass,0.0,,0,4463036.12,0,Normal,No action needed,7
CUST000831,Mass,0.0015336134453781,Low,0,8234421.79,0,Normal,No action needed,7
CUST008184,Mass,0.0004437997782708,Low,0,5874136.93,0,Normal,No action needed,7
CUST049852,Mass,0.0008204334365325,Low,0,4303905.23,0,Normal,No action needed,7
CUST018766,Mass,0.0053654572940287,Low,0,1930073.25,0,Normal,No action needed,7
CUST006845,Ultra HNI,0.0017142857142857,Low,0,83580663.56,1,High frequency trader,Flag for algo trading review — separate model needed,7
CUST001418,Mass,4.1666666666666665e-05,Low,0,4588671.04,0,Normal,No action needed,7
CUST022444,Affluent,0.0,,0,22703060.17,0,Normal,No action needed,7
CUST002464,Affluent,0.1366459295009298,Low,0,17015001.43,0,Normal,No action needed,7
CUST026422,Mass,0.0009791666666666,Low,0,3646140.87,0,Normal,No action needed,7
CUST019382,Ultra HNI,0.0,,0,81741562.18,1,High frequency trader,Flag for algo trading review — separate model needed,7
CUST016325,Mass,4.1666666666666665e-05,Low,0,4513564.89,0,Normal,No action needed,7
CUST010305,Mass,0.0,,0,9441774.53,0,Normal,No action needed,7
CUST019690,Mass,0.0003333333333333,Low,0,7122307.600000001,0,Normal,No action needed,7
CUST016589,Mass,0.0003206562266964,Low,0,7332943.03,0,Normal,No action needed,7
CUST041769,Mass,0.0,,0,11643516.44,0,Normal,No action needed,7
CUST017220,HNI,0.0023779461279461,Low,0,35563018.21,0,Normal,No action needed,7
CUST004866,Mass,0.1192625455244287,Low,0,5607718.64,0,Normal,No action needed,7
CUST030584,Mass,0.1365575294890351,Low,0,4704396.7,0,Normal,No action needed,7
CUST038485,Mass,0.0026190476190476,Low,0,2967244.83,0,Normal,No action needed,7
CUST044796,Affluent,0.2768921440915848,Low,0,14040537.38,0,Normal,No action needed,7
CUST015080,Mass,0.0005555555555555,Low,0,3898466.93,0,Normal,No action needed,7
CUST046100,Affluent,0.1493295250460414,Low,0,14500489.64,0,Normal,No action needed,7
CUST004095,Affluent,0.0007738095238095,Low,0,12045585.03,0,Normal,No action needed,7
CUST034139,Mass,0.0,,0,9179902.63,0,Normal,No action needed,7
CUST010129,Affluent,0.0005555555555555,Low,0,14658381.76,0,Normal,No action needed,7
CUST047333,Mass,0.1731865572174515,Low,0,2994344.5700000003,0,Normal,No action needed,7
CUST042975,Affluent,0.0018571428571428,Low,0,17852847.61,0,Normal,No action needed,7
CUST046676,Mass,0.0012441724941724,Low,0,7472950.36,0,Normal,No action needed,7
CUST032584,Affluent,0.0,,0,7975229.45,0,Normal,No action needed,7
CUST043282,Mass,0.0062761904761904,Low,0,2986742.93,0,Normal,No action needed,7
CUST018673,Mass,0.000782208588957,Low,0,7221454.24,0,Normal,No action needed,7
CUST002570,Affluent,0.2213051664023481,Low,0,24489953.97,0,Normal,No action needed,7
CUST021251,Mass,0.0009375,Low,0,4469601.64,0,Normal,No action needed,7
CUST004093,Mass,0.0004166666666666,Low,0,7921473.180000001,0,Normal,No action needed,7
CUST028555,HNI,0.0,,0,40185540.75,0,Normal,No action needed,7
CUST003750,Affluent,0.0007142857142857,Low,0,26627504.88,0,Normal,No action needed,7
CUST031851,Mass,0.0024933657673595,Low,0,4485086.71,0,Normal,No action needed,7
CUST031015,Mass,0.0001851851851851,Low,0,3247402.5,0,Normal,No action needed,7
CUST021188,Mass,0.0052882979675888,Low,0,5742730.0600000005,0,Normal,No action needed,7
CUST014201,Affluent,0.0,,0,18174546.38,0,Normal,No action needed,7
CUST024043,Affluent,0.0009131944059356,Low,0,18914773.18,0,Normal,No action needed,7
CUST038245,Mass,0.1795649380561164,Low,0,5063626.0600000005,0,Normal,No action needed,7
CUST042643,Affluent,0.0003125,Low,0,15975469.17,0,Normal,No action needed,7
CUST027658,HNI,0.1414869847830032,Low,0,24738731.82,0,Normal,No action needed,7
CUST012760,Mass,0.000782208588957,Low,0,6853657.05,0,Normal,No action needed,7
CUST004884,Mass,0.1273054181935136,Low,0,4459036.0200000005,0,Normal,No action needed,7
CUST006840,Mass,0.00125,Low,0,6540324.06,0,Normal,No action needed,7
CUST016192,HNI,0.1391638895038591,Low,0,32912961.51,0,Normal,No action needed,7
CUST039727,Mass,0.0179288702736592,Low,0,3565755.95,0,Normal,No action needed,7
CUST002111,Affluent,0.1590974346632186,Low,0,19040371.64,0,Normal,No action needed,7
CUST041299,Mass,0.0003571428571428,Low,0,6233099.25,0,Normal,No action needed,7
CUST043774,Mass,0.1356853317714575,Low,0,4295570.4,0,Normal,No action needed,7
CUST048888,Affluent,0.0,,0,17145574.27,0,Normal,No action needed,7
CUST033718,Affluent,0.0,,0,13558790.52,0,Normal,No action needed,7
CUST011580,Mass,0.0016806722689075,Low,0,8469101.459999999,0,Normal,No action needed,7
CUST002498,HNI,0.0,,0,31574610.49,0,Normal,No action needed,7
CUST002503,Affluent,0.0003333333333333,Low,0,9869775.77,0,Normal,No action needed,7
CUST028314,Affluent,0.0009259259259259,Low,0,17671076.15,0,Normal,No action needed,7
CUST026173,HNI,0.0001391530755226,Low,0,35392772.58,0,Normal,No action needed,7
CUST010136,HNI,3.816793893129771e-05,Low,0,38552022.43,0,Normal,No action needed,7
CUST031975,Mass,0.0004279169527691,Low,0,9171981.75,0,Normal,No action needed,7
CUST022766,HNI,0.0001388888888888,Low,0,33505313.52,0,Normal,No action needed,7
CUST030512,Mass,0.0,,0,3313356.74,0,Normal,No action needed,7
CUST020448,Mass,0.0027705938697318,Low,0,7562658.35,0,Normal,No action needed,7
CUST032709,Affluent,0.0,,0,18172221.65,0,Normal,No action needed,7
CUST029188,Mass,0.1805491005147265,Low,1,6242839.66,0,Normal,No action needed,7
CUST020870,Mass,0.0,,0,7309313.83,0,Normal,No action needed,7
CUST031742,HNI,0.1505776848052146,Low,0,21535542.74,0,Normal,No action needed,7
CUST007995,Mass,0.0018735632183908,Low,0,5354010.3,0,Normal,No action needed,7
CUST029783,Mass,0.0004277226078528,Low,0,4256892.86,0,Normal,No action needed,7
CUST013829,Mass,0.0,,0,7187593.48,0,Normal,No action needed,7
CUST015335,HNI,0.10702009183165,Low,0,31385669.22,0,Normal,No action needed,7
CUST015226,Mass,0.0010122863247863,Low,0,8440938.299999999,0,Normal,No action needed,7
CUST042239,Affluent,0.0953878440178962,Low,0,13553888.12,0,Normal,No action needed,7
CUST013554,HNI,2.9585798816568047e-05,Low,0,45938541.26,0,Normal,No action needed,7
CUST025921,HNI,0.0001130119880119,Low,0,47626771.26,0,Normal,No action needed,7
CUST016267,Mass,0.2371755525583737,Low,0,2984926.24,0,Normal,No action needed,7
CUST045363,Mass,0.0008187134502923,Low,0,11362898.51,0,Normal,No action needed,7
CUST037942,Mass,0.0067801704014939,Low,0,3061827.2,0,Normal,No action needed,7
CUST016154,Mass,0.0,,0,4040135.52,0,Normal,No action needed,7
CUST047846,HNI,0.0003333333333333,Low,0,39598144.5,0,Normal,No action needed,7
CUST002123,Mass,0.0184496891996891,Low,0,2843647.14,0,Normal,No action needed,7
CUST037285,Affluent,6.493506493506494e-05,Low,0,17630040.67,0,Normal,No action needed,7
CUST015746,Mass,0.126383772527504,Low,1,4649295.91,0,Normal,No action needed,7
CUST008908,Mass,0.0,,0,5527927.0,0,Normal,No action needed,7
CUST036729,Affluent,0.1823820057109508,Low,1,11362620.38,0,Normal,No action needed,7
CUST014287,Mass,0.0176843969951118,Low,0,2807164.19,0,Normal,No action needed,7
CUST033537,Affluent,0.0031887290074855,Low,0,13731846.75,0,Normal,No action needed,7
CUST032658,Mass,0.006085378823468,Low,0,3494606.34,0,Normal,No action needed,7
CUST028114,Mass,0.1575002532575247,Low,0,2032843.71,0,Normal,No action needed,7
CUST000967,HNI,0.0005172413793103,Low,0,29387209.13,0,Normal,No action needed,7
CUST045658,Affluent,0.0006666666666666,Low,0,24665752.48,0,Normal,No action needed,7
CUST022916,Mass,0.000782208588957,Low,0,7068860.82,0,Normal,No action needed,7
CUST022615,HNI,0.0,,0,34024994.41,0,Normal,No action needed,7
CUST043550,Mass,0.0,,0,9691871.61,0,Normal,No action needed,7
CUST014003,Mass,0.2697426312725873,Low,0,5025402.18,0,Normal,No action needed,7
CUST036566,Affluent,0.0,,0,24347680.79,0,Normal,No action needed,7
CUST009056,Mass,0.002782208588957,Low,0,8029991.290000001,0,Normal,No action needed,7
CUST034802,Mass,0.0,,0,6340894.45,0,Normal,No action needed,7
CUST012736,Affluent,0.0007142857142857,Low,0,13083623.08,0,Normal,No action needed,7
CUST021021,Mass,0.0001231435515743,Low,0,5503723.59,0,Normal,No action needed,7
CUST018529,Mass,0.0041402116402116,Low,0,5819807.71,0,Normal,No action needed,7
CUST049361,Mass,0.0054534072379984,Low,0,12148232.6,0,Normal,No action needed,7
CUST008434,Affluent,0.0013157894736842,Low,0,17546081.75,0,Normal,No action needed,7
CUST031117,Mass,0.0144253336532748,Low,0,3187170.82,0,Normal,No action needed,7
CUST022201,Mass,0.1496246831393597,Low,0,3490359.65,0,Normal,No action needed,7
CUST049828,Mass,0.1146533652328127,Low,0,10111551.9,0,Normal,No action needed,7
CUST028765,Mass,0.0006944444444444,Low,0,4003812.38,0,Normal,No action needed,7
CUST013665,Mass,0.0014077669902912,Low,0,10717949.48,0,Normal,No action needed,7
CUST018961,Mass,0.0059338492112409,Low,0,10814801.49,0,Normal,No action needed,7
CUST043617,Mass,0.0,,0,4715592.14,0,Normal,No action needed,7
CUST030486,Mass,0.0016482843137254,Low,0,7137417.07,0,Normal,No action needed,7
CUST010650,Mass,0.0051826599326599,Low,0,3932332.85,0,Normal,No action needed,7
CUST003658,Mass,0.0,,0,9402986.78,0,Normal,No action needed,7
CUST015202,Affluent,0.0013333333333333,Low,0,17485724.42,0,Normal,No action needed,7
CUST003511,Affluent,0.0010906862745098,Low,0,14523187.66,0,Normal,No action needed,7
CUST033541,Ultra HNI,0.0001412429378531,Low,0,75733500.22,1,High frequency trader,Flag for algo trading review — separate model needed,7
CUST011135,Affluent,0.1809518267955845,Low,0,9341888.05,0,Normal,No action needed,7
CUST004505,Mass,0.0031672932330827,Low,0,10073924.76,0,Normal,No action needed,7
CUST036894,Mass,0.0008816017316017,Low,0,4030154.1,0,Normal,No action needed,7
CUST019050,Ultra HNI,0.1426389439976077,Low,0,75188414.34,1,High frequency trader,Flag for algo trading review — separate model needed,7
CUST023478,Mass,0.0007655714809337,Low,0,8715284.870000001,0,Normal,No action needed,7
CUST011432,Mass,0.1202933057163569,Low,0,2164646.56,0,Normal,No action needed,7
CUST045619,Mass,0.0008097866614791,Low,0,8135139.9,0,Normal,No action needed,7
CUST049406,Mass,0.0002941176470588,Low,0,5927514.1,0,Normal,No action needed,7
CUST036144,Mass,0.0001401869158878,Low,0,5191730.41,0,Normal,No action needed,7
CUST023518,HNI,0.0023809523809523,Low,0,52510623.22,0,Normal,No action needed,7
CUST028860,Mass,0.0007692307692307,Low,0,4956775.86,0,Normal,No action needed,7
CUST027991,Mass,0.0015384615384615,Low,0,4292120.58,0,Normal,No action needed,7
CUST046762,Ultra HNI,0.0007142857142857,Low,0,94565733.59,1,High frequency trader,Flag for algo trading review — separate model needed,7
CUST026176,Mass,0.1778115329568985,Low,0,10053450.85,0,Normal,No action needed,7
CUST036620,HNI,0.0039185224112636,Low,0,20016136.56,0,Normal,No action needed,7
CUST045325,Mass,0.0001072607260726,Low,0,6767113.57,0,Normal,No action needed,7
CUST019673,Affluent,0.0057694235588972,Low,0,28755892.75,0,Normal,No action needed,7
CUST002374,Mass,0.0,,0,7214791.99,0,Normal,No action needed,7
CUST015628,Mass,0.0,,0,5825478.87,0,Normal,No action needed,7
CUST022624,Mass,0.0003489048142671,Low,0,7429916.15,0,Normal,No action needed,7
CUST030614,Affluent,0.0,,0,19220718.35,0,Normal,No action needed,7
CUST037299,Mass,0.001074074074074,Low,0,5367979.149999999,0,Normal,No action needed,7
CUST024221,Affluent,0.0011253918495297,Low,0,21533662.25,0,Normal,No action needed,7
CUST004000,Mass,0.0009988496932515,Low,0,5895307.23,0,Normal,No action needed,7
CUST021798,HNI,0.0060382126348228,Low,0,31262829.1,0,Normal,No action needed,7
CUST036047,Mass,0.0023243114909781,Low,0,8404566.0,0,Normal,No action needed,7
CUST037997,Mass,0.0084047385363174,Low,0,3714691.58,0,Normal,No action needed,7
CUST010925,Mass,0.1617680904327794,Low,1,7579375.55,0,Normal,No action needed,7
CUST007141,Mass,0.0062829131652661,Low,0,2932907.76,0,Normal,No action needed,7
CUST021053,Mass,0.0003649819846851,Low,0,9044951.36,0,Normal,No action needed,7
CUST018828,HNI,0.1588410364144276,Low,0,26564297.85,1,Other anomaly,No action needed,7
CUST049617,Mass,0.1357412456318719,Low,0,3114307.85,0,Normal,No action needed,7
CUST021098,Affluent,0.0009744013212221,Low,0,20754031.46,0,Normal,No action needed,7
CUST015370,Mass,0.0012362632608206,Low,0,8216784.54,0,Normal,No action needed,7
CUST004649,Affluent,0.1824831464652346,Low,0,13860979.0,0,Normal,No action needed,7
CUST043527,Mass,0.1273350707520596,Low,0,3363733.66,0,Normal,No action needed,7
CUST034030,HNI,0.0097556390977443,Low,0,22571674.01,0,Normal,No action needed,7
CUST010546,Affluent,0.0006399048884537,Low,0,25111677.72,0,Normal,No action needed,7
CUST044102,Affluent,0.0016071428571428,Low,0,21312408.95,0,Normal,No action needed,7
CUST031915,Mass,0.01041598883143,Low,0,3062735.05,0,Normal,No action needed,7
CUST011461,Affluent,0.0,,0,25274754.08,0,Normal,No action needed,7
CUST049040,Mass,0.0,,0,10153278.22,0,Normal,No action needed,7
CUST024860,Mass,0.1601939078657817,Low,0,2590203.62,0,Normal,No action needed,7
CUST041302,Mass,0.1376604450918054,Low,0,3990500.98,0,Normal,No action needed,7
CUST008312,HNI,0.0059460784313725,Low,0,31983490.42,0,Normal,No action needed,7
CUST047372,Mass,0.0005560515487927,Low,0,12262519.17,0,Normal,No action needed,7
CUST046848,Mass,0.1140284222506478,Low,0,2607195.44,0,Normal,No action needed,7
CUST014060,Mass,0.0049931343440734,Low,0,4380325.3100000005,0,Normal,No action needed,7
CUST013083,Mass,0.0004860563009734,Low,0,7173235.29,0,Normal,No action needed,7
CUST048178,Mass,0.0078489729225023,Low,0,2690247.77,0,Normal,No action needed,7
CUST045743,HNI,0.003,Low,0,32387561.37,0,Normal,No action needed,7
CUST017143,HNI,0.0007294782319707,Low,0,39472292.85,0,Normal,No action needed,7
CUST045919,Mass,0.0004166666666666,Low,0,5945085.32,0,Normal,No action needed,7
CUST004786,Affluent,0.0,,0,15184662.61,0,Normal,No action needed,7
CUST048657,Mass,0.008015873015873,Low,0,7823289.71,0,Normal,No action needed,7
CUST014712,Mass,0.2860848923187106,Low,0,5517188.460000001,0,Normal,No action needed,7
CUST028354,Mass,0.2177367323481068,Low,0,7052256.64,0,Normal,No action needed,7
CUST005700,Mass,0.0034090909090909,Low,0,7037430.94,0,Normal,No action needed,7
CUST037063,Affluent,0.0031447309915518,Low,0,23973441.26,0,Normal,No action needed,7
CUST017022,Affluent,0.1559736196577957,Low,0,18985178.37,0,Normal,No action needed,7
CUST014031,Mass,0.1512557366214992,Low,0,7213428.32,0,Normal,No action needed,7
CUST029379,Mass,0.0005964343132751,Low,0,5854184.13,0,Normal,No action needed,7
CUST029181,Mass,0.1513759433177058,Low,0,6203208.65,0,Normal,No action needed,7
CUST028683,Affluent,0.0,,0,12862144.55,0,Normal,No action needed,7
CUST039928,Affluent,0.0013072364471765,Low,0,23658747.44,0,Normal,No action needed,7
CUST005730,Affluent,0.0,,0,17384481.18,0,Normal,No action needed,7
CUST002602,Mass,0.0183320179820179,Low,0,1935138.62,0,Normal,No action needed,7
CUST038087,Affluent,0.1799572205959123,Low,0,10193694.18,0,Normal,No action needed,7
CUST047992,Mass,0.0,,0,5997182.79,0,Normal,No action needed,7
CUST004210,Affluent,0.1154767006074771,Low,0,12874556.06,0,Normal,No action needed,7
CUST035455,Mass,0.0029387316540939,Low,0,14517677.1,0,Normal,No action needed,7
CUST040590,Mass,0.0,,0,4019100.78,0,Normal,No action needed,7
CUST022093,Mass,0.0004661696328362,Low,0,6970443.82,0,Normal,No action needed,7
CUST016485,Mass,0.0,,0,7110072.38,0,Normal,No action needed,7
CUST048732,Mass,0.0008097866614791,Low,0,10633747.62,0,Normal,No action needed,7
CUST010976,Mass,0.0,,0,10514799.2,0,Normal,No action needed,7
CUST032711,Affluent,0.0022222222222222,Low,0,15645302.87,0,Normal,No action needed,7
CUST047792,Mass,0.0001070663811563,Low,0,3870000.56,0,Normal,No action needed,7
CUST031865,Mass,0.0011426803731201,Low,0,4837134.73,0,Normal,No action needed,7
CUST018599,Mass,0.0,,0,4789852.92,0,Normal,No action needed,7
CUST001466,Affluent,0.0004166666666666,Low,0,21784838.8,0,Normal,No action needed,7
CUST046029,Mass,0.0030185758513931,Low,0,3577949.56,0,Normal,No action needed,7
CUST011172,Affluent,0.0008496121548534,Low,0,18958112.95,0,Normal,No action needed,7
CUST018963,Affluent,0.0018956043956043,Low,0,27593498.17,0,Normal,No action needed,7
CUST041393,Mass,0.0006776836357871,Low,0,9306606.49,0,Normal,No action needed,7
CUST001376,Affluent,0.0,,0,13454268.17,0,Normal,No action needed,7
CUST049522,Affluent,0.0015257352941176,Low,0,18720006.18,0,Normal,No action needed,7
CUST049820,Affluent,0.0002197802197802,Low,0,18783668.98,0,Normal,No action needed,7
CUST034060,Affluent,0.0015,Low,0,18742191.15,0,Normal,No action needed,7
CUST015662,Mass,0.0004567307692307,Low,0,7907882.229999999,0,Normal,No action needed,7
CUST013733,HNI,0.0028628389154704,Low,0,29962573.91,0,Normal,No action needed,7
CUST029856,Mass,0.0058025662062071,Low,0,2701867.36,0,Normal,No action needed,7
CUST006635,Affluent,0.0017129629629629,Low,0,22133881.6,0,Normal,No action needed,7
CUST038548,Mass,0.0,,0,4138000.15,0,Normal,No action needed,7
CUST009630,Mass,0.0025193236714975,Low,0,7746176.99,0,Normal,No action needed,7
CUST049409,HNI,8.249585172662096e-05,Low,0,41474914.67,0,Normal,No action needed,7
CUST013671,HNI,0.0057232441471571,Low,0,28693704.24,0,Normal,No action needed,7
CUST030579,Mass,0.0,,0,6017322.77,0,Normal,No action needed,7
CUST043331,Ultra HNI,0.0115803187913961,Low,0,96256151.77,1,High frequency trader,Flag for algo trading review — separate model needed,7
CUST022276,Mass,0.093527508116415,Low,1,4515502.31,0,Normal,No action needed,7
CUST036850,Mass,0.0042316017316017,Low,0,5526449.04,0,Normal,No action needed,7
CUST010593,Mass,0.0048608416201794,Low,0,9116950.72,0,Normal,No action needed,7
CUST046711,Mass,0.0003206562266964,Low,0,5862114.08,0,Normal,No action needed,7
CUST004959,Mass,0.0018229867566089,Low,0,6712577.72,0,Normal,No action needed,7
CUST030406,Mass,0.0,,0,12576147.17,0,Normal,No action needed,7
CUST048378,Affluent,0.0005882352941176,Low,0,24008627.05,0,Normal,No action needed,7
CUST031755,Affluent,0.0,,0,25454654.26,0,Normal,No action needed,7
CUST019994,HNI,0.0035294117647058,Low,0,35926829.06,0,Normal,No action needed,7
CUST047332,Mass,0.0089768290457945,Low,0,2912602.96,0,Normal,No action needed,7
CUST037279,Mass,0.297678859663345,Low,0,3497110.88,0,Normal,No action needed,7
CUST013820,Mass,0.0,,0,3507327.24,0,Normal,No action needed,7
CUST007092,Affluent,0.0007575757575757,Low,0,14906203.26,0,Normal,No action needed,7
CUST012306,Mass,0.1367314799045224,Low,0,7266930.979999999,0,Normal,No action needed,7
CUST034812,Mass,0.1293732995100895,Low,0,7302746.439999999,0,Normal,No action needed,7
CUST014324,Mass,0.1997662945641803,Low,0,4977515.03,0,Normal,No action needed,7
CUST004208,HNI,0.0029992409558534,Low,0,37883455.05,0,Normal,No action needed,7
CUST021181,Mass,0.0003333333333333,Low,0,11331543.79,0,Normal,No action needed,7
CUST028673,Mass,0.0,,0,5703308.39,0,Normal,No action needed,7
CUST003493,Affluent,0.1510810055501163,Low,0,18115410.25,0,Normal,No action needed,7
CUST012065,Affluent,0.0017549019607843,Low,0,21926961.96,0,Normal,No action needed,7
CUST028493,Affluent,0.1067587202398353,Low,1,19197526.47,0,Normal,No action needed,7
CUST025448,Mass,0.2736524246048572,Low,0,8566442.91,0,Normal,No action needed,7
CUST047865,Affluent,0.0,,0,15982199.59,0,Normal,No action needed,7
CUST024941,Affluent,0.0009523809523809,Low,0,13126529.0,0,Normal,No action needed,7
CUST016276,Affluent,0.0003846153846153,Low,0,11379134.84,0,Normal,No action needed,7
CUST039883,Affluent,0.1660855198953224,Low,0,14699573.3,0,Normal,No action needed,7
CUST043551,Affluent,0.0,,0,22689644.63,0,Normal,No action needed,7
CUST029522,Mass,0.1815913817770606,Low,0,3860931.9,0,Normal,No action needed,7
CUST013323,Mass,0.1678627303927698,Low,0,5051669.130000001,0,Normal,No action needed,7
CUST040546,Mass,0.0010714285714285,Low,0,6345107.49,0,Normal,No action needed,7
CUST031211,HNI,0.1353006863221429,Low,0,29902559.28,1,High frequency trader,Flag for algo trading review — separate model needed,7
CUST032838,Affluent,0.1586577301624337,Low,0,16940241.32,0,Normal,No action needed,7
CUST036854,Mass,0.0011072607260726,Low,0,5726336.41,0,Normal,No action needed,7
CUST019478,Mass,0.1641607004837175,Low,0,2903036.62,0,Normal,No action needed,7
CUST034657,Mass,0.0034897276636407,Low,0,3594412.43,0,Normal,No action needed,7
CUST032226,Affluent,0.00325,Low,0,13566263.99,0,Normal,No action needed,7
CUST035200,Mass,0.2476683974349129,Low,0,4831550.55,0,Normal,No action needed,7
CUST039349,HNI,0.0,,0,38762419.76,0,Normal,No action needed,7
CUST039430,HNI,0.0011538461538461,Low,0,52131624.27,0,Normal,No action needed,7
CUST042474,Affluent,0.0009375,Low,0,12432608.08,0,Normal,No action needed,7
CUST023158,Affluent,0.00032877882152,Low,0,13054530.26,0,Normal,No action needed,7
CUST017179,Mass,0.0021052631578947,Low,0,6674580.29,0,Normal,No action needed,7
CUST012881,Mass,0.0004279169527691,Low,0,4286399.87,0,Normal,No action needed,7
CUST038431,Affluent,0.0019642857142857,Low,0,13444307.56,0,Normal,No action needed,7
CUST024742,Affluent,0.0,,0,14582573.03,0,Normal,No action needed,7
CUST044576,HNI,0.0,,0,44396892.28,0,Normal,No action needed,7
CUST032891,Mass,0.0004891304347826,Low,0,11090056.51,0,Normal,No action needed,7
CUST026040,Affluent,0.1718886714512347,Low,0,22215182.24,0,Normal,No action needed,7
CUST015011,Mass,0.0007792207792207,Low,0,8017761.35,0,Normal,No action needed,7
CUST014701,HNI,0.0002833333333333,Low,0,37273574.89,0,Normal,No action needed,7
CUST010226,Affluent,0.0010714285714285,Low,0,14829879.76,0,Normal,No action needed,7
CUST027702,Affluent,0.0011965474165613,Low,0,15617426.1,0,Normal,No action needed,7
CUST008413,Mass,0.0009928442082065,Low,0,6482199.600000001,0,Normal,No action needed,7
CUST043116,Mass,0.1472925686769842,Low,0,6443653.2,0,Normal,No action needed,7
CUST031253,Mass,0.0019565217391304,Low,0,5192074.82,0,Normal,No action needed,7
CUST018373,Mass,0.0035833333333333,Low,0,11577224.19,0,Normal,No action needed,7
CUST028366,Mass,0.1354493847575301,Low,0,2345097.08,0,Normal,No action needed,7
CUST010330,Mass,0.0017307692307692,Low,0,11303482.2,0,Normal,No action needed,7
CUST032724,HNI,0.1208907068798858,Low,1,26691039.25,0,Normal,No action needed,7
CUST044748,Affluent,0.0009259259259259,Low,0,18819745.32,0,Normal,No action needed,7
CUST034906,Affluent,0.2074303580323452,Low,0,15682197.39,0,Normal,No action needed,7
CUST021535,Affluent,0.0,,0,20131904.75,0,Normal,No action needed,7
CUST029700,Mass,0.0001289134438305,Low,0,5943123.05,0,Normal,No action needed,7
CUST033814,Mass,0.0028542510121457,Low,0,13938236.17,0,Normal,No action needed,7
CUST023500,Mass,0.0093058210578521,Low,0,1665331.02,0,Normal,No action needed,7
CUST015998,Affluent,0.0007034632034632,Low,0,10960311.16,0,Normal,No action needed,7
CUST017548,Mass,0.0064360094054417,Low,0,8901091.64,0,Normal,No action needed,7
CUST046796,HNI,0.0010416666666666,Low,0,39540360.77,0,Normal,No action needed,7
CUST022154,Mass,0.0077634762935274,Low,0,3625786.04,0,Normal,No action needed,7
CUST037732,HNI,0.0022916666666666,Low,0,37495349.68,0,Normal,No action needed,7
CUST029496,Mass,0.0020622895622895,Low,0,4464164.24,0,Normal,No action needed,7
CUST013466,HNI,0.2146030811069469,Low,0,37683787.04,0,Normal,No action needed,7
CUST004063,Mass,0.0033602150537634,Low,0,7672347.75,0,Normal,No action needed,7
CUST036502,Mass,0.0006666666666666,Low,0,5571553.55,0,Normal,No action needed,7
CUST008325,Mass,0.0013013698630136,Low,0,4436155.09,0,Normal,No action needed,7
CUST035926,Mass,0.0,,0,5220870.83,0,Normal,No action needed,7
CUST044894,Mass,0.0020514254574657,Low,0,5183416.11,0,Normal,No action needed,7
CUST016922,Mass,0.1189957571803653,Low,0,4657154.79,0,Normal,No action needed,7
CUST005692,Affluent,0.0,,0,17499107.38,0,Normal,No action needed,7
CUST039642,Mass,0.0061893991875016,Low,0,11126314.91,0,Normal,No action needed,7
CUST020792,Mass,0.0003206562266964,Low,0,8591435.860000001,0,Normal,No action needed,7
CUST042835,Mass,0.0006,Low,0,3519607.93,0,Normal,No action needed,7
CUST024993,Mass,0.1270438464548819,Low,0,3770957.9,0,Normal,No action needed,7
CUST005628,Mass,0.0044047619047619,Low,0,10305397.95,0,Normal,No action needed,7
CUST010423,HNI,0.0031578947368421,Low,0,39467937.12,0,Normal,No action needed,7
CUST014054,Mass,0.00275,Low,0,3803016.83,0,Normal,No action needed,7
CUST008963,Affluent,0.0010714754959926,Low,0,18128831.8,0,Normal,No action needed,7
CUST036057,Affluent,0.1461574228524279,Low,0,11691319.61,0,Normal,No action needed,7
CUST008876,Affluent,0.0,,0,24737356.13,0,Normal,No action needed,7
CUST045370,Affluent,0.0,,0,16048410.73,0,Normal,No action needed,7
CUST012629,Affluent,0.0004444444444444,Low,0,23507133.28,0,Normal,No action needed,7
CUST020046,HNI,0.0,,0,36362680.84,0,Normal,No action needed,7
CUST037894,Mass,0.0035833333333333,Low,0,10552336.61,0,Normal,No action needed,7
CUST009619,Affluent,0.0,,0,13920436.9,0,Normal,No action needed,7
CUST046034,Mass,0.0974475270418924,Low,0,8385726.26,0,Normal,No action needed,7
CUST014066,Mass,0.0006776836357871,Low,0,8561976.459999999,0,Normal,No action needed,7
CUST003235,Affluent,3.0303030303030302e-05,Low,0,14664791.59,0,Normal,No action needed,7
CUST028023,HNI,0.0,,0,39187416.17,0,Normal,No action needed,7
CUST013976,Mass,0.0023904253598576,Low,0,10101744.49,0,Normal,No action needed,7
CUST045562,HNI,0.0,,0,33118986.56,0,Normal,No action needed,7
CUST038544,Mass,0.1505303599325549,Low,0,6394430.53,0,Normal,No action needed,7
CUST030887,Mass,0.0023030462184873,Low,0,3179116.39,0,Normal,No action needed,7
CUST006432,Mass,0.1829745005203112,Low,0,6717045.92,0,Normal,No action needed,7
CUST001406,Mass,0.2086916732297122,Low,0,3452841.74,0,Normal,No action needed,7
CUST040785,HNI,0.1578759298311872,Low,0,36033978.97,0,Normal,No action needed,7
CUST032722,Mass,0.0123655647228015,Low,0,1013027.65,0,Normal,No action needed,7
CUST029635,HNI,0.1277662580288587,Low,0,34802202.88,0,Normal,No action needed,7
CUST004946,HNI,0.1845035604957498,Low,0,30834984.27,0,Normal,No action needed,7
CUST033485,HNI,0.0,,0,31260076.72,0,Normal,No action needed,7
CUST011636,Affluent,0.0032142857142857,Low,0,10862827.03,0,Normal,No action needed,7
CUST034669,Mass,0.1560544836543748,Low,1,5882041.74,0,Normal,No action needed,7
CUST045388,HNI,0.0,,0,33298015.77,0,Normal,No action needed,7
CUST035152,Mass,0.1595539529698565,Low,0,4574973.11,0,Normal,No action needed,7
CUST035562,Affluent,0.001125226860254,Low,0,23451854.11,0,Normal,No action needed,7
CUST009105,Mass,0.0016146892964304,Low,0,6243811.96,0,Normal,No action needed,7
CUST029736,Mass,0.0042460317460317,Low,0,10766875.11,0,Normal,No action needed,7
CUST045026,Mass,0.0024272486772486,Low,0,3578921.8200000003,0,Normal,No action needed,7
CUST002265,Affluent,0.1704083349414796,Low,0,16107291.19,0,Normal,No action needed,7
CUST046651,Mass,0.0022302647951819,Low,0,9680522.92,0,Normal,No action needed,7
CUST045065,Affluent,0.1182206211831582,Low,0,16907130.75,0,Normal,No action needed,7
CUST022743,Affluent,0.1294769354884214,Low,1,12699983.07,0,Normal,No action needed,7
CUST024342,Mass,0.0008333333333333,Low,0,5612728.37,0,Normal,No action needed,7
CUST025522,Affluent,0.1879296042679322,Low,0,7238474.46,0,Normal,No action needed,7
CUST044099,Affluent,0.0,,0,13678685.08,0,Normal,No action needed,7
CUST043411,Mass,0.0023412698412698,Low,0,4155975.38,0,Normal,No action needed,7
CUST043789,Mass,0.0086854395604395,Low,0,14897939.84,0,Normal,No action needed,7
CUST049043,Mass,0.0,,0,4595235.87,0,Normal,No action needed,7
CUST044010,Mass,0.0005970149253731,Low,0,5631985.13,0,Normal,No action needed,7
CUST024720,Mass,0.0007693741754144,Low,0,6604086.6,0,Normal,No action needed,7
CUST023328,HNI,0.0,,0,29280233.73,0,Normal,No action needed,7
CUST004913,Mass,0.0024628871413179,Low,0,5823169.03,0,Normal,No action needed,7
CUST000182,Mass,0.0,,0,4145619.7,0,Normal,No action needed,7
CUST020524,Mass,0.1802430039774445,Low,1,1891504.1,0,Normal,No action needed,7
CUST015971,Mass,0.2884813203915699,Low,1,4727349.58,0,Normal,No action needed,7
CUST034078,Mass,0.0003333333333333,Low,0,8094951.5,0,Normal,No action needed,7
CUST028893,Affluent,0.0,,0,23792647.12,0,Normal,No action needed,7
CUST004105,HNI,0.0038333333333333,Low,0,36361756.1,0,Normal,No action needed,7
CUST011413,Mass,4.1666666666666665e-05,Low,0,4516973.21,0,Normal,No action needed,7
CUST035202,Mass,0.0203525775694893,Low,0,2488070.9,0,Normal,No action needed,7
CUST020099,Affluent,0.0023897058823529,Low,0,17898278.32,0,Normal,No action needed,7
CUST021781,Affluent,0.1170703229710276,Low,0,10747491.46,0,Normal,No action needed,7
CUST020948,Affluent,0.0018702568150081,Low,0,13703074.21,0,Normal,No action needed,7
CUST032983,Ultra HNI,0.1533244803140125,Low,1,81816121.82,1,High frequency trader,Flag for algo trading review — separate model needed,7
CUST006577,Mass,0.0007142857142857,Low,0,8346095.23,0,Normal,No action needed,7
CUST039074,Mass,0.0008285203870759,Low,0,7245832.57,0,Normal,No action needed,7
CUST015821,Affluent,0.1702201704842906,Low,0,8798240.709999999,0,Normal,No action needed,7
CUST005151,Mass,0.0001013513513513,Low,0,5476820.68,0,Normal,No action needed,7
CUST041650,Mass,0.0022437331497734,Low,0,5925528.44,0,Normal,No action needed,7
CUST017484,HNI,0.0003846153846153,Low,0,30836437.91,0,Normal,No action needed,7
CUST003560,Mass,0.000625,Low,0,6103279.73,0,Normal,No action needed,7
CUST040635,Mass,0.0056268115942028,Low,0,3827746.3,0,Normal,No action needed,7
CUST036110,Mass,0.0008695652173913,Low,0,5298462.28,0,Normal,No action needed,7
CUST031772,Mass,0.0013980219555967,Low,0,7252916.56,0,Normal,No action needed,7
CUST006275,Mass,0.152634513286143,Low,0,4649879.1,0,Normal,No action needed,7
CUST030434,Affluent,0.0007445887445887,Low,0,14894010.24,0,Normal,No action needed,7
CUST016245,Mass,0.1420480487922218,Low,0,6340042.85,0,Normal,No action needed,7
CUST008329,Affluent,0.0,,0,26373100.76,0,Normal,No action needed,7
CUST035595,HNI,0.0013541666666666,Low,0,34366266.83,0,Normal,No action needed,7
CUST022988,Affluent,0.0,,0,23508995.92,0,Normal,No action needed,7
CUST010594,Affluent,0.0001923076923076,Low,0,26422978.14,0,Normal,No action needed,7
CUST048994,Mass,0.1348360587872926,Low,0,5533219.34,0,Normal,No action needed,7
CUST038039,Mass,0.0,,0,7852229.090000001,0,Normal,No action needed,7
CUST017140,Affluent,0.1013281515543809,Low,0,21250113.12,0,Normal,No action needed,7
CUST025585,Affluent,0.2352393091475296,Low,0,11796582.24,0,Normal,No action needed,7
CUST045447,Mass,0.2209791244104967,Low,0,5248200.42,0,Normal,No action needed,7
CUST032292,Affluent,2.9585798816568047e-05,Low,0,18932376.27,0,Normal,No action needed,7
CUST000020,Affluent,0.003375,Low,0,20951474.11,0,Normal,No action needed,7
CUST008140,Affluent,0.0013848039215686,Low,0,20358720.12,0,Normal,No action needed,7
CUST038999,Mass,0.2502127303446457,Low,0,3687297.14,0,Normal,No action needed,7
CUST043728,Mass,0.1230740266409258,Low,0,4132446.48,0,Normal,No action needed,7
CUST045332,Mass,0.1100164660243597,Low,0,2374421.29,0,Normal,No action needed,7
CUST034652,Mass,0.0008333333333333,Low,0,4223381.7700000005,0,Normal,No action needed,7
CUST046037,Affluent,0.0025798610726023,Low,0,19675997.82,0,Normal,No action needed,7
CUST010554,Mass,0.0024404761904761,Low,0,5581694.55,0,Normal,No action needed,7
CUST021030,Mass,0.1357966258105821,Low,0,4006543.52,0,Normal,No action needed,7
CUST006467,Mass,0.2080460382529424,Low,1,6023166.72,0,Normal,No action needed,7
CUST022058,Mass,0.0025369674185463,Low,0,12822611.68,0,Normal,No action needed,7
CUST034389,Mass,0.1669552020502589,Low,0,11227677.93,0,Normal,No action needed,7
CUST048147,Mass,0.1828195104311954,Low,0,6484458.36,0,Normal,No action needed,7
CUST005429,Mass,0.0024404761904761,Low,0,6106431.13,0,Normal,No action needed,7
CUST008835,Mass,0.0,,0,8774515.86,0,Normal,No action needed,7
CUST002630,Mass,0.2376211018613959,Low,0,9904569.76,0,Normal,No action needed,7
CUST013071,Mass,0.0,,0,5267659.58,0,Normal,No action needed,7
CUST007385,Affluent,0.0,,0,17450694.43,0,Normal,No action needed,7
CUST020409,Mass,0.0008097866614791,Low,0,5951806.49,0,Normal,No action needed,7
CUST001011,Affluent,0.0003571428571428,Low,0,20737451.99,0,Normal,No action needed,7
CUST008884,Mass,0.0022052401746724,Low,0,8596510.94,0,Normal,No action needed,7
CUST043041,Affluent,0.0,,0,25682512.49,0,Normal,No action needed,7
CUST038794,Affluent,0.0015571428571428,Low,0,13243256.91,0,Normal,No action needed,7
CUST000220,Affluent,0.0019687946408187,Low,0,15656913.15,0,Normal,No action needed,7
CUST014278,Mass,0.0020639187574671,Low,0,9704237.95,0,Normal,No action needed,7
CUST006649,HNI,0.1603885975029158,Low,0,46532817.09,0,Normal,No action needed,7
CUST041589,Affluent,0.132066301243291,Low,0,10321566.01,0,Normal,No action needed,7
CUST011301,Ultra HNI,0.0025462962962962,Low,0,74919772.39,1,High frequency trader,Flag for algo trading review — separate model needed,7
CUST032426,Mass,0.0932255977856965,Low,0,4611929.86,0,Normal,No action needed,7
CUST012731,Affluent,0.0,,0,16581680.54,0,Normal,No action needed,7
CUST047704,Affluent,0.2512139938243161,Low,0,12106073.49,0,Normal,No action needed,7
CUST039052,Mass,0.0,,0,5620319.83,0,Normal,No action needed,7
CUST023429,Affluent,0.0059031385281385,Low,0,18052456.71,0,Normal,No action needed,7
CUST031523,Mass,0.0073873744189533,Low,0,2793893.48,0,Normal,No action needed,7
CUST007956,Mass,0.0002380952380952,Low,0,4390913.81,0,Normal,No action needed,7
CUST031205,HNI,5.6657223796034e-05,Low,0,48767640.49,0,Normal,No action needed,7
CUST014976,Mass,0.0,,0,3963527.85,0,Normal,No action needed,7
CUST013960,Mass,0.1355855329380658,Low,0,5038293.53,0,Normal,No action needed,7
CUST020331,Affluent,0.14802909154141,Low,0,22458871.75,0,Normal,No action needed,7
CUST040543,Mass,0.129760607114805,Low,0,10974863.23,0,Normal,No action needed,7
CUST049711,Affluent,0.2813570090514246,Low,0,11307461.43,0,Normal,No action needed,7
CUST007285,HNI,0.2414018563780011,Low,0,28678510.85,0,Normal,No action needed,7
CUST025912,Affluent,0.0050744047619047,Low,0,11722612.4,0,Normal,No action needed,7
CUST025106,Affluent,0.0002272727272727,Low,0,22267008.04,0,Normal,No action needed,7
CUST045923,Mass,0.0,,0,6284719.78,0,Normal,No action needed,7
CUST034715,Mass,0.2183771407324737,Low,0,9476263.99,0,Normal,No action needed,7
CUST001472,HNI,0.0,,0,41914720.79,0,Normal,No action needed,7
CUST028508,Mass,0.0099621459694989,Low,0,2119507.01,0,Normal,No action needed,7
CUST007879,Mass,0.1168448734944056,Low,1,9970894.7,0,Normal,No action needed,7
CUST027349,Mass,0.1193967071668163,Low,0,5298067.06,0,Normal,No action needed,7
CUST001675,Mass,0.0,,0,8498080.559999999,0,Normal,No action needed,7
CUST035717,Mass,0.0064360094054417,Low,0,6788898.86,0,Normal,No action needed,7
CUST021826,Mass,0.0199519625292273,Low,0,3658874.99,0,Normal,No action needed,7
CUST032079,Affluent,0.0094330055909003,Low,0,9378618.45,0,Normal,No action needed,7
CUST008346,Mass,0.0,,0,2752201.89,0,Normal,No action needed,7
CUST039713,HNI,0.1560151013316877,Low,0,33942626.72,0,Normal,No action needed,7
CUST012132,HNI,0.0026315789473684,Low,0,33961626.97,0,Normal,No action needed,7
CUST034724,HNI,0.1462499118249795,Low,1,39022995.6,0,Normal,No action needed,7
CUST010664,Affluent,0.0003571428571428,Low,0,24970179.47,0,Normal,No action needed,7
CUST035986,Mass,0.0939247508881309,Low,1,5186565.2700000005,0,Normal,No action needed,7
CUST024015,Mass,0.1020595241264147,Low,0,5699392.9,0,Normal,No action needed,7
CUST031740,Mass,0.0017365458118113,Low,0,12308769.22,0,Normal,No action needed,7
CUST032397,Affluent,0.001047619047619,Low,0,14842864.12,0,Normal,No action needed,7
CUST026949,Mass,0.0098678763868981,Low,0,3235444.0700000003,0,Normal,No action needed,7
CUST023900,Affluent,0.1411721946581002,Low,0,12683790.85,0,Normal,No action needed,7
CUST022527,Affluent,0.1620199236163028,Low,0,11862343.54,0,Normal,No action needed,7
CUST023433,Affluent,0.001439371910439,Low,0,34756901.86,0,Normal,No action needed,7
CUST005836,Mass,0.0007779886148007,Low,0,8871145.120000001,0,Normal,No action needed,7
CUST040659,Mass,0.1816775765515517,Low,0,3318715.59,0,Normal,No action needed,7
CUST027573,Mass,0.003125,Low,0,3656075.66,0,Normal,No action needed,7
CUST020697,Mass,0.00125,Low,0,11068437.7,0,Normal,No action needed,7
CUST033776,Mass,0.0052116119174942,Low,0,3508762.41,0,Normal,No action needed,7
CUST037803,Affluent,0.0006666666666666,Low,0,14860481.85,0,Normal,No action needed,7
CUST043820,Mass,9.09090909090909e-05,Low,0,9015928.07,0,Normal,No action needed,7
CUST014521,Affluent,0.2221167102556158,Low,0,14687149.5,0,Normal,No action needed,7
CUST044740,Mass,0.0022423668706672,Low,0,7144753.29,0,Normal,No action needed,7
CUST031186,Mass,0.0029444444444444,Low,0,11165724.64,0,Normal,No action needed,7
CUST005917,Mass,0.0059154761904761,Low,0,5192821.37,0,Normal,No action needed,7
CUST009428,Mass,0.0025133928571428,Low,0,9533888.05,0,Normal,No action needed,7
CUST037822,Mass,0.1780319813670952,Low,0,2533505.83,0,Normal,No action needed,7
CUST049959,Mass,0.0043829401088929,Low,0,1659712.79,0,Normal,No action needed,7
CUST040172,Affluent,0.0013262599469496,Low,0,19064332.17,0,Normal,No action needed,7
CUST017932,Affluent,0.0010714285714285,Low,0,18457944.38,0,Normal,No action needed,7
CUST029779,Affluent,0.0,,0,15779976.73,0,Normal,No action needed,7
CUST006869,Mass,0.1628075161021513,Low,0,3962885.76,0,Normal,No action needed,7
CUST008566,Mass,0.1087847396492679,Low,0,4372293.09,0,Normal,No action needed,7
CUST042273,Mass,0.0002118644067796,Low,0,17929828.36,0,Normal,No action needed,7
CUST000079,Mass,6.134969325153375e-05,Low,0,5813039.65,0,Normal,No action needed,7
CUST033801,Ultra HNI,0.0,,0,80237889.68,1,High frequency trader,Flag for algo trading review — separate model needed,7
CUST045496,Mass,0.0016289134438305,Low,0,8257890.81,0,Normal,No action needed,7
CUST033923,Mass,0.2324120461083785,Low,0,5127248.78,0,Normal,No action needed,7
CUST026523,Affluent,0.0,,0,12521549.88,0,Normal,No action needed,7
CUST014728,Affluent,9.09090909090909e-05,Low,0,25536608.87,0,Normal,No action needed,7
CUST036705,HNI,0.0047192550119962,Low,0,39505586.66,0,Normal,No action needed,7
CUST041170,Affluent,0.0007107056936647,Low,0,14156632.45,0,Normal,No action needed,7
CUST039866,Mass,0.0003367333971145,Low,0,5765488.3,0,Normal,No action needed,7
CUST014599,Mass,0.0029551820728291,Low,0,5826792.62,0,Normal,No action needed,7
CUST008546,Mass,0.0045543345543345,Low,0,2813043.75,0,Normal,No action needed,7
CUST013734,Mass,0.0024744674185463,Low,0,2725075.45,0,Normal,No action needed,7
CUST009615,Mass,0.100605403179975,Low,0,2561265.0,0,Normal,No action needed,7
CUST015907,Mass,0.0036307631160572,Low,0,5434452.28,0,Normal,No action needed,7
CUST017807,Mass,0.0007614942528735,Low,0,4203282.68,0,Normal,No action needed,7
CUST033094,HNI,0.0006040669856459,Low,0,54237277.98,1,Other anomaly,No action needed,7
CUST049071,HNI,0.002783189033189,Low,0,45340087.96,0,Normal,No action needed,7
CUST044450,Affluent,0.0006666666666666,Low,0,13086321.5,0,Normal,No action needed,7
CUST037370,Mass,0.0026869565217391,Low,0,10923128.21,0,Normal,No action needed,7
CUST023981,Mass,0.0030555555555555,Low,0,8959910.51,0,Normal,No action needed,7
CUST021480,Mass,0.0012264150943396,Low,0,5881323.94,0,Normal,No action needed,7
CUST000196,Mass,0.0028125,Low,0,3206557.86,0,Normal,No action needed,7
CUST029536,HNI,0.0011347265221878,Low,0,47046246.55,0,Normal,No action needed,7
CUST049109,Mass,0.1434271845379108,Low,0,9604932.08,0,Normal,No action needed,7
CUST000072,Affluent,0.0015125615125615,Low,0,29379137.68,0,Normal,No action needed,7
CUST003853,Mass,0.0004012345679012,Low,0,7156905.29,0,Normal,No action needed,7
CUST013263,HNI,0.0017870762711864,Low,0,55748391.36,0,Normal,No action needed,7
CUST026368,Mass,0.2102114561361593,Low,0,6868250.87,0,Normal,No action needed,7
CUST032123,Mass,0.0015106951871657,Low,0,9034763.61,0,Normal,No action needed,7
CUST011374,Mass,0.0003333333333333,Low,0,10064430.68,0,Normal,No action needed,7
CUST032675,Mass,0.0009392789373814,Low,0,10589809.88,0,Normal,No action needed,7
CUST028029,Mass,0.1415770533855226,Low,0,3385773.84,0,Normal,No action needed,7
CUST041394,HNI,0.0,,0,44187964.56,0,Normal,No action needed,7
CUST031725,Mass,0.2099916203552785,Low,0,7218025.72,0,Normal,No action needed,7
CUST041139,HNI,0.1166233638547722,Low,0,23599983.39,0,Normal,No action needed,7
CUST045088,Affluent,0.00032877882152,Low,0,12664921.65,0,Normal,No action needed,7
CUST044258,Mass,0.0,,0,7519535.850000001,0,Normal,No action needed,7
CUST048738,Affluent,0.2427568689412112,Low,0,9904011.89,0,Normal,No action needed,7
CUST015798,Mass,0.0,,0,3931759.63,0,Normal,No action needed,7
CUST024782,Ultra HNI,0.1283520662933057,Low,0,50645883.9,1,High frequency trader,Flag for algo trading review — separate model needed,7
CUST009417,Mass,0.0001086956521739,Low,0,9454223.43,0,Normal,No action needed,7
CUST033934,Mass,0.0020994105037513,Low,0,5098413.22,0,Normal,No action needed,7
CUST000830,Mass,0.0043125,Low,0,4161635.59,0,Normal,No action needed,7
CUST023161,Affluent,0.0,,0,19235550.58,0,Normal,No action needed,7
CUST031702,Affluent,0.0007142857142857,Low,0,20166622.41,0,Normal,No action needed,7
CUST012108,Mass,0.0021634615384615,Low,0,8516583.5,0,Normal,No action needed,7
CUST020476,Mass,0.0004279169527691,Low,0,10039246.57,0,Normal,No action needed,7
CUST021963,HNI,0.0001412429378531,Low,0,51314425.48,0,Normal,No action needed,7
CUST025182,Mass,0.0006666666666666,Low,0,14999964.29,0,Normal,No action needed,7
CUST049761,Mass,0.0029411764705882,Low,0,4687707.66,0,Normal,No action needed,7
CUST013630,Mass,0.2115829878120842,Low,0,4266838.45,0,Normal,No action needed,7
CUST026437,Mass,0.0011929824561403,Low,0,7794543.71,0,Normal,No action needed,7
CUST040299,Affluent,0.000253164556962,Low,0,18686328.470000003,0,Normal,No action needed,7
CUST028188,Mass,0.0,,0,5249652.88,0,Normal,No action needed,7
CUST015742,Affluent,0.0009302325581395,Low,0,17673917.27,0,Normal,No action needed,7
CUST017929,Affluent,0.000253164556962,Low,0,23028915.56,0,Normal,No action needed,7
CUST008005,HNI,0.0004347826086956,Low,0,22149523.41,0,Normal,No action needed,7
CUST028580,Affluent,0.0,,0,13057549.72,0,Normal,No action needed,7
CUST030985,Mass,0.0,,0,3323184.13,0,Normal,No action needed,7
CUST030823,Mass,0.0,,0,13828305.37,0,Normal,No action needed,7
CUST003786,Mass,0.0002173913043478,Low,0,5698564.71,0,Normal,No action needed,7
CUST017525,Affluent,0.0003333333333333,Low,0,10611676.56,0,Normal,No action needed,7
CUST046536,Mass,0.0031980415667466,Low,0,8283360.18,0,Normal,No action needed,7
CUST028218,Affluent,0.0,,0,14473479.21,0,Normal,No action needed,7
CUST023769,Mass,0.0,,0,4428148.75,0,Normal,No action needed,7
CUST012879,Mass,0.0,,0,5243546.11,0,Normal,No action needed,7
CUST033978,HNI,0.0,,0,36361721.58,0,Normal,No action needed,7
CUST035817,Affluent,0.001139846743295,Low,0,16400297.95,0,Normal,No action needed,7
CUST048300,Affluent,0.0004166666666666,Low,0,14418705.03,0,Normal,No action needed,7
CUST041692,Affluent,0.0015993184031158,Low,0,22423439.62,0,Normal,No action needed,7
CUST032362,Mass,0.0005738286980678,Low,0,7009095.550000001,0,Normal,No action needed,7
CUST021295,Mass,0.0,,0,6074308.54,0,Normal,No action needed,7
CUST034159,Mass,0.0003125,Low,0,7637002.109999999,0,Normal,No action needed,7
CUST022388,Mass,0.0038221153846153,Low,0,3515109.91,0,Normal,No action needed,7
CUST003700,Mass,0.0,,0,5416090.69,0,Normal,No action needed,7
CUST005582,Mass,6.134969325153375e-05,Low,0,10436182.7,0,Normal,No action needed,7
CUST025685,Affluent,0.0,,0,14584910.98,0,Normal,No action needed,7
CUST006430,Mass,0.0045314900153609,Low,0,2229748.44,0,Normal,No action needed,7
CUST017080,Affluent,0.0029411764705882,Low,0,25971526.51,0,Normal,No action needed,7
CUST006957,Affluent,0.000825,Low,0,12273834.9,0,Normal,No action needed,7
CUST002913,Mass,0.0138117823904275,Low,0,1934445.38,0,Normal,No action needed,7
CUST049941,Affluent,0.1551577791750497,Low,0,11773106.17,0,Normal,No action needed,7
CUST037608,Mass,0.0008333333333333,Low,0,10301937.68,0,Normal,No action needed,7
CUST027951,Affluent,0.0015340909090909,Low,0,18124421.65,0,Normal,No action needed,7
CUST032072,Ultra HNI,0.0003846153846153,Low,0,78031364.5,1,High frequency trader,Flag for algo trading review — separate model needed,7
CUST033785,Affluent,0.0006818181818181,Low,0,18711848.43,0,Normal,No action needed,7
CUST031496,Mass,0.0001132686084142,Low,0,7287371.34,0,Normal,No action needed,7
CUST029493,Mass,0.0088462301587301,Low,0,6191743.890000001,0,Normal,No action needed,7
CUST029441,Mass,0.0059950066983315,Low,0,3427772.15,0,Normal,No action needed,7
CUST049755,Mass,0.1484302463465381,Low,0,8472133.850000001,0,Normal,No action needed,7
CUST037977,Mass,0.0011538461538461,Low,0,8659618.17,0,Normal,No action needed,7
CUST018020,Affluent,0.004090909090909,Low,0,18541416.62,0,Normal,No action needed,7
CUST007303,Mass,0.1980538503559271,Low,1,9076069.43,0,Normal,No action needed,7
CUST030386,Mass,0.0,,0,9840776.5,0,Normal,No action needed,7
CUST044458,Affluent,0.1441307807397452,Low,0,7993102.52,0,Normal,No action needed,7
CUST019082,HNI,0.1234885408202353,Low,0,39616562.54,0,Normal,No action needed,7
CUST004722,Affluent,0.0008333333333333,Low,0,16157290.27,0,Normal,No action needed,7
CUST037866,Affluent,0.0007155191530117,Low,0,25792455.37,0,Normal,No action needed,7
CUST037138,Affluent,0.0,,0,17396041.96,0,Normal,No action needed,7
CUST042610,Affluent,0.0,,0,14965492.38,0,Normal,No action needed,7
CUST021115,Mass,0.0,,0,13021438.99,0,Normal,No action needed,7
CUST016397,HNI,0.2064259722971943,Low,0,35437170.91,0,Normal,No action needed,7
CUST017950,Mass,0.1244741379893755,Low,0,8317739.98,0,Normal,No action needed,7
CUST035312,Affluent,0.0,,0,26026258.21,0,Normal,No action needed,7
CUST034983,Affluent,0.0017948717948717,Low,0,16340117.83,0,Normal,No action needed,7
CUST012598,Affluent,0.0,,0,23767639.83,0,Normal,No action needed,7
CUST034566,Mass,0.0004891304347826,Low,0,8091381.15,0,Normal,No action needed,7
CUST025513,Affluent,0.0007142857142857,Low,0,18705858.8,0,Normal,No action needed,7
CUST048778,Mass,0.0011904761904761,Low,0,9084121.91,0,Normal,No action needed,7
CUST036867,Mass,0.2257903035408663,Low,0,6305620.67,0,Normal,No action needed,7
CUST040122,Affluent,0.0020588235294117,Low,0,11430040.04,0,Normal,No action needed,7
CUST011201,Mass,0.1252787717379921,Low,1,3229065.51,0,Normal,No action needed,7
CUST046518,Mass,0.0021289134438305,Low,0,8015730.46,0,Normal,No action needed,7
CUST005204,Mass,0.0087284637985712,Low,0,3329991.98,0,Normal,No action needed,7
CUST022851,HNI,0.1240013902532238,Low,0,33624889.0,0,Normal,No action needed,7
CUST014603,Affluent,0.0,,0,14268130.43,0,Normal,No action needed,7
CUST039612,Mass,0.0009523809523809,Low,0,6236142.55,0,Normal,No action needed,7
CUST013868,Affluent,0.001875,Low,0,17162951.900000002,0,Normal,No action needed,7
CUST021257,Ultra HNI,0.0033844930903754,Low,0,57848264.9,1,High frequency trader,Flag for algo trading review — separate model needed,7
CUST032617,Affluent,0.0,,0,10455280.85,0,Normal,No action needed,7
CUST025072,Mass,0.0058548977903816,Low,0,8712147.57,0,Normal,No action needed,7
CUST008513,Affluent,0.0032692307692307,Low,0,12872638.9,0,Normal,No action needed,7
CUST040964,Mass,6.493506493506494e-05,Low,0,5702640.7700000005,0,Normal,No action needed,7
CUST001741,HNI,0.0007027966036063,Low,0,40379090.120000005,0,Normal,No action needed,7
CUST032640,Mass,0.0112823458218195,Low,0,3341249.15,0,Normal,No action needed,7
CUST034938,Mass,0.0089035414890593,Low,0,3399013.75,0,Normal,No action needed,7
CUST010060,Mass,0.0001662864162864,Low,0,8445897.27,0,Normal,No action needed,7
CUST045846,Mass,0.0,,0,7318553.169999999,0,Normal,No action needed,7
CUST040204,Mass,0.00225,Low,0,10921452.35,0,Normal,No action needed,7
CUST046615,Affluent,0.0002631578947368,Low,0,35096236.92,0,Normal,No action needed,7
CUST021340,Affluent,0.000625,Low,0,18911331.68,0,Normal,No action needed,7
CUST023947,Affluent,0.001582054309327,Low,0,14640802.1,0,Normal,No action needed,7
CUST030301,Mass,0.2408140022435643,Low,0,8113379.99,0,Normal,No action needed,7
CUST017227,Mass,0.0003125,Low,0,3902412.84,0,Normal,No action needed,7
CUST046926,Affluent,0.000625,Low,0,18966642.87,0,Normal,No action needed,7
CUST029959,Affluent,0.0005555555555555,Low,0,18947583.81,0,Normal,No action needed,7
CUST020994,HNI,0.0,,0,42040939.74,0,Normal,No action needed,7
CUST017122,Mass,0.0005158951477969,Low,0,10752498.59,0,Normal,No action needed,7
CUST026159,Mass,0.1582787513963099,Low,0,4291911.09,0,Normal,No action needed,7
CUST013165,Mass,0.0,,0,14411893.94,0,Normal,No action needed,7
CUST005792,Mass,0.0076507263922518,Low,0,5436458.51,0,Normal,No action needed,7
CUST037436,Mass,0.1638233826880791,Low,0,10178117.930000002,0,Normal,No action needed,7
CUST008854,Mass,0.1234526170721748,Low,0,2773931.67,0,Normal,No action needed,7
CUST032613,Affluent,0.0032527233115468,Low,0,28003133.3,0,Normal,No action needed,7
CUST037513,Affluent,0.0015931356803289,Low,0,13230610.04,0,Normal,No action needed,7
CUST004672,Mass,0.0,,0,4873597.1,0,Normal,No action needed,7
CUST021730,Affluent,0.0009478021978021,Low,0,10818160.87,0,Normal,No action needed,7
CUST015460,Mass,0.0019366993873572,Low,0,7151490.55,0,Normal,No action needed,7
CUST008847,Affluent,0.0011538461538461,Low,0,11873695.07,0,Normal,No action needed,7
CUST030879,Mass,0.0017378310973512,Low,0,4727086.15,0,Normal,No action needed,7
CUST003789,Mass,0.0,,0,7707553.77,0,Normal,No action needed,7
CUST039372,Affluent,0.0,,0,19779244.04,0,Normal,No action needed,7
CUST016803,Mass,0.0022222222222222,Low,0,9319296.74,0,Normal,No action needed,7
CUST028367,Mass,0.0007693741754144,Low,0,7380872.25,0,Normal,No action needed,7
CUST049583,Mass,0.0015782212701957,Low,0,9263494.48,0,Normal,No action needed,7
CUST029973,Mass,0.159248809616733,Low,0,2576703.04,0,Normal,No action needed,7
CUST034020,Mass,0.1442087945703252,Low,0,3801237.71,0,Normal,No action needed,7
CUST037339,HNI,0.0061639484741264,Low,0,29418580.63,0,Normal,No action needed,7
CUST029693,Mass,0.0,,0,6104891.13,0,Normal,No action needed,7
CUST039575,Mass,0.0052708333333333,Low,0,6621046.28,0,Normal,No action needed,7
CUST039518,Mass,0.1247973485522948,Low,0,2194606.06,0,Normal,No action needed,7
CUST046590,Mass,0.0014285203870759,Low,0,7481174.43,0,Normal,No action needed,7
CUST007741,Mass,0.0004166666666666,Low,0,5990688.05,0,Normal,No action needed,7
CUST022817,Affluent,0.0,,0,11872506.57,0,Normal,No action needed,7
CUST046399,HNI,0.0,,0,38898408.2,0,Normal,No action needed,7
CUST049614,Mass,0.0007142857142857,Low,0,8398451.57,0,Normal,No action needed,7
CUST016651,Mass,0.0024973739495798,Low,0,19179743.85,0,Normal,No action needed,7
CUST036624,Mass,0.0061210847975553,Low,0,11507667.76,0,Normal,No action needed,7
CUST024338,HNI,0.2404224541896463,Low,0,42450231.54,0,Normal,No action needed,7
CUST022317,Mass,0.0016666666666666,Low,0,5124653.12,0,Normal,No action needed,7
CUST030913,Mass,0.0,,0,3223709.28,0,Normal,No action needed,7
CUST010730,Mass,0.0002380952380952,Low,0,5055718.850000001,0,Normal,No action needed,7
CUST001549,Mass,0.0022052401746724,Low,0,6409184.14,0,Normal,No action needed,7
CUST044998,Mass,6.134969325153375e-05,Low,0,6904353.0,0,Normal,No action needed,7
CUST000414,Affluent,0.0,,0,23687592.38,0,Normal,No action needed,7
CUST035141,HNI,0.002734962406015,Low,0,28452036.17,0,Normal,No action needed,7
CUST011449,Mass,0.0042069173710539,Low,0,6167474.449999999,0,Normal,No action needed,7
CUST024294,HNI,0.0009375,Low,0,39346280.2,0,Normal,No action needed,7
CUST001746,Affluent,0.0010695195622608,Low,0,14574744.45,0,Normal,No action needed,7
CUST019295,Mass,0.0017107683982683,Low,0,3096591.4,0,Normal,No action needed,7
CUST024631,Affluent,0.1636704696870713,Low,0,11519519.69,0,Normal,No action needed,7
CUST033238,Affluent,0.0016596638655462,Low,0,17077109.86,0,Normal,No action needed,7
CUST035460,HNI,0.0006666666666666,Low,0,22190399.36,0,Normal,No action needed,7
CUST046460,HNI,0.0015656565656565,Low,0,47171620.22,1,High frequency trader,Flag for algo trading review — separate model needed,7
CUST012063,Affluent,0.0,,0,18254125.36,0,Normal,No action needed,7
CUST002973,Mass,0.0,,0,4159108.81,0,Normal,No action needed,7
CUST005709,Affluent,0.0019230769230769,Low,0,10149579.93,0,Normal,No action needed,7
CUST049717,Mass,0.0015416666666666,Low,0,4601706.07,0,Normal,No action needed,7
CUST034336,Affluent,3.0303030303030302e-05,Low,0,15329433.38,0,Normal,No action needed,7
CUST033122,Affluent,0.0,,0,19652229.58,0,Normal,No action needed,7
CUST016477,HNI,0.0021410533910533,Low,0,37155915.05,0,Normal,No action needed,7
CUST009816,Mass,0.1992581395446367,Low,0,5782618.65,0,Normal,No action needed,7
CUST019602,Mass,0.0004449152542372,Low,0,6161114.149999999,0,Normal,No action needed,7
CUST026985,Mass,0.0,,0,12053090.6,0,Normal,No action needed,7
CUST001876,Mass,0.0028464912280701,Low,0,5259804.94,0,Normal,No action needed,7
CUST031321,Mass,0.00025,Low,0,7104447.109999999,0,Normal,No action needed,7
CUST005930,Mass,0.0007894736842105,Low,0,3961481.7,0,Normal,No action needed,7
CUST048212,Mass,0.1983651025982101,Low,0,2769565.22,0,Normal,No action needed,7
CUST032682,Mass,0.0004526869158878,Low,0,5120229.7,0,Normal,No action needed,7
CUST004697,Mass,0.0020980392156862,Low,0,6027104.08,0,Normal,No action needed,7
CUST049002,Mass,0.2111809984629788,Low,0,11226230.14,0,Normal,No action needed,7
CUST041339,Affluent,0.1445788688101954,Low,0,25447310.51,0,Normal,No action needed,7
CUST021260,Mass,0.0072619047619047,Low,0,4965335.91,0,Normal,No action needed,7
CUST011767,Mass,0.0,,0,10039925.82,0,Normal,No action needed,7
CUST012587,Mass,0.0031875,Low,0,4454090.69,0,Normal,No action needed,7
CUST035625,Affluent,0.0024494949494949,Low,0,15657116.47,0,Normal,No action needed,7
CUST014805,Mass,0.213776994624153,Low,0,5111649.350000001,0,Normal,No action needed,7
CUST004793,Mass,0.0028095238095238,Low,0,10118636.46,0,Normal,No action needed,7
CUST020097,Mass,0.0042577030812324,Low,0,5069104.92,0,Normal,No action needed,7
CUST049839,Affluent,0.1319819677108764,Low,1,15515060.7,0,Normal,No action needed,7
CUST042486,Mass,0.0020073945193562,Low,0,7099381.03,0,Normal,No action needed,7
CUST001989,Affluent,0.00525,Low,0,12717004.69,0,Normal,No action needed,7
CUST027467,Affluent,0.0037272727272727,Low,0,10216303.04,0,Normal,No action needed,7
CUST031235,Mass,0.136363126595492,Low,0,4995708.28,0,Normal,No action needed,7
CUST049655,Mass,0.0,,0,8420349.1,0,Normal,No action needed,7
CUST027386,Mass,0.1499659519055151,Low,0,3910453.9,0,Normal,No action needed,7
CUST022351,Mass,0.0011784949525848,Low,0,4370726.36,0,Normal,No action needed,7
CUST012774,Affluent,0.0,,0,11675485.87,0,Normal,No action needed,7
CUST031237,Affluent,3.0303030303030302e-05,Low,0,15408961.6,0,Normal,No action needed,7
CUST028072,Affluent,0.0064358974358974,Low,0,12294954.55,0,Normal,No action needed,7
CUST002699,HNI,0.0003448275862068,Low,0,45547816.7,0,Normal,No action needed,7
CUST007221,Mass,0.0003571428571428,Low,0,3541802.07,0,Normal,No action needed,7
CUST005660,Mass,0.0,,0,5338093.47,0,Normal,No action needed,7
CUST007247,Mass,0.0003333333333333,Low,0,6057455.109999999,0,Normal,No action needed,7
CUST031996,Mass,0.0,,0,4629383.5200000005,0,Normal,No action needed,7
CUST030009,Mass,0.005295238095238,Low,0,4449907.03,0,Normal,No action needed,7
CUST006421,Affluent,0.000340909090909,Low,0,11619131.49,0,Normal,No action needed,7
CUST004575,Mass,0.1474753291781697,Low,0,7494447.61,0,Normal,No action needed,7
CUST043537,Ultra HNI,0.0030348309139566,Low,0,71461056.1,1,High frequency trader,Flag for algo trading review — separate model needed,7
CUST006775,Mass,0.0026219068413391,Low,0,10281311.82,0,Normal,No action needed,7
CUST020031,Mass,0.0007655714809337,Low,0,5978232.52,0,Normal,No action needed,7
CUST015108,Mass,0.0052849214871654,Low,0,8961711.25,0,Normal,No action needed,7
CUST009974,Mass,0.0049016794332362,Low,0,5163498.62,0,Normal,No action needed,7
CUST003616,HNI,0.2769044388876767,Low,0,35782937.18,0,Normal,No action needed,7
CUST046244,Mass,0.002,Low,0,8003119.180000001,0,Normal,No action needed,7
CUST034313,Affluent,0.0007692307692307,Low,0,15957572.37,0,Normal,No action needed,7
CUST040705,Affluent,0.0001412429378531,Low,0,13817267.24,0,Normal,No action needed,7
CUST001074,Mass,0.1868550028377626,Low,0,3131799.76,0,Normal,No action needed,7
CUST002801,Mass,0.1592483831611521,Low,0,6794799.99,0,Normal,No action needed,7
CUST002242,Affluent,0.0,,0,21256443.93,0,Normal,No action needed,7
CUST029640,Mass,0.1608001155588645,Low,0,9077498.07,0,Normal,No action needed,7
CUST009224,Mass,0.2169617931564634,Low,0,4701807.86,0,Normal,No action needed,7
CUST000829,Mass,0.0009090909090909,Low,0,6533194.72,0,Normal,No action needed,7
CUST040959,Mass,0.1142081926143825,Low,0,4358672.79,0,Normal,No action needed,7
CUST048647,Mass,0.0022686801216212,Low,0,11915527.1,0,Normal,No action needed,7
CUST046435,Mass,0.0007692307692307,Low,0,4053046.03,0,Normal,No action needed,7
CUST006989,Affluent,2.9585798816568047e-05,Low,0,20800304.03,0,Normal,No action needed,7
CUST020137,Mass,0.002985119047619,Low,0,8393351.82,0,Normal,No action needed,7
CUST022447,Mass,0.0003333333333333,Low,0,11506732.8,0,Normal,No action needed,7
CUST029472,Mass,0.0001086956521739,Low,0,8253298.939999999,0,Normal,No action needed,7
CUST023546,Mass,0.178925831399777,Low,0,4180181.02,0,Normal,No action needed,7
CUST021870,Affluent,0.1586838611053569,Low,0,15617270.92,0,Normal,No action needed,7
CUST027873,Mass,0.0093118868360741,Low,0,3769147.21,0,Normal,No action needed,7
CUST043679,Affluent,0.0002631578947368,Low,0,18658203.09,0,Normal,No action needed,7
CUST010821,Affluent,0.0021428571428571,Low,0,10298490.4,0,Normal,No action needed,7
CUST024312,Mass,0.0026,Low,0,2748587.5300000003,0,Normal,No action needed,7
CUST029683,Mass,0.0014705882352941,Low,0,7268600.4,0,Normal,No action needed,7
CUST004358,HNI,0.0,,0,35275275.59,0,Normal,No action needed,7
CUST045996,HNI,0.0009523809523809,Low,0,40644124.99,0,Normal,No action needed,7
CUST033714,Mass,0.0088546037296037,Low,0,2898285.1500000004,0,Normal,No action needed,7
CUST034979,Mass,0.0061617177971667,Low,0,1812667.27,0,Normal,No action needed,7
CUST016169,Affluent,0.1226518081714608,Low,0,18320038.82,0,Normal,No action needed,7
CUST005085,Affluent,0.0028125,Low,0,14362003.87,0,Normal,No action needed,7
CUST004189,Affluent,0.00032877882152,Low,0,19555836.8,0,Normal,No action needed,7
CUST024901,HNI,0.0032620894909688,Low,0,42761888.23,0,Normal,No action needed,7
CUST029519,Mass,0.1465271990678357,Low,1,4494490.79,0,Normal,No action needed,7
CUST042638,Affluent,0.0003846153846153,Low,0,16827384.85,0,Normal,No action needed,7
CUST006092,HNI,0.1471271031948523,Low,0,35563990.81,0,Normal,No action needed,7
CUST006489,Mass,0.001954459203036,Low,0,2930447.25,0,Normal,No action needed,7
CUST003982,Mass,0.0064430076628352,Low,0,3232325.32,0,Normal,No action needed,7
CUST025128,Affluent,0.0005882352941176,Low,0,15637151.45,0,Normal,No action needed,7
CUST045344,Mass,0.0,,0,10903445.31,0,Normal,No action needed,7
CUST029311,Mass,0.002,Low,0,4869897.34,0,Normal,No action needed,7
CUST013713,Mass,0.0018273657289002,Low,0,6769839.13,0,Normal,No action needed,7
CUST042994,Mass,0.0023427128427128,Low,0,8215843.050000001,0,Normal,No action needed,7
CUST037718,Mass,0.0107126094555933,Low,0,1802458.03,0,Normal,No action needed,7
CUST012558,Mass,0.0,,0,5679987.36,0,Normal,No action needed,7
CUST041691,Mass,0.0041779169527691,Low,0,5240613.23,0,Normal,No action needed,7
CUST006043,Mass,0.0011738286980678,Low,0,7509235.85,0,Normal,No action needed,7
CUST048128,Mass,0.0,,0,7201507.9,0,Normal,No action needed,7
CUST045358,Mass,0.0028043478260869,Low,0,3483760.73,0,Normal,No action needed,7
CUST013767,Mass,0.0013013698630136,Low,0,5901422.28,0,Normal,No action needed,7
CUST004247,Mass,0.1959580375000984,Low,0,7307778.98,0,Normal,No action needed,7
CUST041157,HNI,5.6657223796034e-05,Low,0,50338753.56,0,Normal,No action needed,7
CUST013761,Affluent,0.1406671105965337,Low,1,21759874.92,0,Normal,No action needed,7
CUST007753,HNI,0.1056851475376671,Low,0,35472925.97,0,Normal,No action needed,7
CUST014024,Affluent,0.0004545454545454,Low,0,19849984.37,0,Normal,No action needed,7
CUST044940,Mass,0.1242286337372611,Low,0,3445025.0000000005,0,Normal,No action needed,7
CUST045418,Mass,0.1226628457619066,Low,0,8963294.97,0,Normal,No action needed,7
CUST015634,Mass,0.222216468026,Low,0,6504961.58,0,Normal,No action needed,7
CUST036367,Affluent,0.001,Low,0,24908819.49,0,Normal,No action needed,7
CUST048646,Mass,0.0017584033613445,Low,0,6106623.7700000005,0,Normal,No action needed,7
CUST033368,Affluent,0.0008522830950243,Low,0,11174547.65,0,Normal,No action needed,7
CUST026140,Affluent,0.000576923076923,Low,0,11816061.26,0,Normal,No action needed,7
CUST038240,Affluent,0.1807282840585589,Low,0,14089817.36,0,Normal,No action needed,7
CUST000841,Mass,0.2143266684575145,Low,0,6415787.779999999,0,Normal,No action needed,7
CUST044150,Affluent,0.0,,0,13695793.59,0,Normal,No action needed,7
CUST030065,Mass,0.1217733384471014,Low,0,4591682.84,0,Normal,No action needed,7
CUST023402,Mass,0.0113145859859095,Low,0,2505811.48,0,Normal,No action needed,7
CUST007806,Mass,0.2814476572466129,Low,0,4493906.65,0,Normal,No action needed,7
CUST032512,Affluent,0.0007107843137254,Low,0,23805819.11,0,Normal,No action needed,7
CUST007666,Ultra HNI,0.0039236111111111,Low,0,77570933.66,1,High frequency trader,Flag for algo trading review — separate model needed,7
CUST027679,Mass,0.131800424803071,Low,0,5377452.83,0,Normal,No action needed,7
CUST026476,Mass,0.0017857142857142,Low,0,8091833.939999999,0,Normal,No action needed,7
CUST003385,Mass,0.0067549615557982,Low,0,3173096.86,0,Normal,No action needed,7
CUST035737,Mass,0.0045833333333333,Low,0,4996219.88,0,Normal,No action needed,7
CUST037106,Affluent,0.000253164556962,Low,0,22382286.07,0,Normal,No action needed,7
CUST018790,Affluent,0.0007454454881867,Low,0,22939245.77,0,Normal,No action needed,7
CUST035479,HNI,0.0956724170659799,Low,0,47494972.65,1,Other anomaly,No action needed,7
CUST010678,HNI,0.0003129191321499,Low,0,32669290.220000003,0,Normal,No action needed,7
CUST047671,Ultra HNI,0.005022606406583,Low,0,73804926.61,1,High frequency trader,Flag for algo trading review — separate model needed,7
CUST037562,Mass,0.0054080687830687,Low,0,2964923.49,0,Normal,No action needed,7
CUST017715,Mass,0.2502356289642502,Low,0,3187062.2,0,Normal,No action needed,7
CUST001551,Affluent,0.00032877882152,Low,0,12773729.9,0,Normal,No action needed,7
CUST027471,Mass,0.2719862830048894,Low,0,4043707.96,0,Normal,No action needed,7
CUST043796,Mass,0.0049583333333333,Low,0,6477038.14,0,Normal,No action needed,7
CUST004368,Affluent,0.0040271405206231,Low,0,17325104.2,0,Normal,No action needed,7
CUST029667,Mass,0.0,,0,7804198.43,0,Normal,No action needed,7
CUST010606,Affluent,0.0004285714285714,Low,0,18653050.6,0,Normal,No action needed,7
CUST038344,Affluent,0.0,,0,13263003.66,0,Normal,No action needed,7
CUST048469,Mass,0.0173377972851993,Low,0,2523790.99,0,Normal,No action needed,7
CUST039204,Mass,0.0003333333333333,Low,0,6042721.35,0,Normal,No action needed,7
CUST011337,Mass,0.0,,0,3843929.76,0,Normal,No action needed,7
CUST013735,Affluent,0.0028282607993279,Low,0,30757970.8,0,Normal,No action needed,7
CUST009138,Mass,0.1564926597935894,Low,1,4289779.13,0,Normal,No action needed,7
CUST006262,Mass,0.0056308066026363,Low,0,9254688.61,0,Normal,No action needed,7
CUST012851,Mass,0.1064115241097438,Low,0,4491475.680000001,0,Normal,No action needed,7
CUST022378,Affluent,0.0002435064935064,Low,0,10326627.76,0,Normal,No action needed,7
CUST034151,Affluent,0.0,,0,22085903.43,0,Normal,No action needed,7
CUST013481,Affluent,0.1467835407888164,Low,0,8167045.92,0,Normal,No action needed,7
CUST037070,HNI,0.0,,0,38759979.25,0,Normal,No action needed,7
CUST009325,Mass,0.0111682637967467,Low,0,2338081.93,0,Normal,No action needed,7
CUST016911,Mass,0.0,,0,6087680.38,0,Normal,No action needed,7
CUST000604,Mass,0.002,Low,0,8303310.67,0,Normal,No action needed,7
CUST034108,Mass,0.0044414098972922,Low,0,5331714.64,0,Normal,No action needed,7
CUST014061,Mass,0.1649980497491127,Low,0,5922989.18,0,Normal,No action needed,7
CUST017791,HNI,0.002828947368421,Low,0,39267920.05,0,Normal,No action needed,7
CUST036559,Mass,0.0129100529100529,Low,0,4553152.43,0,Normal,No action needed,7
CUST041391,Mass,0.1353520086318969,Low,0,6444270.48,0,Normal,No action needed,7
CUST017254,Mass,2.824858757062147e-05,Low,0,6350338.850000001,0,Normal,No action needed,7
CUST007648,Mass,0.1751018974232651,Low,0,5011494.77,0,Normal,No action needed,7
CUST036287,Mass,0.0003850385038503,Low,0,9999388.42,0,Normal,No action needed,7
CUST040679,Mass,0.1432416448623446,Low,0,2047174.48,0,Normal,No action needed,7
CUST031329,Mass,0.1329340614551528,Low,0,2491689.28,0,Normal,No action needed,7
CUST033613,Mass,0.0,,0,10942991.19,0,Normal,No action needed,7
CUST043375,HNI,0.002491919844861,Low,0,27638548.07,0,Normal,No action needed,7
CUST048525,Affluent,0.0,,0,13224315.43,0,Normal,No action needed,7
CUST013923,Mass,0.1048786291522505,Low,0,6894435.82,0,Normal,No action needed,7
CUST039400,Affluent,0.0,,0,21428829.48,0,Normal,No action needed,7
CUST017277,Mass,0.0086373541319361,Low,0,6377635.88,0,Normal,No action needed,7
CUST001153,Affluent,0.1893017167578086,Low,0,13413417.08,0,Normal,No action needed,7
CUST031078,Mass,0.0026335642365054,Low,0,5711388.49,0,Normal,No action needed,7
CUST036143,HNI,0.0040815018315018,Low,0,35614090.43,0,Normal,No action needed,7
CUST008419,Mass,6.493506493506494e-05,Low,0,4725712.95,0,Normal,No action needed,7
CUST024557,Mass,0.0030555555555555,Low,0,4684815.85,0,Normal,No action needed,7
CUST043533,Mass,0.2756174656352966,Low,0,3289428.07,0,Normal,No action needed,7
CUST042684,Affluent,0.1358840008175609,Low,0,14814493.85,0,Normal,No action needed,7
CUST047037,Affluent,0.1281181927755562,Low,0,15368231.78,0,Normal,No action needed,7
CUST023365,Mass,0.159687627449845,Low,0,11507776.24,0,Normal,No action needed,7
CUST033171,Mass,0.0010349419409822,Low,0,6276085.03,0,Normal,No action needed,7
CUST035127,Mass,0.0011944020460944,Low,0,7516435.350000001,0,Normal,No action needed,7
CUST021599,Mass,0.0025875350140056,Low,0,6189204.55,0,Normal,No action needed,7
CUST039651,Affluent,0.0015,Low,0,18922191.74,0,Normal,No action needed,7
CUST017613,Affluent,0.0017333333333333,Low,0,8038199.86,0,Normal,No action needed,7
CUST023795,Affluent,0.0015993184031158,Low,0,22096483.81,0,Normal,No action needed,7
CUST009491,Mass,0.2299121544567048,Low,1,2934172.54,0,Normal,No action needed,7
CUST024055,Mass,0.0013655462184873,Low,0,7346119.01,0,Normal,No action needed,7
CUST034695,Mass,0.0006521739130434,Low,0,9725962.17,0,Normal,No action needed,7
CUST035379,Mass,0.0,,0,3883190.42,0,Normal,No action needed,7
CUST012695,Mass,0.0047112513083474,Low,0,10282177.83,0,Normal,No action needed,7
CUST048944,Mass,0.0001289134438305,Low,0,8239915.479999999,0,Normal,No action needed,7
CUST040980,Mass,0.0046279264214046,Low,0,3397587.43,0,Normal,No action needed,7
CUST042285,Mass,0.00109375,Low,0,3309379.86,0,Normal,No action needed,7
CUST026654,Mass,0.0012111317626965,Low,0,13903321.9,0,Normal,No action needed,7
CUST016208,HNI,0.0035016835016835,Low,0,30052908.48,0,Normal,No action needed,7
CUST022735,Affluent,0.0041204906204906,Low,0,24823647.31,0,Normal,No action needed,7
CUST024827,Mass,0.0004279169527691,Low,0,4389363.65,0,Normal,No action needed,7
CUST045847,HNI,0.0019215686274509,Low,0,32685175.4,0,Normal,No action needed,7
CUST039042,Mass,0.0039095873895596,Low,0,3170551.83,0,Normal,No action needed,7
CUST006031,Mass,0.0,,0,4206784.8,0,Normal,No action needed,7
CUST039449,Ultra HNI,0.2481325684911147,Low,0,59539425.82,1,High frequency trader,Flag for algo trading review — separate model needed,7
CUST026603,Mass,0.0022727272727272,Low,0,4977030.01,0,Normal,No action needed,7
CUST030109,Mass,0.1030461116904702,Low,0,5648982.819999999,0,Normal,No action needed,7
CUST018237,Affluent,0.0,,0,15909681.39,0,Normal,No action needed,7
CUST030431,Mass,0.2964065069183619,Low,0,7559645.28,0,Normal,No action needed,7
CUST041334,Mass,0.0,,0,6338569.59,0,Normal,No action needed,7
CUST043388,Affluent,0.2261720610740353,Low,0,20965917.37,0,Normal,No action needed,7
CUST005420,Mass,0.0,,0,6955890.53,0,Normal,No action needed,7
CUST031491,Mass,0.0009523809523809,Low,0,5905213.83,0,Normal,No action needed,7
CUST023956,Mass,0.0040763841421736,Low,0,7637333.02,0,Normal,No action needed,7
CUST036363,Affluent,0.0014673913043478,Low,0,20943331.54,0,Normal,No action needed,7
CUST044387,Mass,0.0008333333333333,Low,0,3105756.73,0,Normal,No action needed,7
CUST042275,Mass,0.1516097150465489,Low,0,3784895.96,0,Normal,No action needed,7
CUST012358,Mass,0.1110423828046173,Low,0,2594688.5,0,Normal,No action needed,7
CUST027486,Affluent,0.0022413793103448,Low,0,17947253.02,0,Normal,No action needed,7
CUST015516,Mass,0.0009006957523881,Low,0,8105558.77,0,Normal,No action needed,7
CUST032815,Mass,0.0,,0,8526455.02,0,Normal,No action needed,7
CUST021791,Affluent,0.0,,0,22859970.27,0,Normal,No action needed,7
CUST009117,Affluent,0.0005050505050505,Low,0,13716012.17,0,Normal,No action needed,7
CUST025879,HNI,0.0,,0,36699009.27,0,Normal,No action needed,7
CUST035469,HNI,0.138409151269772,Low,0,36119475.95,1,High frequency trader,Flag for algo trading review — separate model needed,7
CUST044022,Mass,0.0022027972027972,Low,0,4920780.5,0,Normal,No action needed,7
CUST014375,Mass,0.0,,0,4563886.71,0,Normal,No action needed,7
CUST024964,Mass,0.0003846153846153,Low,0,2729930.3,0,Normal,No action needed,7
CUST003319,Mass,0.2123565305805,Low,0,5103220.33,0,Normal,No action needed,7
CUST048052,Mass,0.0021782972812384,Low,0,4790106.15,0,Normal,No action needed,7
CUST033684,Mass,0.0004891304347826,Low,0,10626599.23,0,Normal,No action needed,7
CUST047679,Mass,0.002054945054945,Low,0,4762145.93,0,Normal,No action needed,7
CUST049331,Mass,0.0,,0,8695978.96,0,Normal,No action needed,7
CUST031615,Mass,0.0009415584415584,Low,0,5931933.23,0,Normal,No action needed,7
CUST046462,Mass,0.0029398472806607,Low,0,7138921.32,0,Normal,No action needed,7
CUST000296,Mass,0.0881993767117025,Low,0,5071494.48,0,Normal,No action needed,7
CUST010089,Mass,0.0035445845004668,Low,0,2925762.61,0,Normal,No action needed,7
CUST013390,Mass,0.0091916143425431,Low,0,3360397.08,0,Normal,No action needed,7
CUST018618,Mass,0.0,,0,8303895.279999999,0,Normal,No action needed,7
CUST048635,Mass,0.0001289134438305,Low,0,7690875.32,0,Normal,No action needed,7
CUST041959,Affluent,0.1661207433179716,Low,0,14602501.16,0,Normal,No action needed,7
CUST000801,Mass,0.0004459650778669,Low,0,16327976.47,0,Normal,No action needed,7
CUST039347,HNI,0.2322713548619459,Low,1,48356304.32,1,Other anomaly,No action needed,7
CUST026512,Affluent,0.0009090909090909,Low,0,13890549.72,0,Normal,No action needed,7
CUST013212,Mass,0.0,,0,4450836.65,0,Normal,No action needed,7
CUST006208,HNI,0.0008896658896658,Low,0,32964442.4,0,Normal,No action needed,7
CUST047571,Mass,0.0005213903743315,Low,0,9118297.96,0,Normal,No action needed,7
CUST037257,Mass,0.0078908139915004,Low,0,2834804.19,0,Normal,No action needed,7
CUST034204,Mass,0.1172715989929597,Low,0,3894605.24,0,Normal,No action needed,7
CUST016129,Mass,0.0010869565217391,Low,0,7308753.27,0,Normal,No action needed,7
CUST006258,Mass,0.0004661696328362,Low,0,10491052.26,0,Normal,No action needed,7
CUST042420,Mass,0.0011285971223021,Low,0,10089662.16,0,Normal,No action needed,7
CUST040440,Mass,0.0022052401746724,Low,0,7885167.74,0,Normal,No action needed,7
CUST005118,Affluent,0.208795946885333,Low,0,8968014.45,0,Normal,No action needed,7
CUST000224,Mass,0.0005263157894736,Low,0,8393223.85,0,Normal,No action needed,7
CUST013129,Affluent,0.0,,0,28177967.31,0,Normal,No action needed,7
CUST040526,HNI,0.0041825534759358,Low,0,32355071.93,0,Normal,No action needed,7
CUST044437,Ultra HNI,0.1680506796080175,Low,0,65298082.20999999,1,High frequency trader,Flag for algo trading review — separate model needed,7
CUST037607,Mass,0.0067562396540657,Low,0,3591537.63,0,Normal,No action needed,7
CUST046078,Affluent,0.0012,Low,0,18126620.36,0,Normal,No action needed,7
CUST011651,Affluent,0.0009821428571428,Low,0,17394308.509999998,0,Normal,No action needed,7
CUST040387,Mass,0.0030842391304347,Low,0,3230419.15,0,Normal,No action needed,7
CUST037470,Affluent,0.1150074601960326,Low,0,12626439.96,0,Normal,No action needed,7
CUST021567,HNI,0.1128380247556768,Low,0,31402519.09,1,Other anomaly,No action needed,7
CUST017669,Mass,0.0028571428571428,Low,0,4626000.93,0,Normal,No action needed,7
CUST040153,HNI,0.0931304996559488,Low,0,26268776.44,0,Normal,No action needed,7
CUST023593,HNI,0.0084859646401985,Low,0,26130910.59,0,Normal,No action needed,7
CUST027552,Mass,0.0,,0,3864207.4,0,Normal,No action needed,7
CUST038232,HNI,0.0002833333333333,Low,0,39654572.07,0,Normal,No action needed,7
CUST036342,Affluent,0.0006904761904761,Low,0,15880950.26,0,Normal,No action needed,7
CUST031342,HNI,0.1272290271847644,Low,0,46448480.440000005,0,Normal,No action needed,7
CUST016130,Mass,0.173805852931692,Low,0,7547316.38,0,Normal,No action needed,7
CUST043457,Affluent,0.0013026315789473,Low,0,30719339.610000003,0,Normal,No action needed,7
CUST042760,Mass,0.0012581562266964,Low,0,6480588.6,0,Normal,No action needed,7
CUST017376,Mass,0.0022916666666666,Low,0,3731450.37,0,Normal,No action needed,7
CUST021308,Mass,0.0014818181818181,Low,0,4015745.06,0,Normal,No action needed,7
CUST042680,Mass,0.1721629950984074,Low,0,8123857.57,0,Normal,No action needed,7
CUST022617,Affluent,0.1842146504590597,Low,0,18126004.37,0,Normal,No action needed,7
CUST010631,Mass,0.0008333333333333,Low,0,3815083.18,0,Normal,No action needed,7
CUST006369,Mass,0.0,,0,5765006.98,0,Normal,No action needed,7
CUST047032,Affluent,0.0031388888888888,Low,0,22983884.34,0,Normal,No action needed,7
CUST034697,Affluent,0.0,,0,18668968.67,0,Normal,No action needed,7
CUST014479,HNI,9.09090909090909e-05,Low,0,36155587.46,0,Normal,No action needed,7
CUST009360,Affluent,0.1267544005505283,Low,1,19387555.47,0,Normal,No action needed,7
CUST039630,HNI,0.0030668756530825,Low,0,40496909.03,0,Normal,No action needed,7
CUST027847,Mass,0.0007655714809337,Low,0,6527906.55,0,Normal,No action needed,7
CUST012977,Affluent,0.0005882352941176,Low,0,17321359.97,0,Normal,No action needed,7
CUST044417,Mass,0.1566230933784043,Low,1,4995793.75,0,Normal,No action needed,7
CUST031564,Mass,0.015090148484976,Low,0,3043769.16,0,Normal,No action needed,7
CUST041112,Mass,0.0002,Low,0,9639438.57,0,Normal,No action needed,7
CUST016614,Mass,0.156987523539002,Low,0,2732228.49,0,Normal,No action needed,7
CUST007341,Affluent,0.0,,0,10958772.76,0,Normal,No action needed,7
CUST048183,Mass,0.0021929824561403,Low,0,2585538.83,0,Normal,No action needed,7
CUST005883,HNI,0.2454560464438666,Low,0,26336291.38,0,Normal,No action needed,7
CUST015312,HNI,0.1172979529315718,Low,0,34314020.31,0,Normal,No action needed,7
CUST019525,Affluent,0.1414043505527144,Low,0,17259314.94,0,Normal,No action needed,7
CUST025491,Affluent,0.0,,0,18540869.08,0,Normal,No action needed,7
CUST023047,Affluent,0.0,,0,15424959.27,0,Normal,No action needed,7
CUST043932,Affluent,0.0,,0,11135629.49,0,Normal,No action needed,7
CUST001144,Mass,0.0009821428571428,Low,0,12753333.77,0,Normal,No action needed,7
CUST007191,Affluent,0.00125,Low,0,24303662.1,0,Normal,No action needed,7
CUST026834,Affluent,0.0,,0,17987350.32,0,Normal,No action needed,7
CUST047248,Affluent,0.0,,0,20832470.0,0,Normal,No action needed,7
CUST042626,Affluent,0.0010980095907508,Low,0,20093756.25,0,Normal,No action needed,7
CUST022443,Affluent,0.0029612532989143,Low,0,15762614.36,0,Normal,No action needed,7
CUST000641,Mass,0.0015384615384615,Low,0,6165593.92,0,Normal,No action needed,7
CUST020525,Mass,0.0019191919191919,Low,0,5173140.93,0,Normal,No action needed,7
CUST026822,Mass,0.0003206562266964,Low,0,5362054.0200000005,0,Normal,No action needed,7
CUST017438,Mass,0.0,,0,5372469.11,0,Normal,No action needed,7
CUST034047,Mass,0.183403452805591,Low,0,2499117.0300000003,0,Normal,No action needed,7
CUST019310,Mass,0.0,,0,4120073.26,0,Normal,No action needed,7
CUST039626,Mass,0.0112183473389355,Low,0,2169523.92,0,Normal,No action needed,7
CUST000460,Affluent,0.0,,0,10231842.97,0,Normal,No action needed,7
CUST036483,Mass,0.1585582114621425,Low,1,5379790.95,0,Normal,No action needed,7
CUST038028,Mass,0.0009967320261437,Low,0,4114105.22,0,Normal,No action needed,7
CUST039786,Affluent,0.0013874034462269,Low,0,10153490.97,0,Normal,No action needed,7
CUST042124,Mass,0.0,,0,9468631.43,0,Normal,No action needed,7
CUST015159,Mass,0.004776923076923,Low,0,4321189.39,0,Normal,No action needed,7
CUST025187,Mass,0.0106778691080161,Low,0,4118052.48,0,Normal,No action needed,7
CUST014421,Mass,0.0,,0,4281567.1,0,Normal,No action needed,7
CUST028908,Affluent,0.1252068124953919,Low,0,10380539.61,0,Normal,No action needed,7
CUST014947,Affluent,0.0009302325581395,Low,0,18386263.25,0,Normal,No action needed,7
CUST042662,Mass,0.000782208588957,Low,0,6111691.96,0,Normal,No action needed,7
CUST029308,Affluent,0.0,,0,23016394.62,0,Normal,No action needed,7
CUST031931,HNI,0.0005,Low,0,49536395.61,1,Other anomaly,No action needed,7
CUST030515,Mass,0.0044791666666666,Low,0,15718124.93,0,Normal,No action needed,7
CUST007169,HNI,0.1465228069187436,Low,0,35231266.13,0,Normal,No action needed,7
CUST043853,Mass,0.0008872022551407,Low,0,6818936.31,0,Normal,No action needed,7
CUST005812,Affluent,0.0001652892561983,Low,0,12300327.0,0,Normal,No action needed,7
CUST026829,Mass,0.0041985645933014,Low,0,9905021.4,0,Normal,No action needed,7
CUST048971,Mass,0.16376819801641,Low,0,5794118.36,0,Normal,No action needed,7
CUST039606,Affluent,0.0009302325581395,Low,0,15452852.14,0,Normal,No action needed,7
CUST013951,Affluent,0.00032877882152,Low,0,19321319.61,0,Normal,No action needed,7
CUST009893,Affluent,0.0007142857142857,Low,0,12204867.45,0,Normal,No action needed,7
CUST035517,HNI,0.0003129191321499,Low,0,48575488.78,0,Normal,No action needed,7
CUST032257,Mass,0.0,,0,6212558.82,0,Normal,No action needed,7
CUST026892,Mass,0.1187834161246629,Low,0,2950318.77,0,Normal,No action needed,7
CUST047334,Mass,0.0005398102182409,Low,0,5488673.89,0,Normal,No action needed,7
CUST029829,Mass,0.0,,0,11914000.35,0,Normal,No action needed,7
CUST013686,Mass,0.143125986432869,Low,0,4651510.0200000005,0,Normal,No action needed,7
CUST046453,Mass,0.0026107741401149,Low,0,5439426.99,0,Normal,No action needed,7
CUST008226,Mass,0.002032208588957,Low,0,8190628.029999999,0,Normal,No action needed,7
CUST048843,Mass,0.0,,0,5057832.86,0,Normal,No action needed,7
CUST049924,Affluent,0.0,,0,16249118.87,0,Normal,No action needed,7
CUST026169,Affluent,0.00032877882152,Low,0,24217615.51,0,Normal,No action needed,7
CUST010928,Affluent,0.2038904977853781,Low,0,13103639.51,0,Normal,No action needed,7
CUST008280,Ultra HNI,0.0,,0,80149952.31,1,High frequency trader,Flag for algo trading review — separate model needed,7
CUST020103,HNI,0.0,,0,51524403.42,0,Normal,No action needed,7
CUST039537,Mass,0.0,,0,7310036.45,0,Normal,No action needed,7
CUST044573,Affluent,0.2993493767542222,Low,0,9797042.08,0,Normal,No action needed,7
CUST012693,Affluent,0.0003333333333333,Low,0,15312756.65,0,Normal,No action needed,7
CUST013783,Affluent,0.0015931356803289,Low,0,13233491.53,0,Normal,No action needed,7
CUST007024,Mass,0.1626169093428961,Low,0,3785175.56,0,Normal,No action needed,7
CUST043609,Mass,0.0001923076923076,Low,0,4441964.85,0,Normal,No action needed,7
CUST027770,Mass,0.0034423076923076,Low,0,5381896.46,0,Normal,No action needed,7
CUST045821,Mass,0.0047663253155513,Low,0,11835601.59,0,Normal,No action needed,7
CUST037522,Affluent,0.0009523809523809,Low,0,26119805.39,0,Normal,No action needed,7
CUST040827,Mass,0.0009507566661189,Low,0,8306424.0,0,Normal,No action needed,7
CUST034050,Mass,0.0014502385821404,Low,0,5983650.16,0,Normal,No action needed,7
CUST007579,HNI,0.0014970760233918,Low,0,48387219.79,0,Normal,No action needed,7
CUST002048,Mass,0.0044652406417112,Low,0,4519577.74,0,Normal,No action needed,7
CUST047527,Mass,0.0009346634316127,Low,0,6858927.38,0,Normal,No action needed,7
CUST033491,Affluent,0.0,,0,16957071.57,0,Normal,No action needed,7
CUST012020,Affluent,5.6657223796034e-05,Low,0,22370421.69,0,Normal,No action needed,7
CUST038456,Affluent,0.1252781872391778,Low,1,9113990.53,0,Normal,No action needed,7
CUST044176,Affluent,0.1411754510595325,Low,0,17731961.99,0,Normal,No action needed,7
CUST003673,Mass,0.0018795315114333,Low,0,5837570.73,0,Normal,No action needed,7
CUST031197,Mass,0.0003846153846153,Low,0,6299210.79,0,Normal,No action needed,7
CUST046080,Mass,0.004460751237067,Low,0,14598129.42,0,Normal,No action needed,7
CUST025073,Mass,0.001,Low,0,15956380.34,0,Normal,No action needed,7
CUST044714,Mass,0.0004279169527691,Low,0,11818727.29,0,Normal,No action needed,7
CUST030571,Affluent,0.2102166960101705,Low,0,17122867.35,0,Normal,No action needed,7
CUST021585,Mass,0.0001289134438305,Low,0,10991168.78,0,Normal,No action needed,7
CUST010344,HNI,0.1302328324808468,Low,0,32903682.91,0,Normal,No action needed,7
CUST038015,Affluent,0.0003846153846153,Low,0,15951328.54,0,Normal,No action needed,7
CUST012535,Mass,0.007020202020202,Low,0,3280663.32,0,Normal,No action needed,7
CUST034038,Mass,0.0059747126436781,Low,0,2272985.32,0,Normal,No action needed,7
CUST022489,Mass,0.0,,0,5371484.94,0,Normal,No action needed,7
CUST017660,Affluent,0.218007338310028,Low,0,13039238.85,0,Normal,No action needed,7
CUST019953,Mass,0.0043823529411764,Low,0,3736716.63,0,Normal,No action needed,7
CUST011489,HNI,0.1071508471598187,Low,0,37794892.58,0,Normal,No action needed,7
CUST034589,Mass,0.0007655714809337,Low,0,11366918.88,0,Normal,No action needed,7
CUST008667,Mass,0.169883064533807,Low,0,3651338.18,0,Normal,No action needed,7
CUST005030,Affluent,0.0066517857142857,Low,0,27508213.67,0,Normal,No action needed,7
CUST006502,Mass,0.0029728908471243,Low,0,11153442.36,0,Normal,No action needed,7
CUST043790,Mass,0.0006863496932515,Low,0,9996396.48,0,Normal,No action needed,7
CUST038426,Mass,0.0007585381950173,Low,0,6544498.5,0,Normal,No action needed,7
CUST001462,Affluent,9.09090909090909e-05,Low,0,18216656.27,0,Normal,No action needed,7
CUST020138,Affluent,0.2634185117613312,Low,0,20031243.75,0,Normal,No action needed,7
CUST045834,Mass,0.1782256889429304,Low,0,4343964.42,0,Normal,No action needed,7
CUST015597,Ultra HNI,0.0033809523809523,Low,0,69480228.31,1,High frequency trader,Flag for algo trading review — separate model needed,7
CUST028624,Mass,0.001258504610197,Low,0,7271416.42,0,Normal,No action needed,7
CUST008233,Affluent,0.0022205882352941,Low,0,27282411.27,0,Normal,No action needed,7
CUST014041,Affluent,0.002254062362758,Low,0,9564727.13,0,Normal,No action needed,7
CUST019665,Mass,0.0,,0,4916776.71,0,Normal,No action needed,7
CUST013141,Mass,0.0025980676328502,Low,0,3555906.02,0,Normal,No action needed,7
CUST021131,Affluent,0.0027247807017543,Low,0,23425551.36,0,Normal,No action needed,7
CUST016320,Mass,0.007712978446674,Low,0,3522831.13,0,Normal,No action needed,7
CUST000991,Mass,0.0009375,Low,0,5919378.100000001,0,Normal,No action needed,7
CUST037110,Mass,0.1588693756838717,Low,1,4169556.31,0,Normal,No action needed,7
CUST027756,Mass,0.0002380952380952,Low,0,5412024.04,0,Normal,No action needed,7
CUST013303,HNI,0.0,,0,28839999.5,0,Normal,No action needed,7
CUST049131,Mass,0.0001086956521739,Low,0,8810237.04,0,Normal,No action needed,7
CUST016954,Mass,0.1550255053843992,Low,0,4904529.34,0,Normal,No action needed,7
CUST030127,Affluent,0.0006645181092694,Low,0,30590249.17,0,Normal,No action needed,7
CUST001437,Mass,0.0003206562266964,Low,0,8974023.56,0,Normal,No action needed,7
CUST024930,Mass,0.1688238930675391,Low,0,6297416.909999999,0,Normal,No action needed,7
CUST038353,Mass,0.0003206562266964,Low,0,8225124.140000001,0,Normal,No action needed,7
CUST034888,Affluent,0.1711613597707842,Low,0,10580083.83,0,Normal,No action needed,7
CUST044827,HNI,0.0014163614163614,Low,0,35059499.34,0,Normal,No action needed,7
CUST041386,Mass,0.0004166666666666,Low,0,6194415.66,0,Normal,No action needed,7
CUST032779,HNI,0.0024452720733263,Low,0,32369671.52,0,Normal,No action needed,7
CUST018868,Mass,0.0015587044534412,Low,0,3613107.4,0,Normal,No action needed,7
CUST005493,Mass,0.0,,0,8577634.12,0,Normal,No action needed,7
CUST037919,Mass,0.0024404761904761,Low,0,4992793.37,0,Normal,No action needed,7
CUST020925,Mass,0.1331594666471708,Low,0,14753634.8,0,Normal,No action needed,7
CUST048286,HNI,0.1639766347919684,Low,0,40188278.63,0,Normal,No action needed,7
CUST036661,Affluent,0.0002777777777777,Low,0,27675768.12,0,Normal,No action needed,7
CUST001827,Mass,0.0,,0,9009964.3,0,Normal,No action needed,7
CUST029922,Affluent,0.0008116883116883,Low,0,14792875.75,0,Normal,No action needed,7
CUST047718,Mass,0.004734907120743,Low,0,11827620.9,0,Normal,No action needed,7
CUST045482,Affluent,0.0007142857142857,Low,0,21027241.25,0,Normal,No action needed,7
CUST040575,Affluent,0.0016666666666666,Low,0,16941037.7,0,Normal,No action needed,7
CUST045899,Affluent,0.0,,0,18814732.11,0,Normal,No action needed,7
CUST026698,Mass,0.0003333333333333,Low,0,6288224.91,0,Normal,No action needed,7
CUST028562,Mass,0.0002823263692828,Low,0,5305508.9,0,Normal,No action needed,7
CUST037300,Affluent,3.0303030303030302e-05,Low,0,16423299.44,0,Normal,No action needed,7
CUST027577,Mass,0.0007142857142857,Low,0,7449202.64,0,Normal,No action needed,7
CUST035066,Affluent,0.0011904761904761,Low,0,21080358.17,0,Normal,No action needed,7
CUST010519,Affluent,0.000340909090909,Low,0,14763653.01,0,Normal,No action needed,7
CUST026339,Mass,0.0003571428571428,Low,0,8789395.39,0,Normal,No action needed,7
CUST013009,Affluent,0.0029891304347826,Low,0,11153698.6,0,Normal,No action needed,7
CUST033895,Mass,0.0012598899208806,Low,0,9153975.87,0,Normal,No action needed,7
CUST020855,Mass,0.0022198641765704,Low,0,7727860.89,0,Normal,No action needed,7
CUST039944,Mass,0.0,,0,7831794.77,0,Normal,No action needed,7
CUST049843,Affluent,0.0059978514426028,Low,0,25720137.65,0,Normal,No action needed,7
CUST045971,Affluent,0.0,,0,25610794.04,0,Normal,No action needed,7
CUST020857,Affluent,0.2038661013291421,Low,0,16762691.52,0,Normal,No action needed,7
CUST044730,Mass,0.0,,0,11523055.05,0,Normal,No action needed,7
CUST001077,Affluent,0.2952451050149309,Low,1,17500648.98,0,Normal,No action needed,7
CUST029868,Mass,0.1321549844918283,Low,0,4977929.109999999,0,Normal,No action needed,7
CUST013378,Affluent,0.1656948727475016,Low,1,15915979.93,0,Normal,No action needed,7
CUST049386,Mass,0.0050129778197262,Low,0,6633032.05,0,Normal,No action needed,7
CUST012141,Mass,0.1548647975244206,Low,0,2783592.93,0,Normal,No action needed,7
CUST042128,Affluent,0.1539904741437641,Low,1,10752894.03,0,Normal,No action needed,7
CUST023792,Mass,0.019300947902672,Low,0,1324275.72,0,Normal,No action needed,7
CUST032773,Mass,0.0041964285714285,Low,0,11890033.09,0,Normal,No action needed,7
CUST047073,Affluent,6.493506493506494e-05,Low,0,28076480.24,0,Normal,No action needed,7
CUST020427,Affluent,0.0,,0,16537257.85,0,Normal,No action needed,7
CUST035071,Affluent,0.0040281198686371,Low,0,13875903.42,0,Normal,No action needed,7
CUST027779,Mass,0.0002302647951819,Low,0,6845833.779999999,0,Normal,No action needed,7
CUST016327,Ultra HNI,0.0033968253968253,Low,0,75079594.57000001,1,High frequency trader,Flag for algo trading review — separate model needed,7
CUST002964,Mass,0.0945398917356645,Low,0,5233112.45,0,Normal,No action needed,7
CUST014737,Mass,0.0023766516346125,Low,0,9160663.09,0,Normal,No action needed,7
CUST004187,Affluent,0.0007155191530117,Low,0,17299053.37,0,Normal,No action needed,7
CUST040346,Mass,0.0041246594747738,Low,0,3315862.66,0,Normal,No action needed,7
CUST016605,Affluent,0.0010714285714285,Low,0,11106324.66,0,Normal,No action needed,7
CUST032985,Affluent,0.0,,0,16630674.76,0,Normal,No action needed,7
CUST046262,Affluent,0.0007555555555555,Low,0,10784218.16,0,Normal,No action needed,7
CUST024218,Affluent,0.1424092003746232,Low,0,12314180.26,0,Normal,No action needed,7
CUST002466,Affluent,0.0824747001857438,Low,0,15647126.66,0,Normal,No action needed,7
CUST024267,Mass,0.0004166666666666,Low,0,5994180.48,0,Normal,No action needed,7
CUST039757,Mass,0.0,,0,11498907.73,0,Normal,No action needed,7
CUST038455,Mass,0.1452375735001299,Low,1,3842294.69,0,Normal,No action needed,7
CUST030932,Mass,0.0008928571428571,Low,0,6323713.250000001,0,Normal,No action needed,7
CUST012423,Mass,0.0008669450790024,Low,0,7775717.82,0,Normal,No action needed,7
CUST039668,Mass,0.0912996186884361,Low,0,5855307.569999999,0,Normal,No action needed,7
CUST031221,Mass,0.00125,Low,0,5986628.57,0,Normal,No action needed,7
CUST007145,Ultra HNI,0.1717212359253398,Low,0,57894355.58,1,High frequency trader,Flag for algo trading review — separate model needed,7
CUST013963,HNI,0.1600723113191467,Low,0,31467337.04,0,Normal,No action needed,7
CUST030070,Mass,0.0280642742396174,Low,0,1961624.83,0,Normal,No action needed,7
CUST028584,Mass,0.0007037037037037,Low,0,12951066.65,0,Normal,No action needed,7
CUST001585,Mass,0.1485101746064721,Low,0,4831782.35,0,Normal,No action needed,7
CUST023523,Mass,0.0016908087153661,Low,0,5919058.38,0,Normal,No action needed,7
CUST027284,HNI,0.0008928571428571,Low,0,53257442.51,1,Other anomaly,No action needed,7
CUST024508,Mass,0.0015905108273759,Low,0,7058594.07,0,Normal,No action needed,7
CUST036464,HNI,0.0,,0,47473449.24,0,Normal,No action needed,7
CUST004591,Affluent,0.0,,0,20914280.97,0,Normal,No action needed,7
CUST014950,Mass,0.0022619047619047,Low,0,16665140.03,0,Normal,No action needed,7
CUST017512,Mass,0.0067631184407796,Low,0,3625591.53,0,Normal,No action needed,7
CUST002525,Affluent,0.00032877882152,Low,0,12937943.95,0,Normal,No action needed,7
CUST035512,Mass,0.1364315415297956,Low,1,6512127.96,0,Normal,No action needed,7
CUST031082,Affluent,0.0005172413793103,Low,0,22763264.85,0,Normal,No action needed,7
CUST036062,Mass,0.0016666666666666,Low,0,7253932.5,0,Normal,No action needed,7
CUST018559,Mass,0.0028194444444444,Low,0,5072582.93,0,Normal,No action needed,7
CUST029450,Mass,0.0005178571428571,Low,0,4312634.32,0,Normal,No action needed,7
CUST008599,Mass,0.2488467510991303,Low,0,11930011.33,0,Normal,No action needed,7
CUST046238,Mass,0.0019551282051282,Low,0,5834911.63,0,Normal,No action needed,7
CUST012835,Mass,0.1533601524552295,Low,0,8383545.67,0,Normal,No action needed,7
CUST012405,Mass,0.0079523809523809,Low,0,2094550.39,0,Normal,No action needed,7
CUST045234,Mass,0.0084309401110871,Low,0,2874650.96,0,Normal,No action needed,7
CUST013173,Affluent,0.1874244558398368,Low,0,21895808.65,0,Normal,No action needed,7
CUST024894,Mass,0.0043650793650793,Low,0,5247016.57,0,Normal,No action needed,7
CUST041727,Affluent,0.001090909090909,Low,0,22344202.7,0,Normal,No action needed,7
CUST023565,Mass,0.0,,0,7809729.81,0,Normal,No action needed,7
CUST047309,Mass,0.0003333333333333,Low,0,6923677.72,0,Normal,No action needed,7
CUST009805,Affluent,0.0023665970884178,Low,0,20215362.87,0,Normal,No action needed,7
CUST042527,HNI,0.1404758417371495,Low,0,38605846.79,0,Normal,No action needed,7
CUST020494,Affluent,0.0004166666666666,Low,0,23643072.2,0,Normal,No action needed,7
CUST030394,HNI,0.1210724952277765,Low,0,38594811.7,0,Normal,No action needed,7
CUST003022,Mass,0.1432583474742542,Low,0,4302293.59,0,Normal,No action needed,7
CUST022411,Mass,0.1291651525736364,Low,0,3087870.23,0,Normal,No action needed,7
CUST047701,Mass,0.0059103835978835,Low,0,2865152.93,0,Normal,No action needed,7
CUST037535,Affluent,0.0,,0,21603619.2,0,Normal,No action needed,7
CUST021456,Mass,0.0,,0,10952895.97,0,Normal,No action needed,7
CUST003618,Affluent,0.0007142857142857,Low,0,13220740.93,0,Normal,No action needed,7
CUST049690,Mass,0.1302835265434725,Low,0,6359406.82,0,Normal,No action needed,7
CUST029832,Affluent,0.0,,0,17424262.68,0,Normal,No action needed,7
CUST036558,HNI,0.0,,0,36193137.96,0,Normal,No action needed,7
CUST015577,Mass,0.0001070663811563,Low,0,3966517.66,0,Normal,No action needed,7
CUST049898,Mass,0.0,,0,5611027.399999999,0,Normal,No action needed,7
CUST017955,Affluent,0.0,,0,21506228.24,0,Normal,No action needed,7
CUST035053,Affluent,0.0003512038359518,Low,0,26946286.65,0,Normal,No action needed,7
CUST039407,Mass,0.2099962212085496,Low,0,3779801.88,0,Normal,No action needed,7
CUST011593,HNI,0.0,,0,38113035.41,0,Normal,No action needed,7
CUST005794,Mass,0.0010714285714285,Low,0,2952505.46,0,Normal,No action needed,7
CUST013061,Mass,0.1050827839162217,Low,0,4391397.69,0,Normal,No action needed,7
CUST028224,HNI,0.0059724344283167,Low,0,42821247.52,0,Normal,No action needed,7
CUST021103,Mass,0.1341831542802465,Low,0,4203535.7,0,Normal,No action needed,7
CUST048550,Affluent,0.0002197802197802,Low,0,19746589.46,0,Normal,No action needed,7
CUST011757,HNI,0.000340909090909,Low,0,42353467.06,0,Normal,No action needed,7
CUST044483,HNI,0.0,,0,39060217.41,0,Normal,No action needed,7
CUST038690,Mass,0.0004567307692307,Low,0,11625605.96,0,Normal,No action needed,7
CUST044813,Affluent,3.0303030303030302e-05,Low,0,15232623.66,0,Normal,No action needed,7
CUST028732,Affluent,0.0065501984126984,Low,0,19640203.79,0,Normal,No action needed,7
CUST036943,HNI,0.0024060057589469,Low,0,30857089.94,0,Normal,No action needed,7
CUST042495,Mass,0.0001666666666666,Low,0,9099615.86,0,Normal,No action needed,7
CUST032291,Affluent,0.1199871002987952,Low,0,11594371.64,0,Normal,No action needed,7
CUST027751,HNI,0.12583497141447,Low,0,41948716.36,0,Normal,No action needed,7
CUST006986,HNI,0.0003215012722646,Low,0,36281143.14,0,Normal,No action needed,7
CUST043610,HNI,0.0004411764705882,Low,0,23880923.85,0,Normal,No action needed,7
CUST010355,Mass,0.000782208588957,Low,0,7266200.0,0,Normal,No action needed,7
CUST044557,Mass,0.0035563554802685,Low,0,3134149.72,0,Normal,No action needed,7
CUST002435,Affluent,0.0,,0,14517318.77,0,Normal,No action needed,7
CUST037062,HNI,0.196801898196472,Low,1,29329406.16,0,Normal,No action needed,7
CUST047389,Affluent,0.0,,0,17297553.5,0,Normal,No action needed,7
CUST022144,Affluent,0.2032624626519116,Low,0,10469305.08,0,Normal,No action needed,7
CUST000455,Affluent,0.0018325791855203,Low,0,9844041.29,0,Normal,No action needed,7
CUST032578,Mass,0.0010714285714285,Low,0,4493524.12,0,Normal,No action needed,7
CUST001467,Mass,0.1596334630029401,Low,0,5569890.09,0,Normal,No action needed,7
CUST037862,Mass,0.1971560564875705,Low,0,7235226.04,0,Normal,No action needed,7
CUST001659,Affluent,0.2355070112221478,Low,0,13256614.05,0,Normal,No action needed,7
CUST010148,HNI,0.0006033291850599,Low,0,37735299.84,0,Normal,No action needed,7
CUST026675,Mass,0.0,,0,9789209.74,0,Normal,No action needed,7
CUST000086,HNI,0.0,,0,35411129.12,0,Normal,No action needed,7
CUST025847,Affluent,0.0,,0,16561896.03,0,Normal,No action needed,7
CUST004341,Affluent,6.493506493506494e-05,Low,0,19702778.59,0,Normal,No action needed,7
CUST013290,Affluent,0.0001412429378531,Low,0,18907722.0,0,Normal,No action needed,7
CUST005451,HNI,0.1472535833991467,Low,1,30330400.54,0,Normal,No action needed,7
CUST044642,Affluent,0.0004411764705882,Low,0,13030442.87,0,Normal,No action needed,7
CUST031672,Mass,0.0,,0,6869268.93,0,Normal,No action needed,7
CUST008420,HNI,0.0,,0,37855260.99,0,Normal,No action needed,7
CUST030320,Mass,0.0003206562266964,Low,0,7283976.42,0,Normal,No action needed,7
CUST019178,Mass,0.0,,0,6631767.74,0,Normal,No action needed,7
CUST008220,Affluent,0.0005139640067052,Low,0,16102939.34,0,Normal,No action needed,7
CUST016671,Mass,0.0005559786747905,Low,0,7384483.46,0,Normal,No action needed,7
CUST024871,HNI,0.0011055416318574,Low,0,48425356.35,0,Normal,No action needed,7
CUST049360,HNI,0.0015905697805099,Low,0,41653551.44,0,Normal,No action needed,7
CUST030209,Mass,0.0158823959408324,Low,0,8837950.540000001,0,Normal,No action needed,7
CUST017239,Affluent,0.0005844155844155,Low,0,17947216.05,0,Normal,No action needed,7
CUST046090,Affluent,0.0,,0,22089078.81,0,Normal,No action needed,7
CUST026987,Mass,0.00125,Low,0,6442130.7,0,Normal,No action needed,7
CUST009923,HNI,0.0010333333333333,Low,0,35490744.88,0,Normal,No action needed,7
CUST045610,Ultra HNI,0.0200535194150123,Low,0,77146443.25,1,High frequency trader,Flag for algo trading review — separate model needed,7
CUST000244,Mass,0.1533130947573228,Low,0,4720946.39,0,Normal,No action needed,7
CUST012559,Affluent,0.0,,0,13296673.42,0,Normal,No action needed,7
CUST014735,Affluent,0.1474922731452009,Low,1,13145734.09,0,Normal,No action needed,7
CUST023640,Affluent,0.0,,0,14704385.1,0,Normal,No action needed,7
CUST002157,Affluent,0.0033333333333333,Low,0,15763241.45,0,Normal,No action needed,7
CUST046281,Affluent,0.1474149542858197,Low,1,13514213.85,0,Normal,No action needed,7
CUST013525,Affluent,0.0,,0,19426202.46,0,Normal,No action needed,7
CUST023930,Mass,0.0021848739495798,Low,0,14359024.34,0,Normal,No action needed,7
CUST013398,HNI,0.1054572378860676,Low,0,27821973.92,0,Normal,No action needed,7
CUST035080,Ultra HNI,0.0029096366163572,Low,0,90385590.2,1,High frequency trader,Flag for algo trading review — separate model needed,7
CUST019945,Mass,0.0,,0,7450505.92,0,Normal,No action needed,7
CUST013715,Mass,0.002832702020202,Low,0,3857226.04,0,Normal,No action needed,7
CUST003170,Affluent,0.0008677685950413,Low,0,14741720.15,0,Normal,No action needed,7
CUST045795,Ultra HNI,0.0006521739130434,Low,0,96293266.16,1,High frequency trader,Flag for algo trading review — separate model needed,7
CUST021823,Affluent,0.0,,0,16353276.09,0,Normal,No action needed,7
CUST003438,Affluent,0.0007894736842105,Low,0,10275969.97,0,Normal,No action needed,7
CUST016956,Affluent,0.0,,0,17870666.76,0,Normal,No action needed,7
CUST035640,Mass,0.0065839920948616,Low,0,1973583.3,0,Normal,No action needed,7
CUST044594,Mass,0.0030897272208096,Low,0,7460243.45,0,Normal,No action needed,7
CUST027455,Mass,0.0076215651135005,Low,0,2250796.33,0,Normal,No action needed,7
CUST000892,Mass,0.1076432346906293,Low,0,4554387.78,0,Normal,No action needed,7
CUST035316,HNI,0.0,,0,36132510.58,0,Normal,No action needed,7
CUST004356,Mass,6.134969325153375e-05,Low,0,6680192.9,0,Normal,No action needed,7
CUST030025,Mass,4.1666666666666665e-05,Low,0,4686261.42,0,Normal,No action needed,7
CUST038264,Affluent,0.0,,0,21390817.82,0,Normal,No action needed,7
CUST000701,Mass,0.1576405785708135,Low,0,3278504.54,0,Normal,No action needed,7
CUST002445,Affluent,0.0,,0,16690805.19,0,Normal,No action needed,7
CUST012978,Mass,0.0015384615384615,Low,0,4658844.98,0,Normal,No action needed,7
CUST014395,Affluent,0.0007272727272727,Low,0,14674496.66,0,Normal,No action needed,7
CUST001662,HNI,0.000340909090909,Low,0,35710728.910000004,0,Normal,No action needed,7
CUST040802,Mass,0.0022571641632044,Low,0,4055140.27,0,Normal,No action needed,7
CUST021401,Affluent,0.0,,0,8652118.59,0,Normal,No action needed,7
CUST001940,Mass,0.0023005097065499,Low,0,6087868.28,0,Normal,No action needed,7
CUST037313,Affluent,0.2122720562391257,Low,1,11285774.44,0,Normal,No action needed,7
CUST011371,Mass,0.1258455313859304,Low,0,6493919.050000001,0,Normal,No action needed,7
CUST025393,Mass,0.0012118644067796,Low,0,8179126.209999999,0,Normal,No action needed,7
CUST019123,Mass,0.0,,0,4955892.55,0,Normal,No action needed,7
CUST043649,Affluent,0.1506858028210402,Low,0,16386353.31,0,Normal,No action needed,7
CUST044364,Mass,0.1082279129896757,Low,0,3725169.83,0,Normal,No action needed,7
CUST023671,Affluent,0.0,,0,24336898.08,0,Normal,No action needed,7
CUST040232,Mass,0.0099056620122796,Low,0,2714705.27,0,Normal,No action needed,7
CUST034839,Ultra HNI,0.0,,0,64943119.73,1,High frequency trader,Flag for algo trading review — separate model needed,7
CUST008379,Mass,0.1489729647864223,Low,0,2135750.1300000004,0,Normal,No action needed,7
CUST004107,Affluent,0.0,,0,26625227.91,0,Normal,No action needed,7
CUST019501,Mass,0.003125,Low,0,3132689.56,0,Normal,No action needed,7
CUST041417,Mass,0.0029444444444444,Low,0,6004081.91,0,Normal,No action needed,7
CUST004390,HNI,0.1423363323463594,Low,0,34063078.91,0,Normal,No action needed,7
CUST007041,Affluent,0.0004983857949959,Low,0,24312093.86,0,Normal,No action needed,7
CUST038797,Affluent,0.0023115468409586,Low,0,24195031.39,0,Normal,No action needed,7
CUST014697,HNI,0.2209215533727989,Low,0,31893715.45,0,Normal,No action needed,7
CUST042302,Mass,0.0095444444444444,Low,0,2797129.08,0,Normal,No action needed,7
CUST043048,Mass,0.0,,0,13737446.04,0,Normal,No action needed,7
CUST010991,Affluent,0.1845988989078297,Low,0,9224188.22,0,Normal,No action needed,7
CUST035835,Affluent,0.0016759259259259,Low,0,16884986.2,0,Normal,No action needed,7
CUST009542,Affluent,0.0005919367162569,Low,0,17902139.97,0,Normal,No action needed,7
CUST011137,Ultra HNI,0.1633734805307922,Low,0,66153085.7,1,High frequency trader,Flag for algo trading review — separate model needed,7
CUST048664,Mass,0.10362391195008,Low,0,5855545.98,0,Normal,No action needed,7
CUST043775,Affluent,0.0011692065160273,Low,0,20659893.93,0,Normal,No action needed,7
CUST023943,Ultra HNI,0.003375,Low,0,71599576.31,1,High frequency trader,Flag for algo trading review — separate model needed,7
CUST035349,Affluent,0.0,,0,24745446.91,0,Normal,No action needed,7
CUST029241,HNI,0.0,,0,33608120.14,0,Normal,No action needed,7
CUST023718,Mass,0.0030555555555555,Low,0,9022365.14,0,Normal,No action needed,7
CUST011927,Mass,0.0021041666666666,Low,0,5922971.13,0,Normal,No action needed,7
CUST047263,Affluent,0.0,,0,20220960.03,0,Normal,No action needed,7
CUST048975,Affluent,0.1484244757362869,Low,1,13801653.79,0,Normal,No action needed,7
CUST046058,Affluent,0.0,,0,20506977.37,0,Normal,No action needed,7
CUST007482,Mass,0.0,,0,3857241.72,0,Normal,No action needed,7
CUST019294,Mass,0.1321994548070365,Low,0,5421541.5200000005,0,Normal,No action needed,7
CUST013136,Mass,0.0023657747930213,Low,0,7432420.68,0,Normal,No action needed,7
CUST000094,Affluent,0.0006521739130434,Low,0,8440192.540000001,0,Normal,No action needed,7
CUST021980,Mass,0.0,,0,13389502.66,0,Normal,No action needed,7
CUST006641,HNI,0.0020591796453865,Low,0,50873975.58,0,Normal,No action needed,7
CUST024364,Ultra HNI,0.015098725300187,Low,0,85335554.19,1,High frequency trader,Flag for algo trading review — separate model needed,7
CUST000265,Affluent,0.0,,0,13438814.19,0,Normal,No action needed,7
CUST015416,HNI,0.0,,0,41435924.82,0,Normal,No action needed,7
CUST015584,HNI,0.0023122335890878,Low,0,47597180.39,1,Other anomaly,No action needed,7
CUST031778,Mass,0.1761678762524946,Low,0,11089332.21,0,Normal,No action needed,7
CUST012950,Mass,0.15453662870073,Low,1,3375068.94,0,Normal,No action needed,7
CUST026831,Affluent,0.0004353054353054,Low,0,23414993.19,0,Normal,No action needed,7
CUST024920,Mass,4.1666666666666665e-05,Low,0,4979688.7,0,Normal,No action needed,7
CUST023528,Mass,0.006752971061028,Low,0,15188192.19,0,Normal,No action needed,7
CUST039904,Mass,0.0882912877496313,Low,0,5796555.96,0,Normal,No action needed,7
CUST021035,Mass,0.2376216491079275,Low,0,2520019.27,0,Normal,No action needed,7
CUST039012,Affluent,0.0,,0,22292605.53,0,Normal,No action needed,7
CUST033446,Affluent,0.0,,0,13074063.99,0,Normal,No action needed,7
CUST016796,Affluent,0.0009131944059356,Low,0,15748772.7,0,Normal,No action needed,7
CUST003981,Mass,0.0038636738906088,Low,0,3569115.46,0,Normal,No action needed,7
CUST006152,Mass,0.0009090909090909,Low,0,4061938.29,0,Normal,No action needed,7
CUST025133,Affluent,2.9585798816568047e-05,Low,0,18775625.85,0,Normal,No action needed,7
CUST038839,Mass,0.0008615819209039,Low,0,9001815.47,0,Normal,No action needed,7
CUST000744,Mass,0.0,,0,8571455.879999999,0,Normal,No action needed,7
CUST021533,Mass,0.0007655714809337,Low,0,6397916.79,0,Normal,No action needed,7
CUST036618,Affluent,0.0019251336898395,Low,0,28808385.35,0,Normal,No action needed,7
CUST004877,Mass,0.0062156593406593,Low,0,3470635.25,0,Normal,No action needed,7
CUST034590,Affluent,0.0005844155844155,Low,0,12729838.44,0,Normal,No action needed,7
CUST033614,HNI,0.1635590898182179,Low,0,58439487.03,0,Normal,No action needed,7
CUST045841,Affluent,0.0003867403314917,Low,0,16048770.72,0,Normal,No action needed,7
CUST011249,Affluent,0.0006859216786629,Low,0,20206025.07,0,Normal,No action needed,7
CUST026148,Mass,0.0,,0,7928031.01,0,Normal,No action needed,7
CUST029337,Mass,0.0008097866614791,Low,0,5952220.77,0,Normal,No action needed,7
CUST043911,Mass,0.0015,Low,0,5511273.55,0,Normal,No action needed,7
CUST029738,Affluent,0.0,,0,16159213.07,0,Normal,No action needed,7
CUST030599,Mass,0.0,,0,5508123.120000001,0,Normal,No action needed,7
CUST026690,Mass,0.0023301820728291,Low,0,7006988.1,0,Normal,No action needed,7
CUST021651,Affluent,0.0082579365079365,Low,0,15856334.31,0,Normal,No action needed,7
CUST046587,Mass,0.003248106060606,Low,0,3837211.86,0,Normal,No action needed,7
CUST047391,Affluent,0.0013888888888888,Low,0,16513195.87,0,Normal,No action needed,7
CUST018653,Ultra HNI,0.0051755952380952,Low,0,81825739.23,1,High frequency trader,Flag for algo trading review — separate model needed,7
CUST028795,Mass,0.0036996336996337,Low,0,2763911.42,0,Normal,No action needed,7
CUST024172,Affluent,0.0,,0,18101333.85,0,Normal,No action needed,7
CUST036741,Mass,0.1530034636074731,Low,0,20113851.85,0,Normal,No action needed,7
CUST029332,HNI,0.1504657466934347,Low,0,35735160.68,0,Normal,No action needed,7
CUST002927,HNI,0.0003129191321499,Low,0,39741716.31,0,Normal,No action needed,7
CUST020308,Ultra HNI,0.0001412429378531,Low,0,71711121.28999999,1,High frequency trader,Flag for algo trading review — separate model needed,7
CUST023837,Affluent,0.0,,0,11835425.82,0,Normal,No action needed,7
CUST016217,Mass,0.0,,0,6105396.1,0,Normal,No action needed,7
CUST021616,Mass,0.0053939393939393,Low,0,7326772.81,0,Normal,No action needed,7
CUST022176,Affluent,0.1165855047857729,Low,0,14197129.07,0,Normal,No action needed,7
CUST043404,Mass,0.0011111111111111,Low,0,8167734.449999999,0,Normal,No action needed,7
CUST018727,HNI,0.0007692307692307,Low,0,41998394.64,0,Normal,No action needed,7
CUST042437,HNI,0.0041900584795321,Low,0,41320781.3,1,Other anomaly,No action needed,7
CUST024359,Mass,0.0,,0,6113369.59,0,Normal,No action needed,7
CUST042922,Affluent,0.0022222222222222,Low,0,31416282.86,0,Normal,No action needed,7
CUST028805,Mass,0.1505698412701773,Low,1,3226692.85,0,Normal,No action needed,7
CUST030632,Mass,0.0005636960525262,Low,0,11176026.05,0,Normal,No action needed,7
CUST024093,Ultra HNI,0.1612106106043622,Low,0,65594696.44,1,High frequency trader,Flag for algo trading review — separate model needed,7
CUST015284,Affluent,0.0013461538461538,Low,0,27242773.72,0,Normal,No action needed,7
CUST014844,Affluent,0.2904737238372348,Low,0,9333001.75,0,Normal,No action needed,7
CUST033945,Mass,0.0,,0,6167529.55,0,Normal,No action needed,7
CUST035337,Affluent,0.1626860344155723,Low,0,12678226.08,0,Normal,No action needed,7
CUST007643,Mass,0.0,,0,4728481.3,0,Normal,No action needed,7
CUST042319,Affluent,0.0,,0,17480710.94,0,Normal,No action needed,7
CUST048565,Ultra HNI,0.0163182088894937,Low,0,85503177.36,1,High frequency trader,Flag for algo trading review — separate model needed,7
CUST008122,Affluent,0.0,,0,21545716.65,0,Normal,No action needed,7
CUST049725,Mass,0.0005559786747905,Low,0,6771410.63,0,Normal,No action needed,7
CUST040288,Affluent,0.0,,0,13611598.14,0,Normal,No action needed,7
CUST023406,Mass,0.0025,Low,0,6539398.9,0,Normal,No action needed,7
CUST015972,Mass,0.0031595149253731,Low,0,5321805.42,0,Normal,No action needed,7
CUST045083,Mass,0.0037685185185185,Low,0,12746499.03,0,Normal,No action needed,7
CUST008371,Mass,0.0,,0,3976349.97,0,Normal,No action needed,7
CUST010692,HNI,0.1409999489737986,Low,0,23302815.95,0,Normal,No action needed,7
CUST004045,Mass,0.0104280626780626,Low,0,3310291.5500000003,0,Normal,No action needed,7
CUST000608,Affluent,0.0,,0,12048008.45,0,Normal,No action needed,7
CUST034358,Mass,0.0,,0,4813522.79,0,Normal,No action needed,7
CUST034825,Affluent,0.1364349737931424,Low,1,16366930.02,0,Normal,No action needed,7
CUST009080,Mass,0.0024166666666666,Low,0,9133742.84,0,Normal,No action needed,7
CUST015812,Ultra HNI,0.1734355660098364,Low,0,78240393.0,1,High frequency trader,Flag for algo trading review — separate model needed,7
CUST013255,Mass,0.0007777777777777,Low,0,7236669.189999999,0,Normal,No action needed,7
CUST027929,Mass,0.0806045066198912,Low,0,8102923.850000001,0,Normal,No action needed,7
CUST025400,Mass,9.09090909090909e-05,Low,0,4235207.04,0,Normal,No action needed,7
CUST006006,Mass,0.2675844058566846,Low,0,3153772.92,0,Normal,No action needed,7
CUST035787,Mass,0.2166350223171791,Low,1,3854120.1,0,Normal,No action needed,7
CUST040263,Affluent,0.0,,0,19183433.91,0,Normal,No action needed,7
CUST025450,Ultra HNI,0.0,,0,57084821.16,1,High frequency trader,Flag for algo trading review — separate model needed,7
CUST026484,Mass,0.1149415797571046,Low,0,3622726.09,0,Normal,No action needed,7
CUST006901,Mass,0.0092240517995935,Low,0,8020895.460000001,0,Normal,No action needed,7
CUST020184,Mass,0.0,,0,5431185.24,0,Normal,No action needed,7
CUST047221,Mass,0.0,,0,11352891.98,0,Normal,No action needed,7
CUST003902,Mass,0.172462574304325,Low,0,10448878.48,0,Normal,No action needed,7
CUST023405,Mass,0.0017935534132565,Low,0,6813442.52,0,Normal,No action needed,7
CUST020194,Affluent,0.0069683257918552,Low,0,14861024.62,0,Normal,No action needed,7
CUST001590,Mass,0.1325717338260473,Low,0,4914092.93,0,Normal,No action needed,7
CUST042442,Mass,0.0070441176470588,Low,0,3013006.92,0,Normal,No action needed,7
CUST020582,Mass,0.0016438824333561,Low,0,5900054.859999999,0,Normal,No action needed,7
CUST025629,Mass,0.2156356943309959,Low,0,6514456.55,0,Normal,No action needed,7
CUST014689,Mass,0.1810395917920185,Low,1,6131364.1,0,Normal,No action needed,7
CUST004061,Mass,0.105713470499847,Low,0,1737841.68,0,Normal,No action needed,7
CUST039670,Affluent,0.1196360337065236,Low,0,13449680.64,0,Normal,No action needed,7
CUST039216,Mass,0.0011363636363636,Low,0,4640424.42,0,Normal,No action needed,7
CUST013605,Mass,0.1436447526643078,Low,0,3891671.21,0,Normal,No action needed,7
CUST037741,Affluent,0.0,,0,26394060.69,0,Normal,No action needed,7
CUST004787,Mass,0.0005544450790024,Low,0,7831092.3,0,Normal,No action needed,7
CUST003644,HNI,0.0,,0,33730434.52,0,Normal,No action needed,7
CUST041942,HNI,0.1251542977522214,Low,1,29838107.76,0,Normal,No action needed,7
CUST041363,Mass,0.0086243984773396,Low,0,5438014.36,0,Normal,No action needed,7
CUST048611,Mass,0.1719082329135313,Low,0,5566930.02,0,Normal,No action needed,7
CUST002391,Mass,0.0,,0,7088585.470000001,0,Normal,No action needed,7
CUST006382,HNI,0.1971134612433872,Low,0,48980700.65,0,Normal,No action needed,7
CUST044146,Affluent,0.0,,0,12382333.82,0,Normal,No action needed,7
CUST029142,Mass,0.2000242900602532,Low,0,4891094.49,0,Normal,No action needed,7
CUST018809,Affluent,0.2826932871817423,Low,0,11674788.33,0,Normal,No action needed,7
CUST001661,Mass,0.0001851851851851,Low,0,5967599.98,0,Normal,No action needed,7
CUST039539,Affluent,0.0,,0,17655472.810000002,0,Normal,No action needed,7
CUST013825,Mass,4.1666666666666665e-05,Low,0,5039239.88,0,Normal,No action needed,7
CUST043771,Mass,0.0001401869158878,Low,0,5757410.94,0,Normal,No action needed,7
CUST029136,Mass,0.000254691689008,Low,0,13625571.5,0,Normal,No action needed,7
CUST000158,Mass,0.2161968407892676,Low,0,3487945.17,0,Normal,No action needed,7
CUST049087,HNI,0.0001412429378531,Low,0,54550748.31,0,Normal,No action needed,7
CUST049011,Affluent,0.1834914778824337,Low,0,22414020.35,0,Normal,No action needed,7
CUST022690,Mass,0.0001132686084142,Low,0,6078674.99,0,Normal,No action needed,7
CUST048384,Affluent,0.0002272727272727,Low,0,19052626.06,0,Normal,No action needed,7
CUST000345,Mass,0.1772868928833267,Low,0,2478491.85,0,Normal,No action needed,7
CUST042607,Affluent,0.003,Low,0,12947090.25,0,Normal,No action needed,7
CUST019005,Mass,0.0021867864304248,Low,0,9384305.5,0,Normal,No action needed,7
CUST023971,Mass,0.0008097866614791,Low,0,4035983.46,0,Normal,No action needed,7
CUST030166,Mass,0.0078340548340548,Low,0,5378162.67,0,Normal,No action needed,7
CUST020734,Mass,0.0050878831694621,Low,0,2457487.87,0,Normal,No action needed,7
CUST024917,Affluent,0.1752896882677048,Low,0,27735855.79,0,Normal,No action needed,7
CUST006657,Ultra HNI,0.0011590909090909,Low,0,101704548.51,1,High frequency trader,Flag for algo trading review — separate model needed,7
CUST041923,Mass,0.0013304347826086,Low,0,7844843.91,0,Normal,No action needed,7
CUST011459,Affluent,0.0008333333333333,Low,0,14759903.03,0,Normal,No action needed,7
CUST034220,Mass,0.1516945476476242,Low,0,7576977.06,0,Normal,No action needed,7
CUST014170,Mass,0.0001851851851851,Low,0,3865075.54,0,Normal,No action needed,7
CUST002484,Mass,0.0899650689611195,Low,0,7047289.16,0,Normal,No action needed,7
CUST001607,Affluent,0.0,,0,12899267.17,0,Normal,No action needed,7
CUST045767,Mass,0.0017307692307692,Low,0,5144899.8,0,Normal,No action needed,7
CUST024869,Affluent,0.087665097448646,Low,0,9020367.58,0,Normal,No action needed,7
CUST036885,Mass,0.0,,0,6589066.0200000005,0,Normal,No action needed,7
CUST006631,HNI,0.1559501822308904,Low,0,27396508.84,0,Normal,No action needed,7
CUST028387,Affluent,0.0003703703703703,Low,0,24889799.06,0,Normal,No action needed,7
CUST029286,Mass,0.0074335826210826,Low,0,2124083.57,0,Normal,No action needed,7
CUST005702,Mass,0.0096764034211402,Low,0,3684518.08,0,Normal,No action needed,7
CUST015096,Mass,0.0014237938663953,Low,0,7635518.93,0,Normal,No action needed,7
CUST006280,Mass,0.0992746002943343,Low,0,9031320.15,0,Normal,No action needed,7
CUST020186,HNI,0.1220492314755643,Low,0,35783472.8,0,Normal,No action needed,7
CUST012086,Mass,0.0001851851851851,Low,0,4558267.27,0,Normal,No action needed,7
CUST009585,Mass,0.0065022359821121,Low,0,6780897.28,0,Normal,No action needed,7
CUST035898,Mass,0.0027979797979797,Low,0,5181036.69,0,Normal,No action needed,7
CUST029497,Mass,0.0018787335722819,Low,0,8269737.2,0,Normal,No action needed,7
CUST038350,Mass,0.0003571428571428,Low,0,3869428.18,0,Normal,No action needed,7
CUST026084,Mass,0.0,,0,5860088.9,0,Normal,No action needed,7
CUST010758,Mass,0.1639345250926888,Low,0,6112840.93,0,Normal,No action needed,7
CUST017957,Affluent,0.0002941176470588,Low,0,14145128.83,0,Normal,No action needed,7
CUST006911,Ultra HNI,0.0022228070175438,Low,0,82002456.28,1,High frequency trader,Flag for algo trading review — separate model needed,7
CUST034970,Mass,0.0006684981684981,Low,0,7872568.67,0,Normal,No action needed,7
CUST002037,Affluent,0.0,,0,24588542.94,0,Normal,No action needed,7
CUST044664,Affluent,0.001,Low,0,16093956.85,0,Normal,No action needed,7
CUST004936,Affluent,0.00072877882152,Low,0,13701949.15,0,Normal,No action needed,7
CUST020973,Mass,0.0004279169527691,Low,0,7890483.66,0,Normal,No action needed,7
CUST019365,Affluent,0.0,,0,15364135.84,0,Normal,No action needed,7
CUST049272,Mass,0.0,,0,4021055.78,0,Normal,No action needed,7
CUST020284,Mass,0.2117385417883255,Low,0,11664818.72,0,Normal,No action needed,7
CUST034485,Affluent,0.0017657342657342,Low,0,9600612.94,0,Normal,No action needed,7
CUST016330,Ultra HNI,0.0076959400360934,Low,0,82558878.87,1,High frequency trader,Flag for algo trading review — separate model needed,7
CUST014034,Mass,0.2228481685365149,Low,0,7739616.35,0,Normal,No action needed,7
CUST022989,Mass,0.1666233326989927,Low,0,5087941.71,0,Normal,No action needed,7
CUST013229,Mass,0.298506345832814,Low,0,4576944.55,0,Normal,No action needed,7
CUST041941,Mass,0.0160477826267299,Low,0,2164349.87,0,Normal,No action needed,7
CUST006170,Ultra HNI,0.0034090909090909,Low,0,83662998.34,1,High frequency trader,Flag for algo trading review — separate model needed,7
CUST026711,Mass,0.0,,0,5710476.98,0,Normal,No action needed,7
CUST046246,Mass,0.0004567307692307,Low,0,6624760.29,0,Normal,No action needed,7
CUST028566,Mass,0.0055079365079365,Low,0,6883982.11,0,Normal,No action needed,7
CUST030317,Affluent,0.00032877882152,Low,0,13830734.3,0,Normal,No action needed,7
CUST024326,Mass,0.000625,Low,0,5899547.31,0,Normal,No action needed,7
CUST010142,HNI,0.0050675925925925,Low,0,30013220.39,0,Normal,No action needed,7
CUST008414,Affluent,0.258266911863812,Low,0,22683665.4,0,Normal,No action needed,7
CUST042614,Affluent,0.1984661816090753,Low,0,17534132.96,0,Normal,No action needed,7
CUST030052,Affluent,0.1348054027587692,Low,1,15391951.51,0,Normal,No action needed,7
CUST008222,Affluent,0.0019444444444444,Low,0,13420491.33,0,Normal,No action needed,7
CUST036864,HNI,5.6657223796034e-05,Low,0,39707913.26,0,Normal,No action needed,7
CUST038776,Mass,0.0,,0,7073286.66,0,Normal,No action needed,7
CUST043131,Affluent,0.0007738095238095,Low,0,18494367.65,0,Normal,No action needed,7
CUST006973,Mass,0.0102872202870342,Low,0,5547656.890000001,0,Normal,No action needed,7
CUST039942,Affluent,0.0019687946408187,Low,0,15555229.23,0,Normal,No action needed,7
CUST008423,HNI,4.807692307692308e-05,Low,0,39444077.18,0,Normal,No action needed,7
CUST007664,Affluent,0.0,,0,23346242.57,0,Normal,No action needed,7
CUST018469,HNI,0.0008555286521388,Low,0,45392757.04,0,Normal,No action needed,7
CUST016620,Mass,0.0,,0,9075822.8,0,Normal,No action needed,7
CUST006462,Mass,0.0031672932330827,Low,0,9860581.0,0,Normal,No action needed,7
CUST013204,Affluent,0.186476158676807,Low,0,12256948.15,0,Normal,No action needed,7
CUST029464,Mass,0.1690154053930952,Low,0,1415234.33,0,Normal,No action needed,7
CUST010358,Affluent,0.0006904761904761,Low,0,10678721.68,0,Normal,No action needed,7
CUST006709,Mass,0.0008680555555555,Low,0,3885478.95,0,Normal,No action needed,7
CUST048216,Affluent,0.173698105882845,Low,1,16936514.55,0,Normal,No action needed,7
CUST008933,Ultra HNI,0.0,,0,79005625.06,1,High frequency trader,Flag for algo trading review — separate model needed,7
CUST015001,Affluent,0.0002601156069364,Low,0,14900021.89,0,Normal,No action needed,7
CUST001980,Mass,0.0004347826086956,Low,0,9762962.13,0,Normal,No action needed,7
CUST004814,Mass,0.1224438537176473,Low,0,6285962.46,0,Normal,No action needed,7
CUST043856,Affluent,0.0001010101010101,Low,0,17073748.39,0,Normal,No action needed,7
CUST015483,Mass,0.1276036611826851,Low,0,15356922.8,0,Normal,No action needed,7
CUST044946,Mass,0.0022052401746724,Low,0,9996870.82,0,Normal,No action needed,7
CUST047440,Mass,0.0012782979732132,Low,0,7075402.38,0,Normal,No action needed,7
CUST000501,Mass,0.000782208588957,Low,0,8250717.95,0,Normal,No action needed,7
CUST047450,Mass,0.0036041666666666,Low,0,18023352.14,0,Normal,No action needed,7
CUST041117,Affluent,0.0,,0,12968517.2,0,Normal,No action needed,7
CUST006045,Ultra HNI,0.0136596046497362,Low,0,66609895.57,1,High frequency trader,Flag for algo trading review — separate model needed,7
CUST016451,Mass,0.2291609402860141,Low,0,16554760.27,0,Normal,No action needed,7
CUST018155,Ultra HNI,0.0008823529411764,Low,0,83895133.08,1,High frequency trader,Flag for algo trading review — separate model needed,7
CUST035093,HNI,0.0010010366826156,Low,0,38008345.87,0,Normal,No action needed,7
CUST015030,HNI,0.0,,0,46531951.98,0,Normal,No action needed,7
CUST036702,Mass,0.0071480283633921,Low,0,3077522.24,0,Normal,No action needed,7
CUST013482,Mass,0.1047237434455422,Low,0,3324891.05,0,Normal,No action needed,7
CUST019385,Mass,0.0,,0,4171915.58,0,Normal,No action needed,7
CUST027466,Mass,0.0003367333971145,Low,0,8544487.44,0,Normal,No action needed,7
CUST028380,Mass,0.0,,0,5960220.38,0,Normal,No action needed,7
CUST042072,Mass,0.0025035971223021,Low,0,8197160.44,0,Normal,No action needed,7
CUST032298,Ultra HNI,0.1659195535676788,Low,1,51597018.7,1,High frequency trader,Flag for algo trading review — separate model needed,7
CUST007630,Mass,0.0043936193261835,Low,0,10404877.13,0,Normal,No action needed,7
CUST037125,Mass,0.0,,0,6827697.85,0,Normal,No action needed,7
CUST039750,HNI,0.0,,0,44816163.95,0,Normal,No action needed,7
CUST033500,Mass,4.1666666666666665e-05,Low,0,4682274.22,0,Normal,No action needed,7
CUST007377,Mass,0.0036472082791101,Low,0,9750886.09,0,Normal,No action needed,7
CUST035593,Mass,0.0,,0,4427147.54,0,Normal,No action needed,7
CUST041681,HNI,0.1806489357988766,Low,0,19908143.5,0,Normal,No action needed,7
CUST003322,Mass,0.0073659141110597,Low,0,3228218.22,0,Normal,No action needed,7
CUST009018,Affluent,0.000359081851823,Low,0,15539304.63,0,Normal,No action needed,7
CUST042212,Mass,0.1241449459912064,Low,0,2473603.43,0,Normal,No action needed,7
CUST024020,Mass,0.0,,0,4117041.92,0,Normal,No action needed,7
CUST015173,Affluent,0.00275,Low,0,10608890.0,0,Normal,No action needed,7
CUST041480,Mass,0.0008305804624823,Low,0,2870803.37,0,Normal,No action needed,7
CUST028892,Mass,0.0043055555555555,Low,0,6799677.01,0,Normal,No action needed,7
CUST020400,Mass,0.0,,0,8603142.66,0,Normal,No action needed,7
CUST033961,Affluent,0.0004480519480519,Low,0,13029337.39,0,Normal,No action needed,7
CUST023279,Mass,0.1525719136332134,Low,0,6665795.41,0,Normal,No action needed,7
CUST000550,Affluent,0.0,,0,19817846.04,0,Normal,No action needed,7
CUST029608,HNI,0.0002941176470588,Low,0,31624167.65,0,Normal,No action needed,7
CUST025741,Affluent,0.0,,0,11867988.69,0,Normal,No action needed,7
CUST006058,HNI,5.6657223796034e-05,Low,0,40753807.16,0,Normal,No action needed,7
CUST025167,Mass,0.1205892555645613,Low,1,4116013.82,0,Normal,No action needed,7
CUST024403,Mass,0.1411678824348004,Low,0,4465073.12,0,Normal,No action needed,7
CUST031642,Mass,0.0050694444444444,Low,0,9359156.78,0,Normal,No action needed,7
CUST045379,Mass,0.003672932330827,Low,0,4301635.16,0,Normal,No action needed,7
CUST025332,Mass,0.0003206562266964,Low,0,6234462.25,0,Normal,No action needed,7
CUST000914,Mass,0.0031672932330827,Low,0,9561652.76,0,Normal,No action needed,7
CUST038610,Ultra HNI,0.2247661180874596,Low,1,76651280.89,1,High frequency trader,Flag for algo trading review — separate model needed,7
CUST042201,Mass,0.0002777777777777,Low,0,3477670.65,0,Normal,No action needed,7
CUST047803,Mass,0.0024553571428571,Low,0,3529081.7,0,Normal,No action needed,7
CUST012367,Mass,0.1517386156203096,Low,0,5054387.5600000005,0,Normal,No action needed,7
CUST008465,Affluent,0.0005882352941176,Low,0,12806373.86,0,Normal,No action needed,7
CUST016078,Mass,0.0017269736842105,Low,0,3318006.42,0,Normal,No action needed,7
CUST034711,Affluent,0.00032877882152,Low,0,19284869.09,0,Normal,No action needed,7
CUST010518,Affluent,0.1308669012152359,Low,0,11729186.39,0,Normal,No action needed,7
CUST021180,Mass,0.1268101333270566,Low,0,9960824.64,0,Normal,No action needed,7
CUST009707,Mass,0.0009346846846846,Low,0,5146689.49,0,Normal,No action needed,7
CUST017314,Mass,0.1221110548419067,Low,0,4277897.74,0,Normal,No action needed,7
CUST017688,Affluent,0.0002601156069364,Low,0,24398214.93,0,Normal,No action needed,7
CUST002305,Mass,0.0,,0,9069930.15,0,Normal,No action needed,7
CUST039620,Affluent,0.1760640353965843,Low,0,13029388.63,0,Normal,No action needed,7
CUST019960,HNI,0.0,,0,35994525.57,0,Normal,No action needed,7
CUST049422,Mass,0.0001401869158878,Low,0,4641268.88,0,Normal,No action needed,7
CUST011037,Mass,0.0003333333333333,Low,0,5638159.53,0,Normal,No action needed,7
CUST010500,Affluent,0.1336865415742689,Low,0,18679413.16,0,Normal,No action needed,7
CUST014560,HNI,0.0,,0,56906057.51,1,Other anomaly,No action needed,7
CUST022819,Affluent,0.1442633915542528,Low,0,12486710.04,0,Normal,No action needed,7
CUST021719,Mass,0.0004011840282151,Low,0,7049391.24,0,Normal,No action needed,7
CUST017465,Mass,0.1442233171120496,Low,1,4679401.93,0,Normal,No action needed,7
CUST025759,Affluent,0.000560606060606,Low,0,20330017.26,0,Normal,No action needed,7
CUST029994,Affluent,0.0041176470588235,Low,0,16877285.34,0,Normal,No action needed,7
CUST021861,Mass,0.0,,0,4801643.55,0,Normal,No action needed,7
CUST036010,Mass,0.0042770369017172,Low,0,2625417.49,0,Normal,No action needed,7
CUST004737,Mass,0.1856893885895607,Low,0,5757045.75,0,Normal,No action needed,7
CUST013059,Mass,0.1923303185161835,Low,0,4312205.52,0,Normal,No action needed,7
CUST001931,Mass,0.0003367333971145,Low,0,6604944.26,0,Normal,No action needed,7
CUST032977,Mass,0.0080454336323901,Low,0,2597037.73,0,Normal,No action needed,7
CUST014834,Mass,0.0013576459895478,Low,0,2652839.95,0,Normal,No action needed,7
CUST000154,Affluent,0.1502004774650432,Low,1,20697392.28,0,Normal,No action needed,7
CUST011975,Affluent,0.009347148541114,Low,0,4753770.4,0,Normal,No action needed,7
CUST047958,Affluent,0.0,,0,12638459.54,0,Normal,No action needed,7
CUST009842,Mass,0.1723121478280576,Low,0,1395394.64,0,Normal,No action needed,7
CUST005995,Mass,0.2177212393762743,Low,0,11390964.830000002,0,Normal,No action needed,7
CUST041179,Ultra HNI,0.0116333100379153,Low,0,77281169.67,1,High frequency trader,Flag for algo trading review — separate model needed,7
CUST040390,Mass,0.0010416666666666,Low,0,3319351.45,0,Normal,No action needed,7
CUST039435,Mass,0.0034375,Low,0,3987634.15,0,Normal,No action needed,7
CUST004451,Mass,0.0016666666666666,Low,0,4309659.6,0,Normal,No action needed,7
CUST008152,Mass,0.0,,0,11308512.88,0,Normal,No action needed,7
CUST008286,Affluent,0.0007155191530117,Low,0,27941350.13,0,Normal,No action needed,7
CUST004156,Mass,0.16260248957174,Low,0,3974679.2,0,Normal,No action needed,7
CUST047932,Mass,0.0005687583444592,Low,0,4980630.53,0,Normal,No action needed,7
CUST032328,Ultra HNI,0.0033798245614035,Low,0,88184266.11,1,High frequency trader,Flag for algo trading review — separate model needed,7
CUST040973,Mass,0.154062299033013,Low,0,4742351.0,0,Normal,No action needed,7
CUST045826,Mass,0.1655382394180636,Low,0,4260656.29,0,Normal,No action needed,7
CUST022991,Mass,0.0016935483870967,Low,0,5979393.82,0,Normal,No action needed,7
CUST016459,Mass,0.0061778846153846,Low,0,8828932.23,0,Normal,No action needed,7
CUST012028,Mass,0.0017806995679627,Low,0,7304328.54,0,Normal,No action needed,7
CUST006355,Affluent,0.0066565826330532,Low,0,10826983.52,0,Normal,No action needed,7
CUST047944,Mass,0.0051261773715334,Low,0,3191996.02,0,Normal,No action needed,7
CUST014719,Affluent,0.0001612903225806,Low,0,19213379.87,0,Normal,No action needed,7
CUST049124,HNI,0.0014270568278201,Low,0,48217155.400000006,0,Normal,No action needed,7
CUST031085,Mass,0.0030555555555555,Low,0,6947183.67,0,Normal,No action needed,7
CUST012497,Mass,0.0,,0,6924478.23,0,Normal,No action needed,7
CUST016399,Affluent,0.0,,0,17528293.23,0,Normal,No action needed,7
CUST032410,Mass,0.0,,0,13767442.92,0,Normal,No action needed,7
CUST006193,Mass,0.0003206562266964,Low,0,10536762.88,0,Normal,No action needed,7
CUST019909,Affluent,0.1401691444978202,Low,0,5293590.73,0,Normal,No action needed,7
CUST047109,Affluent,0.0043122953050365,Low,0,9142375.82,0,Normal,No action needed,7
CUST020993,Mass,0.0012118644067796,Low,0,5912384.29,0,Normal,No action needed,7
CUST010952,Ultra HNI,0.0144713034660218,Low,0,66926237.36,1,High frequency trader,Flag for algo trading review — separate model needed,7
CUST040903,Affluent,0.0,,0,21041163.81,0,Normal,No action needed,7
CUST028824,Affluent,0.0,,0,16340780.36,0,Normal,No action needed,7
CUST047390,Affluent,0.0002601156069364,Low,0,15594716.87,0,Normal,No action needed,7
CUST048569,Affluent,0.0007142857142857,Low,0,23582775.99,0,Normal,No action needed,7
CUST004131,Mass,0.0039597069597069,Low,0,3778805.84,0,Normal,No action needed,7
CUST001289,Mass,1.607717041800643e-05,Low,0,8298300.300000001,0,Normal,No action needed,7
CUST043547,Affluent,0.1252577155812458,Low,0,19039285.84,0,Normal,No action needed,7
CUST022259,Mass,0.0007655714809337,Low,0,6230702.2,0,Normal,No action needed,7
CUST014911,Affluent,0.0,,0,16599998.53,0,Normal,No action needed,7
CUST029985,Mass,0.0849846614110402,Low,0,4881513.34,0,Normal,No action needed,7
CUST043542,Affluent,0.0008677685950413,Low,0,15320405.19,0,Normal,No action needed,7
CUST022155,Affluent,0.1151071129348886,Low,0,14806585.88,0,Normal,No action needed,7
CUST001619,Affluent,0.0,,0,16314548.06,0,Normal,No action needed,7
CUST006788,Mass,0.0066158694246929,Low,0,4994330.88,0,Normal,No action needed,7
CUST043179,Mass,0.0005263157894736,Low,0,5396462.67,0,Normal,No action needed,7
CUST039211,Mass,0.0,,0,7029106.3,0,Normal,No action needed,7
CUST006848,HNI,0.0012083333333333,Low,0,31901655.81,0,Normal,No action needed,7
CUST009742,Ultra HNI,0.0033258928571428,Low,0,64473426.38,1,High frequency trader,Flag for algo trading review — separate model needed,7
CUST021229,Ultra HNI,0.0122511644818616,Low,0,100892260.52,1,High frequency trader,Flag for algo trading review — separate model needed,7
CUST030416,Mass,0.1488349175133337,Low,0,1513306.27,0,Normal,No action needed,7
CUST019682,Mass,0.0,,0,7204290.859999999,0,Normal,No action needed,7
CUST013172,Affluent,0.0848728169967466,Low,0,18756161.16,0,Normal,No action needed,7
CUST035125,Affluent,0.0,,0,14448889.14,0,Normal,No action needed,7
CUST004004,Mass,0.0,,0,5458585.66,0,Normal,No action needed,7
CUST003262,HNI,0.0,,0,42313140.49,0,Normal,No action needed,7
CUST016680,Affluent,0.1190429981202767,Low,0,20960531.09,0,Normal,No action needed,7
CUST049985,Mass,0.2010673740545913,Low,0,5559269.86,0,Normal,No action needed,7
CUST017672,Affluent,0.0002777777777777,Low,0,19124431.11,0,Normal,No action needed,7
CUST044984,Ultra HNI,0.0022649572649572,Low,0,67299629.76,1,High frequency trader,Flag for algo trading review — separate model needed,7
CUST022800,Mass,0.008516317016317,Low,0,1767226.73,0,Normal,No action needed,7
CUST043739,Mass,0.0001070663811563,Low,0,10778167.26,0,Normal,No action needed,7
CUST029877,Mass,0.2115962676232788,Low,0,5590767.64,0,Normal,No action needed,7
CUST035755,HNI,0.0013237639553429,Low,0,30517637.63,0,Normal,No action needed,7
CUST039047,HNI,0.0,,0,32036690.36,0,Normal,No action needed,7
CUST025458,Mass,0.0010526315789473,Low,0,2858798.55,0,Normal,No action needed,7
CUST022822,Affluent,6.493506493506494e-05,Low,0,18564464.49,0,Normal,No action needed,7
CUST035271,Affluent,0.179893191269561,Low,0,12967172.9,0,Normal,No action needed,7
CUST048207,Mass,0.0004761904761904,Low,0,6561487.92,0,Normal,No action needed,7
CUST049777,Affluent,0.0,,0,18502404.48,0,Normal,No action needed,7
CUST036209,Mass,0.0024285714285714,Low,0,10307162.91,0,Normal,No action needed,7
CUST036242,Mass,0.007280681306997,Low,0,8247480.18,0,Normal,No action needed,7
CUST012350,Mass,0.0073971571906354,Low,0,4015638.72,0,Normal,No action needed,7
CUST038412,Affluent,0.0002941176470588,Low,0,7527132.79,0,Normal,No action needed,7
CUST011619,Affluent,0.0,,0,12621003.55,0,Normal,No action needed,7
CUST039735,Mass,0.0,,0,11053640.430000002,0,Normal,No action needed,7
CUST005716,Mass,0.001625,Low,0,5317284.56,0,Normal,No action needed,7
CUST023535,Affluent,0.1807948283875714,Low,0,16405990.36,0,Normal,No action needed,7
CUST029099,Mass,0.2035015237549441,Low,0,6483761.11,0,Normal,No action needed,7
CUST004076,Mass,0.2845350706488047,Low,0,4279224.17,0,Normal,No action needed,7
CUST014707,Mass,0.0,,0,5316673.600000001,0,Normal,No action needed,7
CUST007413,Mass,0.0001070663811563,Low,0,4172401.91,0,Normal,No action needed,7
CUST046573,Affluent,0.000253164556962,Low,0,20785573.83,0,Normal,No action needed,7
CUST040225,HNI,0.0100707549681569,Low,0,32962516.24,0,Normal,No action needed,7
CUST047717,Affluent,0.1236731590481231,Low,0,17333625.45,0,Normal,No action needed,7
CUST026314,Mass,0.0030555555555555,Low,0,10760471.54,0,Normal,No action needed,7
CUST049458,Affluent,0.0,,0,15018918.81,0,Normal,No action needed,7
CUST004624,Affluent,0.0016268557445969,Low,0,14920412.72,0,Normal,No action needed,7
CUST045802,Ultra HNI,0.0134058103732016,Low,0,62534960.7,1,High frequency trader,Flag for algo trading review — separate model needed,7
CUST035892,Mass,0.0,,0,5605457.48,0,Normal,No action needed,7
CUST024624,Mass,0.0106645531400966,Low,0,2141616.05,0,Normal,No action needed,7
CUST040281,Mass,0.1323753395358985,Low,0,6932052.81,0,Normal,No action needed,7
CUST016049,Mass,0.0045134470792365,Low,0,7457290.32,0,Normal,No action needed,7
CUST048610,Affluent,0.1904582577120909,Low,0,20488182.27,0,Normal,No action needed,7
CUST032706,Affluent,0.0,,0,21728676.19,0,Normal,No action needed,7
CUST003611,HNI,0.0059170132699544,Low,0,32208947.23,0,Normal,No action needed,7
CUST021475,Affluent,0.0025980392156862,Low,0,37677380.58,0,Normal,No action needed,7
CUST001705,Mass,0.0022640692640692,Low,0,6463491.15,0,Normal,No action needed,7
CUST005340,Affluent,0.0,,0,20054149.98,0,Normal,No action needed,7
CUST032385,Mass,0.0,,0,6184701.029999999,0,Normal,No action needed,7
CUST040681,Mass,0.0,,0,7679405.03,0,Normal,No action needed,7
CUST043147,Affluent,0.0031851851851851,Low,0,16017239.98,0,Normal,No action needed,7
CUST029216,HNI,0.006,Low,0,27547095.01,0,Normal,No action needed,7
CUST017624,Affluent,0.1457144643766313,Low,0,10137176.32,0,Normal,No action needed,7
CUST014424,HNI,8.249585172662096e-05,Low,0,41077512.22,0,Normal,No action needed,7
CUST005578,Mass,0.0048774509803921,Low,0,3234225.27,0,Normal,No action needed,7
CUST010649,Mass,0.0,,0,8546961.55,0,Normal,No action needed,7
CUST004370,Affluent,0.0021884057971014,Low,0,12830159.49,0,Normal,No action needed,7
CUST039126,Mass,0.139200620215493,Low,0,4123285.1,0,Normal,No action needed,7
CUST044252,Mass,0.0029496069432453,Low,0,8161737.1,0,Normal,No action needed,7
CUST024836,Affluent,0.0006628787878787,Low,0,9459212.64,0,Normal,No action needed,7
CUST034800,Mass,0.0141238318238792,Low,0,1871955.11,0,Normal,No action needed,7
CUST023108,Ultra HNI,0.0097981231245848,Low,0,73488601.51,1,High frequency trader,Flag for algo trading review — separate model needed,7
CUST022808,Mass,0.0080017204613744,Low,0,10005761.37,0,Normal,No action needed,7
CUST012784,HNI,0.0050873507297655,Low,0,48624195.97,1,High frequency trader,Flag for algo trading review — separate model needed,7
CUST003292,Mass,0.0024073144318718,Low,0,7640064.49,0,Normal,No action needed,7
CUST041810,Mass,0.0003541666666666,Low,0,4855147.050000001,0,Normal,No action needed,7
CUST047982,HNI,0.0003816888744301,Low,0,32700722.3,0,Normal,No action needed,7
CUST009020,Affluent,0.0,,0,18598819.84,0,Normal,No action needed,7
CUST014244,Affluent,0.0,,0,17835386.46,0,Normal,No action needed,7
CUST048150,Mass,0.0004567307692307,Low,0,6881634.33,0,Normal,No action needed,7
CUST002447,Mass,0.1868819194073694,Low,0,5604147.28,0,Normal,No action needed,7
CUST001973,Affluent,0.0,,0,13125318.66,0,Normal,No action needed,7
CUST006036,Mass,0.000254691689008,Low,0,5132106.01,0,Normal,No action needed,7
CUST030684,Mass,0.164597873542009,Low,0,2253585.86,0,Normal,No action needed,7
CUST017014,Mass,0.0004649122807017,Low,0,7979540.72,0,Normal,No action needed,7
CUST047367,Affluent,0.0001851851851851,Low,0,13740972.18,0,Normal,No action needed,7
CUST023263,HNI,0.0012360085734698,Low,0,40692975.57,0,Normal,No action needed,7
CUST034167,Affluent,0.0084756042183454,Low,0,12590304.29,0,Normal,No action needed,7
CUST002727,Affluent,0.0,,0,14833069.44,0,Normal,No action needed,7
CUST033906,Mass,0.0025159642401021,Low,0,10196147.42,0,Normal,No action needed,7
CUST041461,Affluent,0.0001851851851851,Low,0,17244926.97,0,Normal,No action needed,7
CUST032495,Mass,0.1121667877285667,Low,0,8993684.99,0,Normal,No action needed,7
CUST011818,Mass,4.1666666666666665e-05,Low,0,4567836.09,0,Normal,No action needed,7
CUST039176,Mass,0.0047729885057471,Low,0,3186911.77,0,Normal,No action needed,7
CUST021805,Mass,0.0021877369732423,Low,0,9698798.07,0,Normal,No action needed,7
CUST020486,Affluent,0.0,,0,15701918.67,0,Normal,No action needed,7
CUST000513,Mass,0.0001666666666666,Low,0,4466911.54,0,Normal,No action needed,7
CUST031994,HNI,0.0,,0,42670578.51,0,Normal,No action needed,7
CUST028438,Mass,0.0,,0,4624800.350000001,0,Normal,No action needed,7
CUST041667,Mass,0.0130288559157441,Low,0,2058773.0,0,Normal,No action needed,7
CUST022607,Mass,0.0030555555555555,Low,0,9528322.6,0,Normal,No action needed,7
CUST002933,Mass,0.0030555555555555,Low,0,12617559.85,0,Normal,No action needed,7
CUST047051,Mass,0.1559255379716622,Low,0,3229268.96,0,Normal,No action needed,7
CUST004673,Affluent,0.1276766804529632,Low,0,9221342.86,0,Normal,No action needed,7
CUST021605,Affluent,0.0005,Low,0,12213111.15,0,Normal,No action needed,7
CUST027521,Mass,0.1902025656812814,Low,1,2463384.98,0,Normal,No action needed,7
CUST022384,Mass,0.109859070596716,Low,0,5000646.11,0,Normal,No action needed,7
CUST001201,Affluent,0.002625,Low,0,17378011.73,0,Normal,No action needed,7
CUST025911,Affluent,0.0022727272727272,Low,0,10900758.53,0,Normal,No action needed,7
CUST025731,Mass,0.0015549108893819,Low,0,5331321.79,0,Normal,No action needed,7
CUST012311,Mass,0.0069225264818571,Low,0,6173257.65,0,Normal,No action needed,7
CUST018872,Affluent,0.0048782608695652,Low,0,15614151.7,0,Normal,No action needed,7
CUST012346,Mass,0.1648177461428754,Low,1,1858867.39,0,Normal,No action needed,7
CUST025131,Mass,0.0066130952380952,Low,0,10060675.92,0,Normal,No action needed,7
CUST025665,Affluent,0.2045228985735277,Low,0,10668354.05,0,Normal,No action needed,7
CUST048523,Mass,0.0,,0,5099919.1,0,Normal,No action needed,7
CUST014176,Affluent,0.00032877882152,Low,0,12810977.58,0,Normal,No action needed,7
CUST045912,Affluent,0.0008333333333333,Low,0,19091216.67,0,Normal,No action needed,7
CUST031175,Affluent,0.0014814814814814,Low,0,28559623.2,0,Normal,No action needed,7
CUST037022,Affluent,0.0,,0,12272482.01,0,Normal,No action needed,7
CUST040260,HNI,0.1512891156395639,Low,0,34143988.78,0,Normal,No action needed,7
CUST027621,Mass,0.0004279169527691,Low,0,4758433.72,0,Normal,No action needed,7
CUST040641,Mass,0.0003448275862068,Low,0,6179249.94,0,Normal,No action needed,7
CUST049270,Mass,0.001625,Low,0,4677637.15,0,Normal,No action needed,7
CUST006441,Mass,0.0,,0,5267424.85,0,Normal,No action needed,7
CUST014156,HNI,0.0004383460982261,Low,0,48633565.37,0,Normal,No action needed,7
CUST035585,Mass,0.0072789545980335,Low,0,3495663.08,0,Normal,No action needed,7
CUST008829,Mass,0.1411258000318225,Low,0,4768246.46,0,Normal,No action needed,7
CUST037334,Mass,0.0001072607260726,Low,0,10849213.81,0,Normal,No action needed,7
CUST023895,Mass,6.493506493506494e-05,Low,0,6441665.52,0,Normal,No action needed,7
CUST004464,Affluent,2.9585798816568047e-05,Low,0,18958147.0,0,Normal,No action needed,7
CUST028665,Mass,0.0002,Low,0,6263626.58,0,Normal,No action needed,7
CUST023932,Affluent,3.0303030303030302e-05,Low,0,15832335.02,0,Normal,No action needed,7
CUST034418,Mass,0.000625,Low,0,5902139.61,0,Normal,No action needed,7
CUST012254,Mass,0.1791643125409654,Low,0,2500602.38,0,Normal,No action needed,7
CUST046893,Mass,0.00015625,Low,0,11003289.22,0,Normal,No action needed,7
CUST029115,Mass,0.0099787985766246,Low,0,9812287.91,0,Normal,No action needed,7
CUST007496,Affluent,0.1161022523155168,Low,0,20154336.5,0,Normal,No action needed,7
CUST026534,Affluent,0.0,,0,16985418.830000002,0,Normal,No action needed,7
CUST010016,Mass,0.1365173438686557,Low,0,6191977.510000001,0,Normal,No action needed,7
CUST024629,Mass,0.0,,0,7384999.76,0,Normal,No action needed,7
CUST009656,Mass,0.0017692307692307,Low,0,17410203.96,0,Normal,No action needed,7
CUST027955,Affluent,0.002153562574455,Low,0,12124052.2,0,Normal,No action needed,7
CUST010544,Mass,0.0058219003219003,Low,0,6300459.25,0,Normal,No action needed,7
CUST039170,Mass,0.0044849690539345,Low,0,3576868.17,0,Normal,No action needed,7
CUST019515,Mass,0.0048925264550264,Low,0,2900044.49,0,Normal,No action needed,7
CUST004860,Mass,0.0006521739130434,Low,0,11006075.13,0,Normal,No action needed,7
CUST033577,Mass,0.0008809276566285,Low,0,5893694.15,0,Normal,No action needed,7
CUST021587,Affluent,0.0002197802197802,Low,0,16738657.33,0,Normal,No action needed,7
CUST049352,Affluent,0.0031907894736842,Low,0,10049161.37,0,Normal,No action needed,7
CUST013864,Mass,0.0064360094054417,Low,0,5725057.82,0,Normal,No action needed,7
CUST002119,Mass,0.0041656141341496,Low,0,3081239.63,0,Normal,No action needed,7
CUST017353,Mass,0.0004449152542372,Low,0,6755644.12,0,Normal,No action needed,7
CUST021934,Mass,0.0003367333971145,Low,0,5766465.18,0,Normal,No action needed,7
CUST021335,Affluent,0.1323521366110699,Low,0,12020465.17,0,Normal,No action needed,7
CUST015346,Affluent,0.007215320910973,Low,0,9675368.45,0,Normal,No action needed,7
CUST002604,Mass,0.0034835164835164,Low,0,6702616.89,0,Normal,No action needed,7
CUST045001,Mass,0.0042881991506279,Low,0,7921354.65,0,Normal,No action needed,7
CUST013154,Affluent,0.0008677685950413,Low,0,14465709.64,0,Normal,No action needed,7
CUST039896,Mass,0.0,,0,4173055.24,0,Normal,No action needed,7
CUST019592,Mass,0.0064145658263305,Low,0,3704928.03,0,Normal,No action needed,7
CUST021269,Mass,0.0041959828166724,Low,0,3406061.38,0,Normal,No action needed,7
CUST016183,Mass,0.1030366103690829,Low,0,7958885.28,0,Normal,No action needed,7
CUST018679,Mass,0.0020574845679012,Low,0,7130183.420000001,0,Normal,No action needed,7
CUST035446,Mass,0.0083132262474367,Low,0,15290758.06,0,Normal,No action needed,7
CUST018751,Affluent,0.1256720973215018,Low,1,12925299.38,0,Normal,No action needed,7
CUST031461,Affluent,0.2628667720735551,Low,0,10977144.27,0,Normal,No action needed,7
CUST024536,HNI,0.0011111111111111,Low,0,25606861.49,0,Normal,No action needed,7
CUST039936,Mass,0.0043599922271881,Low,0,3751557.45,0,Normal,No action needed,7
CUST023277,Mass,0.1089964437396299,Low,1,2288461.52,0,Normal,No action needed,7
CUST017851,Affluent,6.493506493506494e-05,Low,0,21522152.7,0,Normal,No action needed,7
CUST028852,Mass,0.0028516722738966,Low,0,2351447.91,0,Normal,No action needed,7
CUST003093,Mass,0.1117105271082665,Low,0,3372293.38,0,Normal,No action needed,7
CUST007697,Mass,0.1368133199382829,Low,0,5466680.24,0,Normal,No action needed,7
CUST042493,Mass,0.0002941176470588,Low,0,7155092.08,0,Normal,No action needed,7
CUST024610,Mass,0.0008881578947368,Low,0,5447292.11,0,Normal,No action needed,7
CUST043652,Mass,0.00075,Low,0,7459467.3,0,Normal,No action needed,7
CUST040809,Ultra HNI,0.0070133248394117,Low,0,66618726.4,1,High frequency trader,Flag for algo trading review — separate model needed,7
CUST023770,HNI,0.1827356860000797,Low,0,35964734.980000004,0,Normal,No action needed,7
CUST002545,Affluent,0.0012847887693088,Low,0,18716925.06,0,Normal,No action needed,7
CUST029341,Affluent,0.2746884565372507,Low,0,12916379.23,0,Normal,No action needed,7
CUST049535,Mass,0.0014705882352941,Low,0,5268412.14,0,Normal,No action needed,7
CUST026552,Affluent,0.0026470588235294,Low,0,14348155.31,0,Normal,No action needed,7
CUST007832,Affluent,0.128260061309084,Low,0,18619423.74,0,Normal,No action needed,7
CUST021483,Affluent,0.0003571428571428,Low,0,15819573.19,0,Normal,No action needed,7
CUST000393,Mass,0.0076691490672515,Low,0,9817499.88,0,Normal,No action needed,7
CUST013911,Mass,0.0,,0,4115231.69,0,Normal,No action needed,7
CUST016210,Affluent,0.0,,0,17982459.59,0,Normal,No action needed,7
CUST041388,Mass,0.0003571428571428,Low,0,5776760.0,0,Normal,No action needed,7
CUST034583,HNI,0.0003571428571428,Low,0,26260266.44,0,Normal,No action needed,7
CUST003503,Mass,0.0020801803731201,Low,0,4038405.37,0,Normal,No action needed,7
CUST000253,Mass,0.0,,0,7544322.41,0,Normal,No action needed,7
CUST012455,Affluent,0.1684864511404958,Low,0,13663963.72,0,Normal,No action needed,7
CUST001396,Mass,0.0004279169527691,Low,0,7570043.890000001,0,Normal,No action needed,7
CUST031998,HNI,0.0,,0,47740183.97,0,Normal,No action needed,7
CUST008390,Mass,0.1024324270100339,Low,1,3906652.63,0,Normal,No action needed,7
CUST017112,Mass,0.0011904761904761,Low,0,3852467.21,0,Normal,No action needed,7
CUST031811,Mass,0.0003206562266964,Low,0,6418040.5600000005,0,Normal,No action needed,7
CUST037437,Mass,0.0030922895473979,Low,0,3762093.66,0,Normal,No action needed,7
CUST023693,Mass,0.0006521739130434,Low,0,10983333.89,0,Normal,No action needed,7
CUST003510,Mass,0.1376191411645974,Low,0,8657387.92,0,Normal,No action needed,7
CUST013262,Mass,0.0007320663811563,Low,0,10384687.74,0,Normal,No action needed,7
CUST033403,Affluent,0.0005851851851851,Low,0,21008855.71,0,Normal,No action needed,7
CUST008409,Affluent,0.0022652116402116,Low,0,11536654.78,0,Normal,No action needed,7
CUST035259,Affluent,0.000253164556962,Low,0,20740049.18,0,Normal,No action needed,7
CUST000117,HNI,0.0070653164531883,Low,0,40622569.46,0,Normal,No action needed,7
CUST001123,Mass,0.0017857142857142,Low,0,9520995.84,0,Normal,No action needed,7
CUST010085,Mass,0.0037329454881867,Low,0,7463332.67,0,Normal,No action needed,7
CUST002026,Mass,0.0018333333333333,Low,0,6833679.2,0,Normal,No action needed,7
CUST031052,HNI,0.0035879629629629,Low,0,44303182.45,0,Normal,No action needed,7
CUST000996,Mass,0.0,,0,11378532.53,0,Normal,No action needed,7
CUST046038,Mass,0.0274053898114269,Low,0,3574294.23,0,Normal,No action needed,7
CUST017818,Mass,0.0001289134438305,Low,0,6725225.38,0,Normal,No action needed,7
CUST010023,Mass,0.0019907407407407,Low,0,14656701.84,0,Normal,No action needed,7
CUST027008,Mass,0.1547370075392659,Low,0,6161010.3,0,Normal,No action needed,7
CUST015069,Mass,0.1608996670200676,Low,0,9120652.06,0,Normal,No action needed,7
CUST034651,Mass,0.0,,0,5328756.39,0,Normal,No action needed,7
CUST020574,Mass,0.0001401869158878,Low,0,6966697.97,0,Normal,No action needed,7
CUST012761,Mass,0.1922988625437386,Low,0,6990792.99,0,Normal,No action needed,7
CUST029259,Affluent,0.0005844155844155,Low,0,26657409.96,0,Normal,No action needed,7
CUST024879,Affluent,0.00125,Low,0,16038763.2,0,Normal,No action needed,7
CUST013359,HNI,0.0,,0,35361646.980000004,0,Normal,No action needed,7
CUST020781,Ultra HNI,0.0009375,Low,0,87916052.74,1,High frequency trader,Flag for algo trading review — separate model needed,7
CUST048391,Mass,0.0004449152542372,Low,0,6360737.840000001,0,Normal,No action needed,7
CUST000875,HNI,3.816793893129771e-05,Low,0,41071825.08,0,Normal,No action needed,7
CUST012611,Mass,0.0040367965367965,Low,0,11890665.45,0,Normal,No action needed,7
CUST016795,Mass,0.0008097866614791,Low,0,7694677.489999999,0,Normal,No action needed,7
CUST033583,Ultra HNI,0.0073242322291235,Low,0,65078211.03,1,High frequency trader,Flag for algo trading review — separate model needed,7
CUST047317,Mass,0.2861419505166724,Low,0,9970577.88,0,Normal,No action needed,7
CUST047762,Mass,0.2123785736071191,Low,0,10624256.27,0,Normal,No action needed,7
CUST033819,HNI,0.0020833333333333,Low,0,33931640.07,0,Normal,No action needed,7
CUST035183,Affluent,9.09090909090909e-05,Low,0,21265829.75,0,Normal,No action needed,7
CUST042950,Mass,0.1630906847538123,Low,0,2127877.35,0,Normal,No action needed,7
CUST037839,Affluent,0.0016445682952042,Low,0,16387026.55,0,Normal,No action needed,7
CUST031854,Affluent,0.0003571428571428,Low,0,29277032.43,0,Normal,No action needed,7
CUST025455,HNI,0.0001412429378531,Low,0,55641627.39,0,Normal,No action needed,7
CUST005825,HNI,0.0002833333333333,Low,0,38443833.11,0,Normal,No action needed,7
CUST010512,Ultra HNI,0.0009375,Low,0,95093200.66,1,High frequency trader,Flag for algo trading review — separate model needed,7
CUST009493,Mass,0.0084633981214863,Low,0,8533300.42,0,Normal,No action needed,7
CUST048698,Affluent,0.0,,0,17311168.25,0,Normal,No action needed,7
CUST047180,Mass,0.0027655677655677,Low,0,4787463.04,0,Normal,No action needed,7
CUST043626,Affluent,0.004791774695359,Low,0,12062581.99,0,Normal,No action needed,7
CUST046121,HNI,0.0005882352941176,Low,0,35953992.36,0,Normal,No action needed,7
CUST017814,Mass,0.0132825381140598,Low,0,1829308.21,0,Normal,No action needed,7
CUST016810,Mass,0.00032877882152,Low,0,10035481.34,0,Normal,No action needed,7
CUST022127,Affluent,0.0003571428571428,Low,0,17959468.19,0,Normal,No action needed,7
CUST025035,Ultra HNI,0.0065213624095203,Low,0,74183601.14,1,High frequency trader,Flag for algo trading review — separate model needed,7
CUST031945,HNI,0.1161833494306885,Low,0,29959480.42,0,Normal,No action needed,7
CUST019407,Affluent,0.0008677685950413,Low,0,15400750.04,0,Normal,No action needed,7
CUST015981,Mass,0.1298837712811088,Low,0,8783547.37,0,Normal,No action needed,7
CUST022105,Mass,0.0011111111111111,Low,0,4145424.51,0,Normal,No action needed,7
CUST003835,Mass,0.000254691689008,Low,0,13314741.99,0,Normal,No action needed,7
CUST022839,Mass,0.0009774928774928,Low,0,5707815.29,0,Normal,No action needed,7
CUST038119,Mass,0.0110205258700109,Low,0,3749114.01,0,Normal,No action needed,7
CUST000026,Mass,0.0011710164835164,Low,0,8106502.94,0,Normal,No action needed,7
CUST006486,HNI,0.0060983923483923,Low,0,38648058.21,0,Normal,No action needed,7
CUST032159,Affluent,0.001050333846944,Low,0,16105457.47,0,Normal,No action needed,7
CUST025857,Mass,0.0005555555555555,Low,0,10903443.38,0,Normal,No action needed,7
CUST003742,Mass,0.0005544450790024,Low,0,5499675.31,0,Normal,No action needed,7
CUST010927,Ultra HNI,0.0122266002415458,Low,0,72932905.18,1,High frequency trader,Flag for algo trading review — separate model needed,7
CUST024697,Mass,0.0117362008906126,Low,0,2709396.15,0,Normal,No action needed,7
CUST041840,HNI,0.0023570547099958,Low,0,45039802.45,0,Normal,No action needed,7
CUST048693,Mass,0.0004567307692307,Low,0,7682668.630000001,0,Normal,No action needed,7
CUST035888,Affluent,0.0,,0,13149328.18,0,Normal,No action needed,7
CUST005510,Mass,0.0032506613756613,Low,0,8066993.75,0,Normal,No action needed,7
CUST005889,Mass,0.1668709919676108,Low,0,10011813.340000002,0,Normal,No action needed,7
CUST024639,Mass,0.0008963141214333,Low,0,5666283.47,0,Normal,No action needed,7
CUST027744,Mass,0.0061583850931677,Low,0,3456730.73,0,Normal,No action needed,7
CUST031036,Affluent,0.0021671826625387,Low,0,22396661.69,0,Normal,No action needed,7
CUST008906,Mass,0.0001923076923076,Low,0,7134404.3,0,Normal,No action needed,7
CUST045669,Mass,0.003248473917869,Low,0,9330670.14,0,Normal,No action needed,7
CUST035217,Affluent,0.1822180774615791,Low,0,15937945.15,0,Normal,No action needed,7
CUST048985,Affluent,0.000576923076923,Low,0,19805654.43,0,Normal,No action needed,7
CUST034006,Mass,0.1456450839998387,Low,1,7134650.23,1,Other anomaly,No action needed,7
CUST003594,Affluent,0.0,,0,24716170.25,0,Normal,No action needed,7
CUST048475,Mass,0.1024831197848871,Low,0,8267439.81,0,Normal,No action needed,7
CUST037454,Mass,0.0,,0,6963950.04,0,Normal,No action needed,7
CUST008046,Affluent,0.00032877882152,Low,0,19482391.59,0,Normal,No action needed,7
CUST048063,Mass,0.0005803571428571,Low,0,6889423.850000001,0,Normal,No action needed,7
CUST035399,Affluent,0.0052272727272727,Low,0,7415731.59,0,Normal,No action needed,7
CUST013818,HNI,0.0004444444444444,Low,0,42887066.91,0,Normal,No action needed,7
CUST044273,Mass,0.0001401869158878,Low,0,6556902.2,0,Normal,No action needed,7
CUST007903,Affluent,0.0002,Low,0,11231198.17,0,Normal,No action needed,7
CUST025538,Affluent,0.0013461538461538,Low,0,21089266.44,0,Normal,No action needed,7
CUST000702,Affluent,0.0014705882352941,Low,0,22560852.0,0,Normal,No action needed,7
CUST006652,HNI,0.0014215686274509,Low,0,30719071.81,0,Normal,No action needed,7
CUST033114,Mass,0.1475126943828934,Low,1,3980000.31,0,Normal,No action needed,7
CUST027528,Affluent,0.0003571428571428,Low,0,13273865.37,0,Normal,No action needed,7
CUST028287,Mass,0.0010835913312693,Low,0,5846961.44,0,Normal,No action needed,7
CUST033269,Mass,0.0039550264550264,Low,0,6184592.48,0,Normal,No action needed,7
CUST033020,Affluent,0.0012,Low,0,22287454.39,0,Normal,No action needed,7
CUST043914,Affluent,0.0,,0,12566860.49,0,Normal,No action needed,7
CUST007483,Mass,0.0004567307692307,Low,0,9970186.95,0,Normal,No action needed,7
CUST025223,HNI,0.0002631578947368,Low,0,31784008.28,0,Normal,No action needed,7
CUST017580,Affluent,0.1991883970819689,Low,0,13813138.41,0,Normal,No action needed,7
CUST022238,Mass,0.0,,0,5748350.12,0,Normal,No action needed,7
CUST013164,Affluent,0.0013912429378531,Low,0,15931197.87,0,Normal,No action needed,7
CUST035160,Affluent,0.0,,0,25066376.87,0,Normal,No action needed,7
CUST036041,Mass,0.0,,0,2495427.52,0,Normal,No action needed,7
CUST020659,HNI,0.002516339869281,Low,0,41953143.04,0,Normal,No action needed,7
CUST030188,HNI,0.0002941176470588,Low,0,31341537.6,0,Normal,No action needed,7
CUST011826,Mass,0.1514354486692266,Low,0,8973427.040000001,0,Normal,No action needed,7
CUST046485,Mass,0.0001289134438305,Low,0,7154458.350000001,0,Normal,No action needed,7
CUST044350,HNI,0.1763586983116377,Low,0,49474554.0,1,Other anomaly,No action needed,7
CUST008804,Affluent,0.0,,0,21115284.3,0,Normal,No action needed,7
CUST012584,Mass,0.007071801349138,Low,0,6963957.54,0,Normal,No action needed,7
CUST012413,Mass,0.0031714770797962,Low,0,2683586.74,0,Normal,No action needed,7
CUST044644,Mass,0.1615984298389093,Low,0,4214553.56,0,Normal,No action needed,7
CUST000466,Mass,0.0,,0,7841709.7,0,Normal,No action needed,7
CUST023269,Mass,0.1387488586520067,Low,0,5699519.62,0,Normal,No action needed,7
CUST048114,Affluent,0.0040187088274044,Low,0,13718619.18,0,Normal,No action needed,7
CUST008736,Mass,0.1553125957759694,Low,0,9587509.56,0,Normal,No action needed,7
CUST035830,Mass,0.0,,0,7779435.74,0,Normal,No action needed,7
CUST025213,Mass,0.0083733941852603,Low,0,3277888.97,0,Normal,No action needed,7
CUST024476,Mass,0.0129019688644688,Low,0,2819618.46,0,Normal,No action needed,7
CUST039324,Affluent,0.0,,0,19596113.43,0,Normal,No action needed,7
CUST011690,HNI,0.0035714285714285,Low,0,32621983.85,0,Normal,No action needed,7
CUST009632,Mass,0.148094788497214,Low,0,8397610.16,0,Normal,No action needed,7
CUST038980,Mass,0.0029072398190045,Low,0,3595030.12,0,Normal,No action needed,7
CUST046557,Affluent,0.0,,0,16333356.430000002,0,Normal,No action needed,7
CUST022613,Affluent,0.0,,0,17515217.38,0,Normal,No action needed,7
CUST032973,HNI,0.0019298245614035,Low,0,63119087.54,1,Other anomaly,No action needed,7
CUST015199,Affluent,0.0015784899014158,Low,0,9691032.3,0,Normal,No action needed,7
CUST037863,Mass,0.0079440613026819,Low,0,5717904.14,0,Normal,No action needed,7
CUST011426,Mass,0.0,,0,6211573.48,0,Normal,No action needed,7
CUST000765,Ultra HNI,0.246149601105031,Low,0,74015652.06,1,High frequency trader,Flag for algo trading review — separate model needed,7
CUST030793,Mass,0.0,,0,5904206.959999999,0,Normal,No action needed,7
CUST046561,Mass,0.1600814266165922,Low,1,2888601.41,0,Normal,No action needed,7
CUST018991,Mass,0.0008719382779785,Low,0,6664566.640000001,0,Normal,No action needed,7
CUST015632,Ultra HNI,0.0023809523809523,Low,0,82272824.95,1,High frequency trader,Flag for algo trading review — separate model needed,7
CUST018325,Mass,0.0010869565217391,Low,0,9689073.4,0,Normal,No action needed,7
CUST027140,Mass,0.115023264607517,Low,0,6111827.13,0,Normal,No action needed,7
CUST027410,Affluent,0.001,Low,0,16991613.1,0,Normal,No action needed,7
CUST013546,Mass,0.0040831244778613,Low,0,11340452.12,0,Normal,No action needed,7
CUST029412,Mass,0.0007455801104972,Low,0,8124486.33,0,Normal,No action needed,7
CUST018481,Mass,0.1467720646562949,Low,0,5456204.83,0,Normal,No action needed,7
CUST028833,Affluent,0.1878263035310509,Low,0,17801531.24,0,Normal,No action needed,7
CUST027431,HNI,0.008039570532514,Low,0,52873327.64,1,High frequency trader,Flag for algo trading review — separate model needed,7
CUST006511,Affluent,0.0,,0,20502914.38,0,Normal,No action needed,7
CUST009131,HNI,0.0,,0,29267593.28,0,Normal,No action needed,7
CUST026877,Mass,0.005,Low,0,5261464.04,0,Normal,No action needed,7
CUST049628,Ultra HNI,0.0023668546365914,Low,0,77640011.76,1,High frequency trader,Flag for algo trading review — separate model needed,7
CUST013072,HNI,0.002,Low,0,41658950.98,0,Normal,No action needed,7
CUST002855,Affluent,0.1783696888598773,Low,0,21919820.23,0,Normal,No action needed,7
CUST021858,Mass,0.0111727290522066,Low,0,10724599.18,0,Normal,No action needed,7
CUST005430,Ultra HNI,0.0039591165413533,Low,0,64177396.12,1,High frequency trader,Flag for algo trading review — separate model needed,7
CUST042517,Mass,0.0048208791208791,Low,0,1893919.84,0,Normal,No action needed,7
CUST010227,HNI,8.249585172662096e-05,Low,0,41349298.89,0,Normal,No action needed,7
CUST025603,Mass,0.0,,0,8368817.04,0,Normal,No action needed,7
CUST011774,Mass,0.000782208588957,Low,0,10153733.1,0,Normal,No action needed,7
CUST029530,Mass,0.1256877556544692,Low,0,6387332.85,0,Normal,No action needed,7
CUST014984,Mass,0.0101203565794022,Low,0,3775849.86,0,Normal,No action needed,7
CUST007478,Affluent,0.0010117403314917,Low,0,15382132.28,0,Normal,No action needed,7
CUST034736,Mass,0.0045089285714285,Low,0,6057592.94,0,Normal,No action needed,7
CUST009529,Mass,0.0034552401746724,Low,0,7962725.38,0,Normal,No action needed,7
CUST013634,Mass,0.0,,0,6490948.36,0,Normal,No action needed,7
CUST030822,Mass,0.0003846153846153,Low,0,6646764.0,0,Normal,No action needed,7
CUST011786,Affluent,0.1272790366867318,Low,0,18088325.35,0,Normal,No action needed,7
CUST021546,Affluent,0.001047619047619,Low,0,9679229.46,0,Normal,No action needed,7
CUST019667,Affluent,0.0041243961352657,Low,0,23445127.36,0,Normal,No action needed,7
CUST040071,HNI,0.0010144927536231,Low,0,34165306.37,0,Normal,No action needed,7
CUST047310,Affluent,0.0007894736842105,Low,0,10307726.12,0,Normal,No action needed,7
CUST000373,Mass,0.0021082621082621,Low,0,4300538.51,0,Normal,No action needed,7
CUST040009,HNI,0.0,,0,41542352.79,0,Normal,No action needed,7
CUST035849,Mass,0.0008285203870759,Low,0,11393343.7,0,Normal,No action needed,7
CUST017531,Affluent,0.0019354838709677,Low,0,17921267.89,0,Normal,No action needed,7
CUST045248,Affluent,0.1053973666431023,Low,0,18266712.33,0,Normal,No action needed,7
CUST021553,Mass,0.1849118488526894,Low,0,5725748.090000001,0,Normal,No action needed,7
CUST034423,HNI,0.0,,0,55707756.92,0,Normal,No action needed,7
CUST021018,Mass,0.0,,0,5314486.27,0,Normal,No action needed,7
CUST028502,Affluent,2.9585798816568047e-05,Low,0,22839357.42,0,Normal,No action needed,7
CUST038088,Mass,0.0,,0,12732953.04,0,Normal,No action needed,7
CUST026928,Mass,0.0073541666666666,Low,0,1738764.8,0,Normal,No action needed,7
CUST000171,Affluent,0.00032877882152,Low,0,19215264.33,0,Normal,No action needed,7
CUST045832,Affluent,0.0034285714285714,Low,0,19078805.99,0,Normal,No action needed,7
CUST048368,Mass,0.0038339947089947,Low,0,3979979.08,0,Normal,No action needed,7
CUST016431,Mass,0.0011304347826086,Low,0,8711203.02,0,Normal,No action needed,7
CUST024702,Affluent,0.0050461233729485,Low,0,7082517.65,0,Normal,No action needed,7
CUST018376,Affluent,0.0024052287581699,Low,0,21001819.04,0,Normal,No action needed,7
CUST009815,Mass,0.0010714285714285,Low,0,8163027.109999999,0,Normal,No action needed,7
CUST037336,Affluent,0.0013585434173669,Low,0,12412280.47,0,Normal,No action needed,7
CUST016523,Mass,0.002301282051282,Low,0,14657816.83,0,Normal,No action needed,7
CUST031041,Mass,0.0016013153513153,Low,0,5461107.45,0,Normal,No action needed,7
CUST033534,Mass,0.0008333333333333,Low,0,4228581.7700000005,0,Normal,No action needed,7
CUST000623,Mass,0.0024625374625374,Low,0,10179862.12,0,Normal,No action needed,7
CUST030605,Affluent,0.003235294117647,Low,0,10190745.29,0,Normal,No action needed,7
CUST034700,Mass,0.0021013513513513,Low,0,7223669.25,0,Normal,No action needed,7
CUST018602,Mass,0.0031672932330827,Low,0,9366273.9,0,Normal,No action needed,7
CUST005654,HNI,0.0093725332640086,Low,0,44642286.95,1,Other anomaly,No action needed,7
CUST025071,Affluent,0.0,,0,18911314.71,0,Normal,No action needed,7
CUST046085,Mass,0.0034552401746724,Low,0,6316360.98,0,Normal,No action needed,7
CUST000975,Mass,0.0075388888888888,Low,0,2466877.85,0,Normal,No action needed,7
CUST036051,Mass,0.1052099550671444,Low,0,2359587.28,0,Normal,No action needed,7
CUST028797,Affluent,0.171911876988114,Low,0,16640279.54,0,Normal,No action needed,7
CUST008868,Mass,0.0022052401746724,Low,0,10062479.19,0,Normal,No action needed,7
CUST012563,Mass,0.0002829402765786,Low,0,7266465.66,0,Normal,No action needed,7
CUST043244,Mass,0.0056399676327088,Low,0,4992732.94,0,Normal,No action needed,7
CUST004090,Affluent,0.0001412429378531,Low,0,19809633.63,0,Normal,No action needed,7
CUST044482,Affluent,0.0,,0,21785262.37,0,Normal,No action needed,7
CUST027689,Mass,0.0091060012166797,Low,0,13207594.55,0,Normal,No action needed,7
CUST045092,Mass,0.0007692307692307,Low,0,4112061.58,0,Normal,No action needed,7
CUST044254,Mass,0.1853243675448064,Low,0,12228858.26,0,Normal,No action needed,7
CUST042547,HNI,0.2163454398077247,Low,0,29699058.71,0,Normal,No action needed,7
CUST026057,Affluent,0.0017857142857142,Low,0,12927518.51,0,Normal,No action needed,7
CUST022605,Affluent,0.002,Low,0,10554514.26,0,Normal,No action needed,7
CUST045806,Affluent,0.0932741126845699,Low,0,22237025.93,0,Normal,No action needed,7
CUST008064,Mass,0.1177509781634776,Low,0,1858221.8,0,Normal,No action needed,7
CUST015592,Mass,4.1666666666666665e-05,Low,0,4280091.96,0,Normal,No action needed,7
CUST024407,Affluent,0.0010714285714285,Low,0,17361345.56,0,Normal,No action needed,7
CUST042415,Mass,0.0,,0,5252366.91,0,Normal,No action needed,7
CUST032423,Affluent,0.0,,0,13007254.34,0,Normal,No action needed,7
CUST018814,Mass,0.2096451687729541,Low,0,9149288.14,0,Normal,No action needed,7
CUST004027,HNI,0.0035555555555555,Low,0,31259392.08,0,Normal,No action needed,7
CUST023439,HNI,0.1159719772946107,Low,0,42246177.92,0,Normal,No action needed,7
CUST048057,HNI,0.0006601890779303,Low,0,45958654.24,1,Other anomaly,No action needed,7
CUST005823,HNI,0.0,,0,53526840.95,1,Other anomaly,No action needed,7
CUST013572,Mass,0.0004545454545454,Low,0,5489318.58,0,Normal,No action needed,7
CUST043373,Affluent,0.0,,0,22223160.39,0,Normal,No action needed,7
CUST022115,Ultra HNI,0.0055945700368713,Low,0,62821166.9,1,High frequency trader,Flag for algo trading review — separate model needed,7
CUST042584,Affluent,0.0003982683982683,Low,0,13082197.04,0,Normal,No action needed,7
CUST037737,Affluent,0.0,,0,17203830.71,0,Normal,No action needed,7
CUST024774,Affluent,0.0017857142857142,Low,0,14097812.6,0,Normal,No action needed,7
CUST026540,Mass,0.000954334365325,Low,0,6641770.83,0,Normal,No action needed,7
CUST007131,Affluent,0.0014705882352941,Low,0,18075478.13,0,Normal,No action needed,7
CUST026384,Mass,0.0,,0,8914554.08,0,Normal,No action needed,7
CUST008150,Mass,0.0001666666666666,Low,0,10147147.58,0,Normal,No action needed,7
CUST045561,Affluent,0.155798439197718,Low,0,14980090.39,0,Normal,No action needed,7
CUST036023,Mass,0.0089598180233191,Low,0,2361615.33,0,Normal,No action needed,7
CUST035781,Affluent,0.0,,0,11584676.52,0,Normal,No action needed,7
CUST032874,Mass,0.0,,0,6663480.92,0,Normal,No action needed,7
CUST007592,Affluent,0.0002272727272727,Low,0,14621055.9,0,Normal,No action needed,7
CUST026163,Mass,0.0001289134438305,Low,0,11666368.76,0,Normal,No action needed,7
CUST002054,Mass,0.0001401869158878,Low,0,6289743.28,0,Normal,No action needed,7
CUST019896,Mass,0.0946753366019391,Low,0,4607788.21,0,Normal,No action needed,7
CUST004182,Mass,0.1281687082020796,Low,0,5628863.37,0,Normal,No action needed,7
CUST033830,Affluent,0.1440559924511526,Low,0,10297533.06,0,Normal,No action needed,7
CUST030377,Mass,0.0029606997364006,Low,0,5467831.94,0,Normal,No action needed,7
CUST049934,HNI,0.1392595202512837,Low,0,36935550.1,0,Normal,No action needed,7
CUST044256,Mass,0.0010344827586206,Low,0,3232071.71,0,Normal,No action needed,7
CUST048710,Mass,0.1639847744238154,Low,0,3479807.8200000003,0,Normal,No action needed,7
CUST033203,Mass,0.000782208588957,Low,0,7944213.26,0,Normal,No action needed,7
CUST041110,HNI,0.0004444444444444,Low,0,37269320.65,0,Normal,No action needed,7
CUST041111,HNI,0.0,,0,44897276.32,0,Normal,No action needed,7
CUST044144,Affluent,0.0002941176470588,Low,0,12910171.26,0,Normal,No action needed,7
CUST001064,Affluent,0.0,,0,14338199.1,0,Normal,No action needed,7
CUST040594,Mass,0.0,,0,7049749.83,0,Normal,No action needed,7
CUST023966,Ultra HNI,0.0015384615384615,Low,0,80961666.74,1,High frequency trader,Flag for algo trading review — separate model needed,7
CUST035942,Affluent,0.0005934489402697,Low,0,21455155.17,0,Normal,No action needed,7
CUST039925,Mass,0.0,,0,6267835.91,0,Normal,No action needed,7
CUST006883,Affluent,0.0,,0,18472527.04,0,Normal,No action needed,7
CUST008684,Affluent,0.0,,0,15610786.89,0,Normal,No action needed,7
CUST041005,Mass,0.0,,0,7400262.45,0,Normal,No action needed,7
CUST031200,Mass,0.001,Low,0,5564778.04,0,Normal,No action needed,7
CUST003457,Mass,0.1754896974958337,Low,0,7306494.91,0,Normal,No action needed,7
CUST039629,Ultra HNI,0.0,,0,65096692.13,1,High frequency trader,Flag for algo trading review — separate model needed,7
CUST017034,Mass,0.002391304347826,Low,0,4605598.23,0,Normal,No action needed,7
CUST042523,Affluent,0.0,,0,17244870.41,0,Normal,No action needed,7
CUST008522,Mass,0.0004347826086956,Low,0,7906361.57,0,Normal,No action needed,7
CUST029794,Affluent,0.094318175831551,Low,0,15687851.52,0,Normal,No action needed,7
CUST045054,Affluent,0.0,,0,13387829.94,0,Normal,No action needed,7
CUST004850,Mass,0.001891447368421,Low,0,2992934.16,0,Normal,No action needed,7
CUST046531,Mass,0.0005559786747905,Low,0,6779148.17,0,Normal,No action needed,7
CUST019254,Mass,0.0065537749287749,Low,0,6357062.14,0,Normal,No action needed,7
CUST016022,Mass,0.0006,Low,0,4546272.33,0,Normal,No action needed,7
CUST005301,Mass,0.0030862777573303,Low,0,7269737.65,0,Normal,No action needed,7
CUST015828,Mass,0.0,,0,8231319.8,0,Normal,No action needed,7
CUST015491,HNI,0.1452067090411845,Low,0,37546145.87,0,Normal,No action needed,7
CUST038707,HNI,0.180140755885876,Low,0,31545323.5,0,Normal,No action needed,7
CUST018528,Mass,0.1955484823109636,Low,0,2390762.75,0,Normal,No action needed,7
CUST046578,HNI,0.0,,0,29261427.67,0,Normal,No action needed,7
CUST008009,Ultra HNI,0.0009640938648572,Low,0,64162948.95,1,High frequency trader,Flag for algo trading review — separate model needed,7
CUST036848,Mass,0.0014108499525166,Low,0,7817315.54,0,Normal,No action needed,7
CUST034667,Mass,0.0008097866614791,Low,0,4706393.609999999,0,Normal,No action needed,7
CUST040888,Mass,0.0065356378097277,Low,0,9279481.72,0,Normal,No action needed,7
CUST018450,Affluent,0.1313023185853526,Low,0,13739048.17,0,Normal,No action needed,7
CUST047071,Mass,0.0,,0,5240942.03,0,Normal,No action needed,7
CUST023960,Mass,0.1533657381298369,Low,0,7745795.7,0,Normal,No action needed,7
CUST001886,Mass,0.0001315789473684,Low,0,5319299.119999999,0,Normal,No action needed,7
CUST023569,Mass,0.0,,0,6492955.23,0,Normal,No action needed,7
CUST009179,Mass,0.0007323232323232,Low,0,2287814.55,0,Normal,No action needed,7
CUST049682,Mass,0.0003571428571428,Low,0,10768470.92,0,Normal,No action needed,7
CUST025765,Affluent,0.0,,0,14654590.38,0,Normal,No action needed,7
CUST011178,Mass,0.0029250657318141,Low,0,11468429.72,0,Normal,No action needed,7
CUST026676,Mass,0.0749865547025879,Low,0,3526677.04,0,Normal,No action needed,7
CUST037082,Affluent,0.1981260351229608,Low,0,14667171.71,0,Normal,No action needed,7
CUST012991,HNI,0.126967668194626,Low,0,30555126.07,0,Normal,No action needed,7
CUST039976,Affluent,0.165638279677924,Low,0,10138927.15,0,Normal,No action needed,7
CUST005701,Mass,0.0003206562266964,Low,0,6030218.49,0,Normal,No action needed,7
CUST017460,Mass,0.0009090909090909,Low,0,4970675.96,0,Normal,No action needed,7
CUST030664,Affluent,0.0012715612560813,Low,0,32128282.85,0,Normal,No action needed,7
CUST011191,Mass,4.1666666666666665e-05,Low,0,4179667.42,0,Normal,No action needed,7
CUST044085,Affluent,0.0002927436935534,Low,0,18938407.86,0,Normal,No action needed,7
CUST023799,Mass,0.00075,Low,0,6789617.66,0,Normal,No action needed,7
CUST023100,Mass,0.1628406370240151,Low,0,6015857.359999999,0,Normal,No action needed,7
CUST000602,Affluent,5.6657223796034e-05,Low,0,21785858.84,0,Normal,No action needed,7
CUST039195,Mass,0.0,,0,9661735.430000002,0,Normal,No action needed,7
CUST046515,Affluent,0.0028023809523809,Low,0,21578851.69,0,Normal,No action needed,7
CUST006889,Mass,0.0015263157894736,Low,0,4576064.54,0,Normal,No action needed,7
CUST014804,Affluent,0.0010117403314917,Low,0,16001403.63,0,Normal,No action needed,7
CUST046636,Mass,0.0001072607260726,Low,0,10403793.57,0,Normal,No action needed,7
CUST006052,Mass,0.0001013513513513,Low,0,4582449.68,0,Normal,No action needed,7
CUST037891,Mass,0.0001086956521739,Low,0,10974557.85,0,Normal,No action needed,7
CUST005571,Affluent,0.0007846153846153,Low,0,11742863.3,0,Normal,No action needed,7
CUST038858,Mass,0.1086674564661327,Low,0,3161029.81,0,Normal,No action needed,7
CUST030023,Affluent,0.0873709258076557,Low,0,15636270.92,0,Normal,No action needed,7
CUST037281,Affluent,0.0008749999999999,Low,0,20487559.0,0,Normal,No action needed,7
CUST032162,Mass,0.0073242465867465,Low,0,3267613.58,0,Normal,No action needed,7
CUST048715,Mass,0.0,,0,3409409.07,0,Normal,No action needed,7
CUST025944,Affluent,0.0006787330316742,Low,0,13842716.54,0,Normal,No action needed,7
CUST009825,HNI,0.0001412429378531,Low,0,35958081.63,0,Normal,No action needed,7
CUST036025,Mass,0.0004279169527691,Low,0,7957033.27,0,Normal,No action needed,7
CUST009593,HNI,0.1327971793946741,Low,0,34183910.33,0,Normal,No action needed,7
CUST009583,Mass,0.0008,Low,0,4018900.63,0,Normal,No action needed,7
CUST035747,Mass,0.1715827748201759,Low,0,3583351.71,0,Normal,No action needed,7
CUST032623,Mass,0.0039862836438923,Low,0,2703516.25,0,Normal,No action needed,7
CUST012342,Mass,0.1220853246505258,Low,1,2047788.93,0,Normal,No action needed,7
CUST041877,Mass,0.0004279169527691,Low,0,5981090.3,0,Normal,No action needed,7
CUST013168,Mass,0.1648070884993229,Low,0,3695019.41,0,Normal,No action needed,7
CUST013082,Affluent,0.0009523809523809,Low,0,14485112.46,0,Normal,No action needed,7
CUST027324,Mass,0.002845238095238,Low,0,3221407.7,0,Normal,No action needed,7
CUST024978,Mass,0.0,,0,9442676.53,0,Normal,No action needed,7
CUST003159,Mass,0.1334856064313014,Low,0,6488157.73,0,Normal,No action needed,7
CUST037129,Mass,0.0024197860962566,Low,0,6404580.98,0,Normal,No action needed,7
CUST018460,HNI,0.1504610620145673,Low,0,40616212.93,0,Normal,No action needed,7
CUST015752,Mass,0.0004567307692307,Low,0,7822788.66,0,Normal,No action needed,7
CUST010951,Mass,0.001536541889483,Low,0,3406260.2,0,Normal,No action needed,7
CUST005056,Affluent,0.0,,0,17383926.31,0,Normal,No action needed,7
CUST026330,Affluent,0.0,,0,9971040.02,0,Normal,No action needed,7
CUST011749,Affluent,0.0,,0,10564778.73,0,Normal,No action needed,7
CUST021743,Mass,0.0006089743589743,Low,0,4967743.33,0,Normal,No action needed,7
CUST049112,Affluent,0.0006388009354111,Low,0,16155946.64,0,Normal,No action needed,7
CUST002365,Mass,0.001774193548387,Low,0,3573777.7,0,Normal,No action needed,7
CUST022877,Mass,0.0,,0,6275284.72,0,Normal,No action needed,7
CUST049029,Mass,0.0956033387504526,Low,0,3855613.36,0,Normal,No action needed,7
CUST027718,Affluent,0.0013368983957219,Low,0,11026915.66,0,Normal,No action needed,7
CUST040538,Affluent,0.0004580891663476,Low,0,20459167.52,0,Normal,No action needed,7
CUST030948,Mass,0.0,,0,6567213.4,0,Normal,No action needed,7
CUST031047,Mass,0.0004012345679012,Low,0,8054175.38,0,Normal,No action needed,7
CUST015736,Affluent,0.1347653937038649,Low,0,13046889.07,0,Normal,No action needed,7
CUST031680,HNI,0.1406850705074973,Low,0,30823821.32,0,Normal,No action needed,7
CUST007127,Mass,0.0,,0,5049280.75,0,Normal,No action needed,7
CUST009349,Mass,0.0005035971223021,Low,0,9750960.08,0,Normal,No action needed,7
CUST047838,Mass,0.0007142857142857,Low,0,7615293.5,0,Normal,No action needed,7
CUST001874,Affluent,0.0004545454545454,Low,0,17528887.7,0,Normal,No action needed,7
CUST028256,Mass,0.0008095238095238,Low,0,5257871.32,0,Normal,No action needed,7
CUST007830,Mass,0.0023903957234599,Low,0,8503026.13,0,Normal,No action needed,7
CUST040184,HNI,0.0,,0,41494713.4,0,Normal,No action needed,7
CUST005294,Ultra HNI,0.0,,0,88027802.73,1,High frequency trader,Flag for algo trading review — separate model needed,7
CUST049084,Affluent,0.0,,0,18963803.52,0,Normal,No action needed,7
CUST015560,Affluent,0.0031960227272727,Low,0,11365692.97,0,Normal,No action needed,7
CUST010803,Affluent,0.0046096009253903,Low,0,20457442.73,0,Normal,No action needed,7
CUST044356,Affluent,0.0,,0,16669816.24,0,Normal,No action needed,7
CUST027370,Affluent,0.0,,0,15371589.6,0,Normal,No action needed,7
CUST042354,Mass,0.0016766759393512,Low,0,7115135.97,0,Normal,No action needed,7
CUST021199,Mass,0.0,,0,8635872.1,0,Normal,No action needed,7
CUST028375,HNI,0.0001388888888888,Low,0,49668114.13,0,Normal,No action needed,7
CUST035718,Affluent,0.0,,0,10663136.13,0,Normal,No action needed,7
CUST017129,Mass,0.0,,0,3909069.0,0,Normal,No action needed,7
CUST006544,Mass,0.1606934954865976,Low,0,4321725.58,0,Normal,No action needed,7
CUST041278,HNI,0.0002833333333333,Low,0,42166364.58,0,Normal,No action needed,7
CUST025018,Mass,0.0,,0,4193146.05,0,Normal,No action needed,7
CUST003553,Mass,0.0001401869158878,Low,0,4270873.55,0,Normal,No action needed,7
CUST035442,Affluent,9.09090909090909e-05,Low,0,12546802.96,0,Normal,No action needed,7
CUST016058,Mass,0.1642811433097413,Low,0,7810166.98,0,Normal,No action needed,7
CUST032575,Mass,0.0,,0,8659875.29,0,Normal,No action needed,7
CUST012124,Mass,0.0,,0,6198875.77,0,Normal,No action needed,7
CUST002953,Ultra HNI,0.0018501984126984,Low,0,104163613.61,1,High frequency trader,Flag for algo trading review — separate model needed,7
CUST026783,Mass,0.0,,0,4896852.37,0,Normal,No action needed,7
CUST008338,Mass,0.0016007532956685,Low,0,9698574.64,0,Normal,No action needed,7
CUST015624,Affluent,0.0055288461538461,Low,0,12286898.13,0,Normal,No action needed,7
CUST004498,Affluent,0.0032608695652173,Low,0,23048951.36,0,Normal,No action needed,7
CUST043066,Mass,0.0027284121956909,Low,0,3279506.63,0,Normal,No action needed,7
CUST012116,Mass,0.133391867048309,Low,0,4228676.600000001,0,Normal,No action needed,7
CUST048655,HNI,0.1350354904651688,Low,0,25543902.85,0,Normal,No action needed,7
CUST049085,Affluent,0.1265210471473749,Low,1,12710251.95,0,Normal,No action needed,7
CUST008241,Mass,0.0011304347826086,Low,0,7278270.75,0,Normal,No action needed,7
CUST036121,Affluent,0.002501233438726,Low,0,13325759.96,0,Normal,No action needed,7
CUST049553,Ultra HNI,0.0008629191321499,Low,0,85564504.56,1,High frequency trader,Flag for algo trading review — separate model needed,7
CUST028515,Mass,0.1683534185535401,Low,0,4943426.7,0,Normal,No action needed,7
CUST034788,Affluent,0.0,,0,15847047.74,0,Normal,No action needed,7
CUST047853,Affluent,0.0,,0,19135745.86,0,Normal,No action needed,7
CUST025275,Mass,0.0001289134438305,Low,0,7351469.18,0,Normal,No action needed,7
CUST016454,HNI,0.0034236111111111,Low,0,30149699.16,0,Normal,No action needed,7
CUST013109,Mass,0.0,,0,3514676.69,0,Normal,No action needed,7
CUST035218,Mass,0.0018666666666666,Low,0,8326783.85,0,Normal,No action needed,7
CUST024416,Affluent,0.0016666666666666,Low,0,21589098.75,0,Normal,No action needed,7
CUST015756,Mass,4.1666666666666665e-05,Low,0,4164551.16,0,Normal,No action needed,7
CUST036387,Mass,0.1135168299516631,Low,1,7849790.760000001,0,Normal,No action needed,7
CUST001606,Mass,0.0002777777777777,Low,0,5586136.609999999,0,Normal,No action needed,7
CUST024316,Mass,0.1902820439266115,Low,0,1721081.44,0,Normal,No action needed,7
CUST044875,Affluent,0.0014285714285714,Low,0,9139874.52,0,Normal,No action needed,7
CUST011555,Mass,0.1114980485764708,Low,0,4626542.74,0,Normal,No action needed,7
CUST011872,Mass,0.0015625,Low,0,12289799.9,0,Normal,No action needed,7
CUST024696,Mass,0.0065890166028097,Low,0,2519801.02,0,Normal,No action needed,7
CUST041448,Mass,0.0,,0,5506162.86,0,Normal,No action needed,7
CUST026045,Mass,0.0171442573321956,Low,0,3835901.790000001,0,Normal,No action needed,7
CUST019372,Mass,0.0002118644067796,Low,0,10994181.77,0,Normal,No action needed,7
CUST020768,Mass,6.134969325153375e-05,Low,0,8400687.64,0,Normal,No action needed,7
CUST034869,Mass,0.133239880009555,Low,0,2840768.87,0,Normal,No action needed,7
CUST033299,HNI,0.0016283953611429,Low,0,39223227.95,0,Normal,No action needed,7
CUST018763,Affluent,0.1812190362621397,Low,0,6875546.65,0,Normal,No action needed,7
CUST006685,Affluent,3.0303030303030302e-05,Low,0,14407103.83,0,Normal,No action needed,7
CUST002659,Mass,0.0007816486513517,Low,0,6815430.44,0,Normal,No action needed,7
CUST042320,Mass,0.0005555555555555,Low,0,4899061.51,0,Normal,No action needed,7
CUST015757,HNI,0.1459920565015295,Low,0,24337478.37,0,Normal,No action needed,7
CUST043087,Affluent,0.0,,0,11810868.92,0,Normal,No action needed,7
CUST036899,Mass,0.0071666666666666,Low,0,6497569.23,0,Normal,No action needed,7
CUST029834,Mass,0.2046910347291503,Low,0,3730399.43,0,Normal,No action needed,7
CUST028603,Affluent,0.0030776942355889,Low,0,16033319.33,0,Normal,No action needed,7
CUST030413,Affluent,6.493506493506494e-05,Low,0,17077407.07,0,Normal,No action needed,7
CUST046048,Affluent,0.0001293103448275,Low,0,15712690.17,0,Normal,No action needed,7
CUST047660,Mass,0.0,,0,8695246.79,0,Normal,No action needed,7
CUST037548,Affluent,0.0008333333333333,Low,0,24382109.58,0,Normal,No action needed,7
CUST011386,Affluent,0.0020627325890483,Low,0,12374395.03,0,Normal,No action needed,7
CUST011717,HNI,0.0003571428571428,Low,0,40228961.46,0,Normal,No action needed,7
CUST016789,Mass,0.1360153040528452,Low,0,4041437.09,0,Normal,No action needed,7
CUST032228,Mass,0.0175842086834733,Low,0,3796591.94,0,Normal,No action needed,7
CUST043768,Mass,0.0813418112755712,Low,0,7636945.62,0,Normal,No action needed,7
CUST002323,Mass,0.0,,0,6353308.14,0,Normal,No action needed,7
CUST018724,Mass,0.0022272727272727,Low,0,6337836.569999999,0,Normal,No action needed,7
CUST030608,Mass,0.0012546636819102,Low,0,6108967.54,0,Normal,No action needed,7
CUST030666,Mass,0.0007954545454545,Low,0,6626576.41,0,Normal,No action needed,7
CUST035440,Mass,0.0,,0,5151299.77,0,Normal,No action needed,7
CUST012438,Mass,0.0003206562266964,Low,0,6106662.64,0,Normal,No action needed,7
CUST025269,Mass,0.0129169068679223,Low,0,1916003.7,0,Normal,No action needed,7
CUST041642,Affluent,0.0,,0,12867187.57,0,Normal,No action needed,7
CUST029690,Affluent,0.1773380784779783,Low,1,11729972.75,0,Normal,No action needed,7
CUST016720,Mass,0.0,,0,12197805.91,0,Normal,No action needed,7
CUST002082,HNI,0.1734134512182016,Low,0,31422568.5,0,Normal,No action needed,7
CUST026598,Affluent,0.0006447309915518,Low,0,25657743.59,0,Normal,No action needed,7
CUST049102,Affluent,0.0,,0,16321301.11,0,Normal,No action needed,7
CUST041983,Mass,0.0,,0,8507239.91,0,Normal,No action needed,7
CUST011322,HNI,0.1592350021740364,Low,0,48911915.24,1,Other anomaly,No action needed,7
CUST032321,Affluent,0.0008333333333333,Low,0,15311872.93,0,Normal,No action needed,7
CUST000647,Affluent,0.1819320835623721,Low,0,17026508.22,0,Normal,No action needed,7
CUST001997,Mass,0.0015396805273833,Low,0,4854160.9,0,Normal,No action needed,7
CUST033771,Affluent,0.0015295815295815,Low,0,27247890.18,0,Normal,No action needed,7
CUST010111,Affluent,0.0076577060931899,Low,0,18754715.0,0,Normal,No action needed,7
CUST022347,Mass,0.0014077669902912,Low,0,7182307.350000001,0,Normal,No action needed,7
CUST042932,Mass,0.0004279169527691,Low,0,8900505.41,0,Normal,No action needed,7
CUST022902,Ultra HNI,0.0026900584795321,Low,0,81265081.85000001,1,High frequency trader,Flag for algo trading review — separate model needed,7
CUST010208,Mass,0.0002941176470588,Low,0,5729978.21,0,Normal,No action needed,7
CUST043944,Mass,0.0259889669745399,Low,0,2549752.0300000003,0,Normal,No action needed,7
CUST036914,Affluent,0.1497677283644067,Low,0,7105319.74,0,Normal,No action needed,7
CUST036425,Mass,0.0047566509613554,Low,0,3864272.82,0,Normal,No action needed,7
CUST022863,Mass,0.0002272727272727,Low,0,3998205.38,0,Normal,No action needed,7
CUST005515,Affluent,0.0001851851851851,Low,0,14880421.82,0,Normal,No action needed,7
CUST039763,Affluent,0.0073599137931034,Low,0,7330685.62,0,Normal,No action needed,7
CUST013393,Mass,0.1564772313936179,Low,0,5070056.71,0,Normal,No action needed,7
CUST035613,Mass,0.0083184880975801,Low,0,2798318.98,0,Normal,No action needed,7
CUST033884,Mass,0.0096250301422715,Low,0,4156909.67,0,Normal,No action needed,7
CUST038197,Mass,0.0004449152542372,Low,0,10165707.58,0,Normal,No action needed,7
CUST031532,Mass,0.1529460782947915,Low,0,5838003.8,0,Normal,No action needed,7
CUST041455,Mass,0.0007444852941176,Low,0,10264228.58,0,Normal,No action needed,7
CUST029813,Affluent,0.0032256042183454,Low,0,18974163.31,0,Normal,No action needed,7
CUST030866,Affluent,0.1462420276023232,Low,0,14796350.2,0,Normal,No action needed,7
CUST045237,Mass,0.0,,0,4783671.93,0,Normal,No action needed,7
CUST031596,Affluent,0.0,,0,23168708.95,0,Normal,No action needed,7
CUST020507,Mass,0.0022222222222222,Low,0,11750845.37,0,Normal,No action needed,7
CUST033458,Mass,6.493506493506494e-05,Low,0,6037543.3,0,Normal,No action needed,7
CUST030575,Affluent,0.235188523540105,Low,0,15892108.26,0,Normal,No action needed,7
CUST035428,Mass,0.0071565309690309,Low,0,2230690.67,0,Normal,No action needed,7
CUST019938,Mass,0.0025451388888888,Low,0,8966219.55,0,Normal,No action needed,7
CUST040495,Mass,0.1938976610820961,Low,0,6380377.75,0,Normal,No action needed,7
CUST032479,Mass,0.1138949008518955,Low,0,8575691.8,0,Normal,No action needed,7
CUST049729,Affluent,0.0011618862421001,Low,0,14854511.44,0,Normal,No action needed,7
CUST043119,Affluent,0.000576923076923,Low,0,13637389.35,0,Normal,No action needed,7
CUST006109,Mass,0.0057341269841269,Low,0,6199960.29,0,Normal,No action needed,7
CUST011378,Affluent,0.1095555575652251,Low,0,16165272.12,0,Normal,No action needed,7
CUST028360,Affluent,0.0007142857142857,Low,0,13234264.31,0,Normal,No action needed,7
CUST042227,Mass,0.001096837944664,Low,0,2668822.64,0,Normal,No action needed,7
CUST038021,Affluent,0.0,,0,26653636.27,0,Normal,No action needed,7
CUST009658,HNI,0.0015172413793103,Low,0,37422187.59,1,Other anomaly,No action needed,7
CUST030636,Ultra HNI,0.2063880702144174,Low,0,48538954.08,1,High frequency trader,Flag for algo trading review — separate model needed,7
CUST045910,Mass,0.0014688377124761,Low,0,9480577.89,0,Normal,No action needed,7
CUST031646,HNI,0.2275901886965123,Low,0,29664818.31,0,Normal,No action needed,7
CUST020897,Affluent,0.0018634259259259,Low,0,10702813.95,0,Normal,No action needed,7
CUST042422,Affluent,0.0006399048884537,Low,0,15652024.69,0,Normal,No action needed,7
CUST034778,Affluent,0.0,,0,11112092.66,0,Normal,No action needed,7
CUST006877,Affluent,0.0014372469635627,Low,0,9855277.51,0,Normal,No action needed,7
CUST034967,Affluent,0.0,,0,15839436.37,0,Normal,No action needed,7
CUST024094,HNI,0.1177618872942852,Low,1,29032580.74,0,Normal,No action needed,7
CUST031638,Affluent,0.0011010260457774,Low,0,13146045.63,0,Normal,No action needed,7
CUST003555,Affluent,0.0063333333333333,Low,0,12642804.88,0,Normal,No action needed,7
CUST017243,Mass,0.0,,0,3952123.97,0,Normal,No action needed,7
CUST022244,Affluent,0.0024035193564605,Low,0,11269487.7,0,Normal,No action needed,7
CUST023620,Mass,0.1577815675217398,Low,0,5505522.35,0,Normal,No action needed,7
CUST035568,Affluent,0.0010344827586206,Low,0,23463826.7,0,Normal,No action needed,7
CUST045894,Mass,0.1562813877533136,Low,0,1784484.22,0,Normal,No action needed,7
CUST020900,Affluent,0.0042822420249832,Low,0,25895821.69,0,Normal,No action needed,7
CUST019517,Mass,0.0,,0,4490392.67,0,Normal,No action needed,7
CUST013507,Ultra HNI,0.0054375,Low,0,70541609.86,1,High frequency trader,Flag for algo trading review — separate model needed,7
CUST020168,Affluent,0.0027846153846153,Low,0,19925700.72,0,Normal,No action needed,7
CUST031183,Mass,0.0020913461538461,Low,0,11988382.33,0,Normal,No action needed,7
CUST016309,Mass,0.0073002013950289,Low,0,2598853.75,0,Normal,No action needed,7
CUST023472,Mass,0.0017241583688952,Low,0,4712110.46,0,Normal,No action needed,7
CUST044396,Mass,0.0005832568573467,Low,0,3537025.11,0,Normal,No action needed,7
CUST017864,Affluent,0.2116547439399811,Low,0,20209024.16,0,Normal,No action needed,7
CUST033850,Affluent,0.0013157894736842,Low,0,23989202.93,0,Normal,No action needed,7
CUST008397,Mass,0.0002941176470588,Low,0,3820760.73,0,Normal,No action needed,7
CUST004285,Mass,0.2491494589773388,Low,0,9338838.66,0,Normal,No action needed,7
CUST016082,Mass,0.0037184873949579,Low,0,3610410.41,0,Normal,No action needed,7
CUST025962,Mass,0.1416253886004354,Low,0,6743490.42,0,Normal,No action needed,7
CUST017415,Mass,0.0005,Low,0,3990618.15,0,Normal,No action needed,7
CUST019950,HNI,0.0,,0,44861920.48,0,Normal,No action needed,7
CUST022139,Affluent,0.15080353239297,Low,0,12998378.33,0,Normal,No action needed,7
CUST033046,Mass,0.2279906765637049,Low,1,5230604.21,0,Normal,No action needed,7
CUST012901,Affluent,0.0,,0,22220104.2,0,Normal,No action needed,7
CUST013069,Affluent,0.256892344361819,Low,0,14959096.81,0,Normal,No action needed,7
CUST006575,Affluent,0.0,,0,14134102.25,0,Normal,No action needed,7
CUST034122,Mass,0.0011304347826086,Low,0,6835038.99,0,Normal,No action needed,7
CUST012347,Mass,0.0039973544973544,Low,0,3256667.56,0,Normal,No action needed,7
CUST015765,Mass,0.0066825565738609,Low,0,3612615.21,0,Normal,No action needed,7
CUST000146,Mass,0.0044994588744588,Low,0,10271190.08,0,Normal,No action needed,7
CUST024764,Affluent,0.0004480519480519,Low,0,13513292.89,0,Normal,No action needed,7
CUST034377,Mass,0.0012222222222222,Low,0,6111615.180000001,0,Normal,No action needed,7
CUST002504,Affluent,0.0021875,Low,0,12452573.45,0,Normal,No action needed,7
CUST024451,Mass,0.1224441120271004,Low,0,8762864.85,0,Normal,No action needed,7
CUST014902,Mass,0.0001289134438305,Low,0,11986138.42,0,Normal,No action needed,7
CUST036599,Mass,0.0,,0,2846172.35,0,Normal,No action needed,7
CUST048254,Mass,0.000987468090044,Low,0,9145594.51,0,Normal,No action needed,7
CUST005377,Affluent,0.2059423420854647,Low,0,12025528.54,0,Normal,No action needed,7
CUST034779,Mass,0.025091727945551,Low,0,8073184.79,0,Normal,No action needed,7
CUST013945,Affluent,0.0045897058823529,Low,0,13486351.8,0,Normal,No action needed,7
CUST040860,Mass,0.0015217391304347,Low,0,6029377.7700000005,0,Normal,No action needed,7
CUST018522,HNI,0.0,,0,51944354.15,0,Normal,No action needed,7
CUST034868,Mass,0.0003571428571428,Low,0,8661142.26,0,Normal,No action needed,7
CUST018548,Affluent,0.0005882352941176,Low,0,12288123.97,0,Normal,No action needed,7
CUST042421,Mass,9.09090909090909e-05,Low,0,5416674.41,0,Normal,No action needed,7
CUST025581,HNI,0.0,,0,42978461.02,0,Normal,No action needed,7
CUST019868,Affluent,0.1045340829407109,Low,1,12625513.75,0,Normal,No action needed,7
CUST040325,Mass,0.0008097866614791,Low,0,9320083.34,0,Normal,No action needed,7
CUST022762,Mass,0.0066995614035087,Low,0,3478069.66,0,Normal,No action needed,7
CUST018926,Mass,0.0,,0,3858125.23,0,Normal,No action needed,7
CUST033436,Mass,0.1269049857130086,Low,0,3596117.16,0,Normal,No action needed,7
CUST028436,Affluent,0.0003125,Low,0,15328894.8,0,Normal,No action needed,7
CUST024614,HNI,0.1308412190257681,Low,0,46982179.85,0,Normal,No action needed,7
CUST049597,Affluent,0.0,,0,13186394.17,0,Normal,No action needed,7
CUST016998,Mass,0.0003206562266964,Low,0,7879970.74,0,Normal,No action needed,7
CUST035687,Affluent,0.1366768334462064,Low,0,14018360.85,0,Normal,No action needed,7
CUST011643,Affluent,0.0016520467836257,Low,0,12830492.63,0,Normal,No action needed,7
CUST027919,Mass,0.0091309523809523,Low,0,3755998.62,0,Normal,No action needed,7
CUST047753,Mass,0.2204058169331554,Low,0,6528180.24,0,Normal,No action needed,7
CUST016832,Mass,0.1558421431291689,Low,1,5884189.36,0,Normal,No action needed,7
CUST026348,Affluent,0.0010167464114832,Low,0,12157561.34,0,Normal,No action needed,7
CUST021236,Affluent,0.1058319253745006,Low,0,11654944.46,0,Normal,No action needed,7
CUST034723,Affluent,0.0002601156069364,Low,0,23211409.28,0,Normal,No action needed,7
CUST024744,Ultra HNI,0.0009909161404674,Low,0,67821421.23,1,High frequency trader,Flag for algo trading review — separate model needed,7
CUST022656,Mass,0.0079809016466625,Low,0,2785834.72,0,Normal,No action needed,7
CUST040357,HNI,0.0049444444444444,Low,0,31550109.98,0,Normal,No action needed,7
CUST016515,Mass,0.0008823529411764,Low,0,3903839.55,0,Normal,No action needed,7
CUST018886,Mass,0.1771820544114924,Low,0,3255090.82,0,Normal,No action needed,7
CUST010337,Mass,0.0008726378620901,Low,0,6926692.88,0,Normal,No action needed,7
CUST028649,Affluent,0.0042177589852008,Low,0,14675735.88,0,Normal,No action needed,7
CUST004394,Mass,4.1666666666666665e-05,Low,0,4741973.55,0,Normal,No action needed,7
CUST027895,Affluent,0.000359081851823,Low,0,14936669.8,0,Normal,No action needed,7
CUST003643,Mass,0.1101687673483237,Low,0,9818584.69,0,Normal,No action needed,7
CUST019041,Mass,0.1733339980105118,Low,0,4218463.01,0,Normal,No action needed,7
CUST043816,Mass,0.0004279169527691,Low,0,8613705.78,0,Normal,No action needed,7
CUST041875,Mass,0.0003571428571428,Low,0,10196786.79,0,Normal,No action needed,7
CUST037961,Affluent,0.0,,0,20730143.41,0,Normal,No action needed,7
CUST016355,Affluent,0.0015625,Low,0,10533108.65,0,Normal,No action needed,7
CUST039334,HNI,0.0,,0,46561427.02,0,Normal,No action needed,7
CUST037170,Mass,0.0005716327259735,Low,0,7665048.99,0,Normal,No action needed,7
CUST013001,Mass,0.0010329402765786,Low,0,10017713.61,0,Normal,No action needed,7
CUST034471,Affluent,0.2917359920284729,Low,0,11341365.99,0,Normal,No action needed,7
CUST003492,HNI,0.0016666666666666,Low,0,45659799.05,0,Normal,No action needed,7
CUST003758,Affluent,0.0,,0,21477691.35,0,Normal,No action needed,7
CUST014704,HNI,0.1547370283639458,Low,0,34087202.129999995,0,Normal,No action needed,7
CUST036722,Affluent,0.0016978609625668,Low,0,20991018.2,0,Normal,No action needed,7
CUST014679,Affluent,0.2528632600196754,Low,0,14800961.5,0,Normal,No action needed,7
CUST040131,Affluent,0.001,Low,0,15367092.78,0,Normal,No action needed,7
CUST004161,Affluent,0.0,,0,22724625.01,0,Normal,No action needed,7
CUST044977,Mass,0.0001923076923076,Low,0,6358077.59,0,Normal,No action needed,7
CUST020559,Affluent,0.0,,0,11196075.81,0,Normal,No action needed,7
CUST026129,Mass,0.179303743842099,Low,0,2173599.52,0,Normal,No action needed,7
CUST038063,Affluent,0.0032235156636253,Low,0,30198282.55,0,Normal,No action needed,7
CUST037633,Mass,4.1666666666666665e-05,Low,0,4267737.0200000005,0,Normal,No action needed,7
CUST047509,Affluent,0.0,,0,8438682.64,0,Normal,No action needed,7
CUST043402,Affluent,0.0013461538461538,Low,0,13541282.2,0,Normal,No action needed,7
CUST038488,HNI,0.2436954896842434,Low,0,27559525.38,1,Other anomaly,No action needed,7
CUST027425,Mass,0.0031411764705882,Low,0,5515985.99,0,Normal,No action needed,7
CUST031422,Mass,0.0021224476828287,Low,0,6462325.53,0,Normal,No action needed,7
CUST006808,HNI,0.0,,0,44348235.37,0,Normal,No action needed,7
CUST037621,Affluent,0.0892944393307911,Low,1,9308867.61,0,Normal,No action needed,7
CUST003892,Mass,0.0018068535825545,Low,0,5479261.93,0,Normal,No action needed,7
CUST035579,Affluent,0.0,,0,24750602.53,0,Normal,No action needed,7
CUST018802,Mass,0.0035907016510827,Low,0,5176878.6,0,Normal,No action needed,7
CUST044321,Mass,0.0,,0,6335982.78,0,Normal,No action needed,7
CUST042936,Mass,0.0010084033613445,Low,0,12550372.62,0,Normal,No action needed,7
CUST018395,Mass,0.0,,0,10539746.76,0,Normal,No action needed,7
CUST035724,HNI,0.0021256227410374,Low,0,37127001.66,0,Normal,No action needed,7
CUST017013,Mass,0.0006696428571428,Low,0,7050263.850000001,0,Normal,No action needed,7
CUST047981,Affluent,9.09090909090909e-05,Low,0,14407311.63,0,Normal,No action needed,7
CUST047225,Affluent,0.0,,0,16414416.23,0,Normal,No action needed,7
CUST002980,Affluent,0.0,,0,7752916.43,0,Normal,No action needed,7
CUST042309,Mass,0.1381865792976376,Low,0,2221745.83,0,Normal,No action needed,7
CUST008594,Mass,0.0002916666666666,Low,0,4122590.35,0,Normal,No action needed,7
CUST001992,Affluent,0.1496120114677716,Low,0,20262701.54,0,Normal,No action needed,7
CUST030790,Mass,0.0004279169527691,Low,0,10343571.63,0,Normal,No action needed,7
CUST047232,Mass,0.2228210340268615,Low,0,5613590.3100000005,0,Normal,No action needed,7
CUST001158,Affluent,0.0031316526610644,Low,0,18909477.19,0,Normal,No action needed,7
CUST042828,Mass,0.0024404761904761,Low,0,5903024.100000001,0,Normal,No action needed,7
CUST030397,Affluent,0.0,,0,14834729.46,0,Normal,No action needed,7
CUST049299,Affluent,0.0022557471264367,Low,0,13435514.68,0,Normal,No action needed,7
CUST018119,Mass,0.1722775744845124,Low,0,12432528.88,0,Normal,No action needed,7
CUST034985,Affluent,0.0032417582417582,Low,0,20774047.19,0,Normal,No action needed,7
CUST027526,Affluent,0.00032877882152,Low,0,19937342.29,0,Normal,No action needed,7
CUST004162,HNI,0.001578947368421,Low,0,44118430.58,1,High frequency trader,Flag for algo trading review — separate model needed,7
CUST028054,Affluent,0.0005844155844155,Low,0,11260735.56,0,Normal,No action needed,7
CUST040699,Mass,0.000254691689008,Low,0,7079943.73,0,Normal,No action needed,7
CUST036441,HNI,0.0007692307692307,Low,0,33126903.11,0,Normal,No action needed,7
CUST027318,Mass,0.0048060741687979,Low,0,12085251.91,0,Normal,No action needed,7
CUST041319,Mass,0.0058195768425947,Low,0,3227729.84,0,Normal,No action needed,7
CUST029386,Mass,0.0006666666666666,Low,0,7153976.06,0,Normal,No action needed,7
CUST017635,Mass,0.0043942307692307,Low,0,5012905.31,0,Normal,No action needed,7
CUST011953,Mass,0.1202909719301396,Low,0,11752110.830000002,0,Normal,No action needed,7
CUST001523,Mass,0.0048608416201794,Low,0,8371483.9,0,Normal,No action needed,7
CUST028049,Mass,0.0002941176470588,Low,0,8837098.41,0,Normal,No action needed,7
CUST048177,Mass,0.139955362128529,Low,0,5021055.51,0,Normal,No action needed,7
CUST007402,Mass,0.0008097866614791,Low,0,9197547.2,0,Normal,No action needed,7
CUST002414,HNI,0.2279997896267152,Low,0,26411047.97,0,Normal,No action needed,7
CUST011899,Mass,0.0118633389028125,Low,0,3241209.62,0,Normal,No action needed,7
CUST013588,HNI,5.6657223796034e-05,Low,0,38097975.58,0,Normal,No action needed,7
CUST049260,Mass,0.1761830325389639,Low,1,5773112.34,0,Normal,No action needed,7
CUST021156,Mass,0.0018461968159389,Low,0,4023882.68,0,Normal,No action needed,7
CUST002796,Mass,0.0,,0,4672841.82,0,Normal,No action needed,7
CUST039157,Affluent,0.0,,0,16426160.49,0,Normal,No action needed,7
CUST028186,Mass,0.0017587641117052,Low,0,11726861.0,0,Normal,No action needed,7
CUST018795,Mass,0.0010416666666666,Low,0,6710816.630000001,0,Normal,No action needed,7
CUST005469,Affluent,0.0,,0,23441599.11,0,Normal,No action needed,7
CUST038503,Mass,0.0010344827586206,Low,0,5201525.19,0,Normal,No action needed,7
CUST021894,Mass,0.0,,0,10554673.74,0,Normal,No action needed,7
CUST035522,HNI,0.0008,Low,0,28829545.94,0,Normal,No action needed,7
CUST046524,Mass,0.1344344068723387,Low,1,5716148.4,0,Normal,No action needed,7
CUST014595,HNI,0.1400035618352068,Low,0,32864140.79,0,Normal,No action needed,7
CUST023470,Affluent,0.0,,0,23461316.85,0,Normal,No action needed,7
CUST024834,HNI,0.138580655037242,Low,1,35694889.75,0,Normal,No action needed,7
CUST017077,Mass,0.0050213130123844,Low,0,3621059.9,0,Normal,No action needed,7
CUST045429,Mass,0.0001289134438305,Low,0,5811498.95,0,Normal,No action needed,7
CUST037315,Mass,0.0004012345679012,Low,0,11984611.81,0,Normal,No action needed,7
CUST000903,HNI,0.192178743336491,Low,0,35680907.59,0,Normal,No action needed,7
CUST045577,Affluent,0.0004347826086956,Low,0,7699790.65,0,Normal,No action needed,7
CUST005863,Affluent,0.0016168478260869,Low,0,18522455.89,0,Normal,No action needed,7
CUST035637,Mass,0.0021155419222903,Low,0,16169001.64,0,Normal,No action needed,7
CUST019027,Mass,0.001,Low,0,8498039.95,0,Normal,No action needed,7
CUST023495,Affluent,0.0024269931072343,Low,0,12684142.32,0,Normal,No action needed,7
CUST044008,Mass,0.0020115384615384,Low,0,3439670.11,0,Normal,No action needed,7
CUST025705,Affluent,0.0013537549407114,Low,0,18668410.47,0,Normal,No action needed,7
CUST018856,Mass,0.0,,0,10482843.77,0,Normal,No action needed,7
CUST012823,Affluent,0.2474860831601996,Low,0,15370831.72,0,Normal,No action needed,7
CUST018419,Mass,0.0025427807486631,Low,0,5276428.69,0,Normal,No action needed,7
CUST000450,Mass,0.111722560072627,Low,0,7045779.58,0,Normal,No action needed,7
CUST003896,HNI,0.00342791005291,Low,0,44406108.16,0,Normal,No action needed,7
CUST046270,HNI,0.0,,0,38916996.11,0,Normal,No action needed,7
CUST039548,Affluent,0.0012083333333333,Low,0,15455371.92,0,Normal,No action needed,7
CUST042612,Mass,0.0,,0,4619906.64,0,Normal,No action needed,7
CUST036196,Mass,0.1724040286314538,Low,0,8204211.529999999,0,Normal,No action needed,7
CUST043520,Affluent,0.00325,Low,0,13564142.15,0,Normal,No action needed,7
CUST021400,Affluent,0.0,,0,19383704.09,0,Normal,No action needed,7
CUST019173,Mass,0.0034960720546027,Low,0,7226902.29,0,Normal,No action needed,7
CUST008545,Mass,0.1343418732957919,Low,0,7019781.41,0,Normal,No action needed,7
CUST044994,Mass,0.0005,Low,0,4103483.3,0,Normal,No action needed,7
CUST005502,HNI,5.2910052910052905e-05,Low,0,32722198.86,0,Normal,No action needed,7
CUST037067,Affluent,0.2130722981896622,Low,0,14543883.87,0,Normal,No action needed,7
CUST042952,Mass,0.0075674603174603,Low,0,6634356.34,0,Normal,No action needed,7
CUST028000,HNI,0.0001869658119658,Low,0,32407789.41,0,Normal,No action needed,7
CUST021200,Affluent,0.0,,0,16233457.43,0,Normal,No action needed,7
CUST011175,Mass,0.0,,0,7400544.31,0,Normal,No action needed,7
CUST037418,Affluent,0.2784774711319883,Low,1,10276602.59,0,Normal,No action needed,7
CUST046141,Affluent,0.207756354750196,Low,0,16450962.77,0,Normal,No action needed,7
CUST039066,Affluent,0.0,,0,13769771.76,0,Normal,No action needed,7
CUST006726,Affluent,0.0922322632150307,Low,0,11145972.63,0,Normal,No action needed,7
CUST001343,Affluent,0.1019538897310787,Low,0,9466263.17,0,Normal,No action needed,7
CUST007817,Affluent,0.2043881496310816,Low,0,17883340.71,0,Normal,No action needed,7
CUST002606,Affluent,0.0,,0,12864976.64,0,Normal,No action needed,7
CUST034125,Mass,0.0037991189106701,Low,0,2605209.92,0,Normal,No action needed,7
CUST001555,Affluent,0.1463581143361492,Low,0,14994528.5,0,Normal,No action needed,7
CUST007355,Mass,0.0025679228746713,Low,0,8426056.290000001,0,Normal,No action needed,7
CUST021787,Mass,0.1217439079534213,Low,0,5297530.24,0,Normal,No action needed,7
CUST024289,Mass,0.0172933057280883,Low,0,3222512.17,0,Normal,No action needed,7
CUST012146,Mass,0.0022041666666666,Low,0,4008478.79,0,Normal,No action needed,7
CUST038748,Mass,0.0,,0,5284983.13,0,Normal,No action needed,7
CUST001919,Affluent,0.001,Low,0,18690446.98,0,Normal,No action needed,7
CUST038434,Ultra HNI,0.0117647492364017,Low,0,78368835.33,1,High frequency trader,Flag for algo trading review — separate model needed,7
CUST004828,HNI,0.0048171439628482,Low,0,47351475.25,0,Normal,No action needed,7
CUST038348,Mass,0.279794797572723,Low,0,4690944.5,0,Normal,No action needed,7
CUST021194,Affluent,0.0016666666666666,Low,0,21062328.2,0,Normal,No action needed,7
CUST028309,HNI,0.0006745762711864,Low,0,48966500.65,0,Normal,No action needed,7
CUST028379,HNI,0.2502737052599486,Low,0,31422842.26,0,Normal,No action needed,7
CUST032441,Affluent,0.0,,0,14578656.25,0,Normal,No action needed,7
CUST047970,Affluent,0.0,,0,20665195.82,0,Normal,No action needed,7
CUST023266,Affluent,0.0021212121212121,Low,0,9203498.2,0,Normal,No action needed,7
CUST006474,Mass,0.0001072607260726,Low,0,11181694.9,0,Normal,No action needed,7
CUST008214,Mass,0.0006105151754323,Low,0,7535313.56,0,Normal,No action needed,7
CUST003926,Mass,0.0069046505932901,Low,0,11494855.2,0,Normal,No action needed,7
CUST046764,Mass,0.205387312856192,Low,0,4646839.720000001,0,Normal,No action needed,7
CUST015506,Mass,0.0005555555555555,Low,0,3261000.94,0,Normal,No action needed,7
CUST033987,Mass,0.0,,0,4416008.140000001,0,Normal,No action needed,7
CUST030865,Affluent,0.1778508672019035,Low,0,16597235.15,0,Normal,No action needed,7
CUST030424,Mass,0.0,,0,4675106.21,0,Normal,No action needed,7
CUST006759,Mass,0.0030555555555555,Low,0,7967334.08,0,Normal,No action needed,7
CUST001871,Mass,0.00125,Low,0,7007244.51,0,Normal,No action needed,7
CUST048640,Affluent,0.0002601156069364,Low,0,21336068.31,0,Normal,No action needed,7
CUST012632,Affluent,0.00032877882152,Low,0,20619316.74,0,Normal,No action needed,7
CUST016989,Mass,0.0042402366068427,Low,0,6493677.39,0,Normal,No action needed,7
CUST016006,Mass,0.0006411764705882,Low,0,5185265.19,0,Normal,No action needed,7
CUST018841,Affluent,0.0,,0,12649184.92,0,Normal,No action needed,7
CUST041294,Mass,0.2098133613117062,Low,1,5310337.22,0,Normal,No action needed,7
CUST036918,Affluent,0.0005555555555555,Low,0,21837247.45,0,Normal,No action needed,7
CUST031179,Mass,0.0011784949525848,Low,0,3696523.76,0,Normal,No action needed,7
CUST015032,Ultra HNI,0.0134512326794666,Low,0,81818967.64,1,High frequency trader,Flag for algo trading review — separate model needed,7
CUST011915,Mass,4.1666666666666665e-05,Low,0,4165363.65,0,Normal,No action needed,7
CUST045203,Affluent,0.0044447097020626,Low,0,27898084.11,0,Normal,No action needed,7
CUST031458,Mass,0.1404616385487988,Low,0,6012136.37,0,Normal,No action needed,7
CUST001935,Affluent,0.1110006259068357,Low,0,8233676.02,0,Normal,No action needed,7
CUST017395,Ultra HNI,0.1546809935636345,Low,0,61695265.8,1,High frequency trader,Flag for algo trading review — separate model needed,7
CUST031303,Mass,0.1958261849865971,Low,0,3757907.13,0,Normal,No action needed,7
CUST011097,Affluent,0.0,,0,21584268.93,0,Normal,No action needed,7
CUST025663,Mass,0.0002725499822709,Low,0,11781827.37,0,Normal,No action needed,7
CUST035120,Affluent,0.001037037037037,Low,0,15264146.33,0,Normal,No action needed,7
CUST011790,Mass,0.0016559262569092,Low,0,11352227.37,0,Normal,No action needed,7
CUST037036,Mass,0.0159043230255357,Low,0,12392110.81,0,Normal,No action needed,7
CUST019640,Mass,0.0003333333333333,Low,0,8979391.99,0,Normal,No action needed,7
CUST047618,Mass,0.0020202346041055,Low,0,3700966.89,0,Normal,No action needed,7
CUST049681,Affluent,0.213299271084506,Low,0,15053443.4,0,Normal,No action needed,7
CUST039425,Mass,0.1157113057247371,Low,0,5024664.14,0,Normal,No action needed,7
CUST017895,Mass,0.1386049342977743,Low,0,2169690.22,0,Normal,No action needed,7
CUST004056,HNI,0.0,,0,28677833.44,0,Normal,No action needed,7
CUST021384,HNI,0.002,Low,0,40206816.26,0,Normal,No action needed,7
CUST015050,Affluent,0.0,,0,18250257.87,0,Normal,No action needed,7
CUST025230,Affluent,0.0003198151185328,Low,0,23827466.55,0,Normal,No action needed,7
CUST028841,Mass,0.0017713675213675,Low,0,3653086.97,0,Normal,No action needed,7
CUST045854,Mass,0.0021289134438305,Low,0,11237388.31,0,Normal,No action needed,7
CUST004470,Mass,0.0,,0,5069761.19,0,Normal,No action needed,7
CUST003495,Affluent,0.1521323709590369,Low,0,14194011.77,0,Normal,No action needed,7
CUST003203,Mass,0.0,,0,3890804.41,0,Normal,No action needed,7
CUST025492,Affluent,0.0024505464865371,Low,0,11320322.11,0,Normal,No action needed,7
CUST042781,Affluent,0.0008677685950413,Low,0,15376885.36,0,Normal,No action needed,7
CUST027002,Affluent,0.0008333333333333,Low,0,9861279.51,0,Normal,No action needed,7
CUST016648,Affluent,0.0006065565992978,Low,0,12734130.56,0,Normal,No action needed,7
CUST003378,Affluent,0.0013742690058479,Low,0,29892782.66,0,Normal,No action needed,7
CUST047447,HNI,0.0,,0,29429830.28,0,Normal,No action needed,7
CUST001258,Affluent,0.0007692307692307,Low,0,12234269.64,0,Normal,No action needed,7
CUST003283,Mass,0.0,,0,5829462.31,0,Normal,No action needed,7
CUST025833,Mass,0.0220958026443888,Low,0,2124877.11,0,Normal,No action needed,7
CUST022697,Mass,0.0052788461538461,Low,0,4085176.93,0,Normal,No action needed,7
CUST023931,Mass,0.0019471153846153,Low,0,7674148.939999999,0,Normal,No action needed,7
CUST043196,Affluent,0.1875600606031158,Low,0,18214692.03,0,Normal,No action needed,7
CUST029695,Affluent,0.0022727272727272,Low,0,17760156.31,0,Normal,No action needed,7
CUST044698,Ultra HNI,0.0049078306328398,Low,0,80752176.03,1,High frequency trader,Flag for algo trading review — separate model needed,7
CUST024065,Affluent,0.0022222222222222,Low,0,15155064.91,0,Normal,No action needed,7
CUST005941,Mass,0.0116314935685564,Low,0,2271006.05,0,Normal,No action needed,7
CUST031026,Mass,0.120874807994115,Low,0,6923809.55,0,Normal,No action needed,7
CUST035801,Mass,0.0006666666666666,Low,0,5713846.75,0,Normal,No action needed,7
CUST009361,Affluent,0.0,,0,20775156.82,0,Normal,No action needed,7
CUST034016,Mass,0.0004279169527691,Low,0,6767893.54,0,Normal,No action needed,7
CUST007389,Affluent,0.0010233592880978,Low,0,21861970.53,0,Normal,No action needed,7
CUST002028,Mass,0.0035113006396588,Low,0,6948008.819999999,0,Normal,No action needed,7
CUST039782,Mass,0.0,,0,6084336.68,0,Normal,No action needed,7
CUST026622,HNI,0.0,,0,38623312.78,0,Normal,No action needed,7
CUST038790,Affluent,0.0009221709429047,Low,0,17921712.900000002,0,Normal,No action needed,7
CUST019534,HNI,0.0008505747126436,Low,0,42431882.2,1,Other anomaly,No action needed,7
CUST022159,Mass,1.607717041800643e-05,Low,0,5506411.96,0,Normal,No action needed,7
CUST040826,Affluent,0.0009821428571428,Low,0,16011653.1,0,Normal,No action needed,7
CUST026553,Affluent,0.0,,0,13769794.87,0,Normal,No action needed,7
CUST046390,Mass,0.1919937328068938,Low,0,2730434.32,0,Normal,No action needed,7
CUST012549,Affluent,0.0008677685950413,Low,0,15517517.72,0,Normal,No action needed,7
CUST015727,Mass,0.0,,0,7575020.96,0,Normal,No action needed,7
CUST000275,Mass,0.0098056351860699,Low,0,3293065.19,0,Normal,No action needed,7
CUST036586,Affluent,0.0023529411764705,Low,0,12607783.21,0,Normal,No action needed,7
CUST025480,Mass,0.1556616947958609,Low,0,2767119.47,0,Normal,No action needed,7
CUST001047,Affluent,0.0008823529411764,Low,0,19819059.94,0,Normal,No action needed,7
CUST013840,Mass,0.1379759691738129,Low,0,3405747.25,0,Normal,No action needed,7
CUST046053,Affluent,0.0018227106227106,Low,0,11927435.09,0,Normal,No action needed,7
CUST049378,Mass,0.0013043478260869,Low,0,9271651.19,0,Normal,No action needed,7
CUST001053,Affluent,0.0,,0,14088968.69,0,Normal,No action needed,7
CUST048712,Mass,0.1172916194377857,Low,1,5865399.4,0,Normal,No action needed,7
CUST012533,Mass,0.0035243055555555,Low,0,4187692.45,0,Normal,No action needed,7
CUST028345,Mass,0.0023159814323607,Low,0,6493422.050000001,0,Normal,No action needed,7
CUST005497,Affluent,0.0,,0,26794768.22,0,Normal,No action needed,7
CUST032665,Affluent,0.0004166666666666,Low,0,15453274.26,0,Normal,No action needed,7
CUST010782,Affluent,0.0083251633986928,Low,0,19110489.85,0,Normal,No action needed,7
CUST042942,HNI,0.0953952170529363,Low,0,19155246.17,0,Normal,No action needed,7
CUST018912,Mass,0.0026256613756613,Low,0,4616337.76,0,Normal,No action needed,7
CUST045035,Affluent,0.1746074426682168,Low,1,12995584.23,0,Normal,No action needed,7
CUST005857,Mass,0.0027205882352941,Low,0,5303590.06,0,Normal,No action needed,7
CUST046656,Mass,0.0024358974358974,Low,0,3892292.83,0,Normal,No action needed,7
CUST024186,Mass,0.002,Low,0,6462927.21,0,Normal,No action needed,7
CUST002000,Mass,0.1803428385844683,Low,0,2875893.46,0,Normal,No action needed,7
CUST047685,Mass,0.0021255761351633,Low,0,4873964.54,0,Normal,No action needed,7
CUST001055,HNI,0.1871305989489298,Low,1,25103532.34,0,Normal,No action needed,7
CUST047487,Affluent,0.2055435331005061,Low,0,19460120.61,0,Normal,No action needed,7
CUST041751,Affluent,0.0,,0,14771822.0,0,Normal,No action needed,7
CUST043266,Affluent,0.0,,0,19370527.02,0,Normal,No action needed,7
CUST049906,Mass,0.0024325129019452,Low,0,6300123.79,0,Normal,No action needed,7
CUST031652,Mass,0.151720524304476,Low,0,3226393.26,0,Normal,No action needed,7
CUST017141,Affluent,0.0,,0,14757459.02,0,Normal,No action needed,7
CUST035933,Mass,0.003274359614239,Low,0,9139242.73,0,Normal,No action needed,7
CUST002527,HNI,0.1435869638280855,Low,0,38114881.36,0,Normal,No action needed,7
CUST020944,Mass,0.2071272025289185,Low,0,6509262.08,0,Normal,No action needed,7
CUST031233,Affluent,0.000625,Low,0,11700054.02,0,Normal,No action needed,7
CUST049464,Mass,0.0,,0,5548646.44,0,Normal,No action needed,7
CUST013328,Mass,0.0,,0,7700895.73,0,Normal,No action needed,7
CUST041886,Affluent,0.0,,0,27938777.71,0,Normal,No action needed,7
CUST044368,Affluent,0.0016111111111111,Low,0,15636509.8,0,Normal,No action needed,7
CUST002267,Mass,0.0016666666666666,Low,0,3314547.02,0,Normal,No action needed,7
CUST005372,Mass,0.005625,Low,0,7006295.37,0,Normal,No action needed,7
CUST009036,Mass,0.0,,0,4979296.59,0,Normal,No action needed,7
CUST008633,Mass,0.0030555555555555,Low,0,7929055.7,0,Normal,No action needed,7
CUST014971,Mass,0.003125,Low,0,8249506.07,0,Normal,No action needed,7
CUST048861,Mass,0.001818783068783,Low,0,3232836.78,0,Normal,No action needed,7
CUST008401,HNI,0.0018409448251857,Low,0,40656035.09,0,Normal,No action needed,7
CUST033765,HNI,0.1827611111817781,Low,0,42056602.74,0,Normal,No action needed,7
CUST004572,Affluent,0.0008711068638481,Low,0,14402517.55,0,Normal,No action needed,7
CUST049680,Mass,0.0051516719148298,Low,0,10033308.81,0,Normal,No action needed,7
CUST032059,Mass,0.0011595233792114,Low,0,9815774.62,0,Normal,No action needed,7
CUST026803,HNI,0.000975935828877,Low,0,50968832.57,0,Normal,No action needed,7
CUST021314,Mass,0.1599448079131678,Low,0,5920269.760000001,0,Normal,No action needed,7
CUST010251,Mass,4.1666666666666665e-05,Low,0,4941096.98,0,Normal,No action needed,7
CUST004806,Mass,0.0020738636363636,Low,0,7844025.72,0,Normal,No action needed,7
CUST005055,Affluent,0.1742672885205517,Low,0,15591181.97,0,Normal,No action needed,7
CUST002274,Mass,0.0,,0,4873499.29,0,Normal,No action needed,7
CUST029035,Mass,0.0046001144164759,Low,0,6566237.13,0,Normal,No action needed,7
CUST008509,Affluent,0.1734423025456112,Low,0,7042586.82,0,Normal,No action needed,7
CUST029185,Mass,0.0032936507936507,Low,0,10254657.99,0,Normal,No action needed,7
CUST030725,Mass,0.1285668937893974,Low,0,3929389.41,0,Normal,No action needed,7
CUST013142,Ultra HNI,0.0006666666666666,Low,0,70842529.8,1,High frequency trader,Flag for algo trading review — separate model needed,7
CUST033091,Mass,0.0014236504602117,Low,0,7177648.430000001,0,Normal,No action needed,7
CUST035632,Mass,0.0,,0,5759931.55,0,Normal,No action needed,7
CUST028161,Mass,0.0032591093117408,Low,0,4307575.62,0,Normal,No action needed,7
CUST043104,Mass,0.0016020641266215,Low,0,4045369.04,0,Normal,No action needed,7
CUST017350,Mass,0.0,,0,6144315.38,0,Normal,No action needed,7
CUST017167,Mass,0.0749379611205088,Low,1,6305736.550000001,0,Normal,No action needed,7
CUST014394,HNI,0.0003125,Low,0,40829655.87,0,Normal,No action needed,7
CUST001651,Affluent,0.0026111388611388,Low,0,18931464.12,0,Normal,No action needed,7
CUST006025,Affluent,0.0007155191530117,Low,0,18649747.48,0,Normal,No action needed,7
CUST022840,Affluent,0.0002272727272727,Low,0,14232337.57,0,Normal,No action needed,7
CUST048873,Mass,0.0018918918918918,Low,0,4295574.68,0,Normal,No action needed,7
CUST007366,Ultra HNI,0.0016071428571428,Low,0,87019050.92,1,High frequency trader,Flag for algo trading review — separate model needed,7
CUST039605,Affluent,0.0001666666666666,Low,0,19084493.84,0,Normal,No action needed,7
CUST026120,Mass,0.0024325570516425,Low,0,10169241.2,0,Normal,No action needed,7
CUST039672,Mass,4.1666666666666665e-05,Low,0,5030755.69,0,Normal,No action needed,7
CUST032034,HNI,0.0,,0,49383371.82,0,Normal,No action needed,7
CUST003666,Mass,0.0,,0,8176812.44,0,Normal,No action needed,7
CUST045289,Mass,0.12001301817558,Low,0,3726462.27,0,Normal,No action needed,7
CUST036878,HNI,0.0007142857142857,Low,0,27499697.1,0,Normal,No action needed,7
CUST036375,Affluent,0.0,,0,17442789.650000002,0,Normal,No action needed,7
CUST018901,HNI,0.0005882352941176,Low,0,31534396.86,0,Normal,No action needed,7
CUST013542,Affluent,0.0005579096045197,Low,0,28331253.6,0,Normal,No action needed,7
CUST024758,HNI,0.0009943181818181,Low,0,33778010.72,0,Normal,No action needed,7
CUST025574,Mass,0.0019642857142857,Low,0,11269535.28,0,Normal,No action needed,7
CUST023191,HNI,0.0015966691978685,Low,0,50160946.81,1,High frequency trader,Flag for algo trading review — separate model needed,7
CUST028051,Mass,0.0095441176470588,Low,0,6394927.83,0,Normal,No action needed,7
CUST007463,Mass,0.1747256957168309,Low,0,6369328.29,0,Normal,No action needed,7
CUST014205,Mass,0.0,,0,18767409.14,0,Normal,No action needed,7
CUST022547,Mass,0.003095238095238,Low,0,4160422.1,0,Normal,No action needed,7
CUST033199,HNI,0.1486335680526126,Low,0,29863241.13,0,Normal,No action needed,7
CUST000687,Affluent,0.0009690309690309,Low,0,18907593.63,0,Normal,No action needed,7
CUST049867,Affluent,0.004090909090909,Low,0,17621452.59,0,Normal,No action needed,7
CUST030253,Affluent,0.1391204247561422,Low,1,12859683.91,0,Normal,No action needed,7
CUST007347,Mass,0.0012748140092124,Low,0,5340453.67,0,Normal,No action needed,7
CUST045040,Mass,0.1793768543798395,Low,0,5157704.66,0,Normal,No action needed,7
CUST014164,HNI,0.0003448275862068,Low,0,45044453.53,0,Normal,No action needed,7
CUST003788,Ultra HNI,0.0064716835452129,Low,0,73237216.52,1,High frequency trader,Flag for algo trading review — separate model needed,7
CUST005370,Ultra HNI,0.0158787925647712,Low,0,81270059.86,1,High frequency trader,Flag for algo trading review — separate model needed,7
CUST009968,Affluent,0.0052941176470588,Low,0,10092918.78,0,Normal,No action needed,7
CUST018246,Affluent,0.0001652892561983,Low,0,14365690.05,0,Normal,No action needed,7
CUST023016,Mass,0.1718172150524654,Low,0,8558186.73,0,Normal,No action needed,7
CUST025030,HNI,0.1705485506932218,Low,0,28946491.7,0,Normal,No action needed,7
CUST032608,Mass,0.0027689393939393,Low,0,4147166.48,0,Normal,No action needed,7
CUST040803,Affluent,0.0023376623376623,Low,0,14689268.43,0,Normal,No action needed,7
CUST044243,Affluent,0.0010695195622608,Low,0,11393449.87,0,Normal,No action needed,7
CUST021556,Mass,0.0,,0,4334947.46,0,Normal,No action needed,7
CUST034955,Affluent,0.1051503129372241,Low,0,19706297.95,0,Normal,No action needed,7
CUST033431,Mass,0.0213971723079695,Low,0,3610233.22,0,Normal,No action needed,7
CUST039067,Mass,0.1540644564052086,Low,0,5704152.74,0,Normal,No action needed,7
CUST035280,Mass,0.0004791666666666,Low,0,6865093.659999999,0,Normal,No action needed,7
CUST033818,Affluent,0.1001148504199711,Low,0,12392556.86,0,Normal,No action needed,7
CUST017968,Mass,0.0,,0,13087623.26,0,Normal,No action needed,7
CUST014513,HNI,0.0003333333333333,Low,0,43631971.02,0,Normal,No action needed,7
CUST040710,Mass,0.0016455279196178,Low,0,6084003.67,0,Normal,No action needed,7
CUST005832,HNI,0.0007142857142857,Low,0,31549129.98,0,Normal,No action needed,7
CUST040771,Mass,0.0010869565217391,Low,0,3461241.5900000003,0,Normal,No action needed,7
CUST025902,Affluent,0.0,,0,11683513.14,0,Normal,No action needed,7
CUST029725,Affluent,0.0007187693786494,Low,0,15291731.52,0,Normal,No action needed,7
CUST022262,Affluent,0.1503989921813613,Low,0,11369911.03,0,Normal,No action needed,7
CUST045135,Affluent,0.0,,0,15404650.25,0,Normal,No action needed,7
CUST019313,Mass,0.00125,Low,0,6298788.8,0,Normal,No action needed,7
CUST013423,Mass,0.0,,0,7843269.62,0,Normal,No action needed,7
CUST039022,Affluent,0.2022245964233446,Low,0,14239356.59,0,Normal,No action needed,7
CUST014148,Affluent,0.0,,0,14909111.79,0,Normal,No action needed,7
CUST030683,Affluent,0.0003083003952569,Low,0,17702891.19,0,Normal,No action needed,7
CUST013156,Mass,0.0159232835877572,Low,0,1584864.37,0,Normal,No action needed,7
CUST001760,Mass,0.0018206562266964,Low,0,5920490.87,0,Normal,No action needed,7
CUST012555,Mass,0.0929128875114539,Low,0,5061656.2,0,Normal,No action needed,7
CUST020457,Affluent,0.00032877882152,Low,0,11548031.7,0,Normal,No action needed,7
CUST035666,Mass,0.1579445782002774,Low,0,7546516.8,0,Normal,No action needed,7
CUST026580,Mass,0.2150954351400246,Low,1,3172973.58,0,Normal,No action needed,7
CUST036397,Affluent,6.493506493506494e-05,Low,0,19113241.62,0,Normal,No action needed,7
CUST029221,Mass,0.0003245075879883,Low,0,5107402.18,0,Normal,No action needed,7
CUST027958,Mass,0.001045732874091,Low,0,7004941.56,0,Normal,No action needed,7
CUST032223,HNI,0.0013846153846153,Low,0,32796650.32,0,Normal,No action needed,7
CUST009897,HNI,0.0961213962597971,Low,1,31290188.880000003,0,Normal,No action needed,7
CUST017745,HNI,0.0001412429378531,Low,0,38048489.71,0,Normal,No action needed,7
CUST007093,Affluent,0.0,,0,21243128.56,0,Normal,No action needed,7
CUST015688,Mass,0.0004279169527691,Low,0,7200944.86,0,Normal,No action needed,7
CUST004644,Affluent,0.0013888888888888,Low,0,15240612.47,0,Normal,No action needed,7
CUST028279,Mass,0.0025738746690203,Low,0,9990207.05,0,Normal,No action needed,7
CUST032320,HNI,0.0,,0,30033488.37,0,Normal,No action needed,7
CUST023058,Affluent,0.0022727272727272,Low,0,12633877.13,0,Normal,No action needed,7
CUST043661,Affluent,0.0,,0,18713819.74,0,Normal,No action needed,7
CUST029334,Affluent,0.0005,Low,0,21283205.61,0,Normal,No action needed,7
CUST009011,Mass,0.0001072607260726,Low,0,15735299.27,0,Normal,No action needed,7
CUST011314,Mass,0.0,,0,8039793.45,0,Normal,No action needed,7
CUST000820,Mass,0.1947672616093475,Low,0,3876269.89,0,Normal,No action needed,7
CUST009749,Mass,0.1373037581760971,Low,1,6398132.869999999,0,Normal,No action needed,7
CUST030841,Mass,0.1455689914173828,Low,0,3306391.31,0,Normal,No action needed,7
CUST031124,Mass,0.006978431372549,Low,0,7038613.04,0,Normal,No action needed,7
CUST007180,Mass,0.0004495504495504,Low,0,10311383.3,0,Normal,No action needed,7
CUST048742,Mass,0.0,,0,3842121.76,0,Normal,No action needed,7
CUST021824,Affluent,9.09090909090909e-05,Low,0,14860411.16,0,Normal,No action needed,7
CUST026789,Affluent,6.493506493506494e-05,Low,0,24410645.5,0,Normal,No action needed,7
CUST049367,Affluent,0.0019597069597069,Low,0,22286352.5,0,Normal,No action needed,7
CUST024383,Affluent,0.0031739879414298,Low,0,15404326.19,0,Normal,No action needed,7
CUST009689,Mass,0.0066625615763546,Low,0,6605041.34,0,Normal,No action needed,7
CUST020056,Affluent,0.00032877882152,Low,0,11627172.18,0,Normal,No action needed,7
CUST020036,Mass,0.1430789273387334,Low,1,3411442.85,0,Normal,No action needed,7
CUST021110,Mass,0.0033526570048309,Low,0,7179684.01,0,Normal,No action needed,7
CUST008097,Affluent,0.0081209062676453,Low,0,24805491.79,0,Normal,No action needed,7
CUST015919,HNI,0.0002173913043478,Low,0,33621408.01,0,Normal,No action needed,7
CUST036123,Mass,0.0047755053394355,Low,0,1634788.27,0,Normal,No action needed,7
CUST026092,HNI,0.1856507121663159,Low,0,31291204.93,0,Normal,No action needed,7
CUST002869,Mass,0.0,,0,6671567.01,0,Normal,No action needed,7
CUST045898,Mass,0.0,,0,7846203.47,0,Normal,No action needed,7
CUST044477,Affluent,0.0009375,Low,0,19023032.22,0,Normal,No action needed,7
CUST021622,Mass,0.002157738095238,Low,0,3395740.14,0,Normal,No action needed,7
CUST001385,Mass,0.1233542795029062,Low,1,7321122.42,0,Normal,No action needed,7
CUST037667,Affluent,0.0,,0,20492338.75,0,Normal,No action needed,7
CUST025906,Mass,0.0019798344643545,Low,0,3099485.48,0,Normal,No action needed,7
CUST045626,Mass,0.1557630825986702,Low,0,8314553.720000001,0,Normal,No action needed,7
CUST013023,Affluent,0.0024,Low,0,19138531.02,0,Normal,No action needed,7
CUST008653,Mass,0.0114575387744724,Low,0,9396509.29,0,Normal,No action needed,7
CUST037219,Affluent,0.0003854360453161,Low,0,17532314.06,0,Normal,No action needed,7
CUST013405,Affluent,0.0066206140350877,Low,0,22163751.92,0,Normal,No action needed,7
CUST049948,Mass,0.0004891304347826,Low,0,7752815.630000001,0,Normal,No action needed,7
CUST037087,Mass,0.0005058414118816,Low,0,4632550.08,0,Normal,No action needed,7
CUST009394,Affluent,0.0,,0,17924940.13,0,Normal,No action needed,7
CUST005919,HNI,0.0021666666666666,Low,0,26525211.51,0,Normal,No action needed,7
CUST009729,Mass,0.0004567307692307,Low,0,7249402.56,0,Normal,No action needed,7
CUST045375,HNI,0.1413625027735769,Low,0,39554262.9,0,Normal,No action needed,7
CUST007742,HNI,0.149605287783633,Low,0,41232322.85,0,Normal,No action needed,7
CUST031318,HNI,0.0037234848484848,Low,0,34856181.85,0,Normal,No action needed,7
CUST029974,HNI,0.0,,0,33694446.4,0,Normal,No action needed,7
CUST038931,Affluent,0.0,,0,14274355.12,0,Normal,No action needed,7
CUST002398,Mass,0.0076117979242979,Low,0,2964218.88,0,Normal,No action needed,7
CUST013274,Affluent,0.0001724137931034,Low,0,21764967.9,0,Normal,No action needed,7
CUST001682,Affluent,0.0013333333333333,Low,0,18882311.08,0,Normal,No action needed,7
CUST008856,Mass,0.0004545454545454,Low,0,3096503.3200000003,0,Normal,No action needed,7
CUST033740,Affluent,0.0,,0,10772436.39,0,Normal,No action needed,7
CUST037399,HNI,0.2484486327339944,Low,0,26783801.11,0,Normal,No action needed,7
CUST003795,Affluent,0.000625,Low,0,16082246.24,0,Normal,No action needed,7
CUST049859,Affluent,0.0009946236559139,Low,0,15819471.64,0,Normal,No action needed,7
CUST005786,Mass,0.0054354580245577,Low,0,9211218.86,0,Normal,No action needed,7
CUST003216,Affluent,0.1897685875900711,Low,0,28827941.25,0,Normal,No action needed,7
CUST016465,HNI,0.0,,0,37561412.88,0,Normal,No action needed,7
CUST011567,Affluent,0.00032877882152,Low,0,18142460.96,0,Normal,No action needed,7
CUST017366,Mass,0.0005559786747905,Low,0,7496123.840000001,0,Normal,No action needed,7
CUST025523,Mass,0.0050557734204793,Low,0,2999393.12,0,Normal,No action needed,7
CUST049786,Mass,1.607717041800643e-05,Low,0,6139442.15,0,Normal,No action needed,7
CUST032283,Mass,0.0075198412698412,Low,0,2894969.77,0,Normal,No action needed,7
CUST041400,Mass,0.1434224736340575,Low,0,5474977.79,0,Normal,No action needed,7
CUST037301,Mass,0.0001289134438305,Low,0,8529156.1,0,Normal,No action needed,7
CUST029120,HNI,0.1652586690725635,Low,0,18892616.04,0,Normal,No action needed,7
CUST005041,Affluent,0.101380176501878,Low,1,17585556.58,0,Normal,No action needed,7
CUST017073,Mass,0.0001470588235294,Low,0,10805240.79,0,Normal,No action needed,7
CUST038462,Mass,0.0007692307692307,Low,0,3933003.55,0,Normal,No action needed,7
CUST026897,Mass,0.0109983465608465,Low,0,3397925.99,0,Normal,No action needed,7
CUST004125,Mass,0.1607473452149207,Low,0,4360698.12,0,Normal,No action needed,7
CUST034394,Affluent,0.0090119047619047,Low,0,18681614.22,0,Normal,No action needed,7
CUST008682,Affluent,0.0,,0,20922629.69,0,Normal,No action needed,7
CUST026062,Affluent,0.0,,0,13750774.0,0,Normal,No action needed,7
CUST018477,Affluent,0.0,,0,12262378.38,0,Normal,No action needed,7
CUST046241,Mass,0.1261962167851256,Low,0,4889964.26,0,Normal,No action needed,7
CUST045445,Mass,0.0,,0,4412024.27,0,Normal,No action needed,7
CUST046680,Mass,0.0097552447552447,Low,0,3643482.04,0,Normal,No action needed,7
CUST004555,Affluent,0.0,,0,19928322.25,0,Normal,No action needed,7
CUST045433,Affluent,0.0011538461538461,Low,0,23265419.06,0,Normal,No action needed,7
CUST036886,Mass,0.0,,0,5130186.2700000005,0,Normal,No action needed,7
CUST038549,Mass,0.0163995431092205,Low,0,5381977.19,0,Normal,No action needed,7
CUST040890,Mass,0.1137800344934518,Low,0,2387990.5,0,Normal,No action needed,7
CUST025164,Affluent,0.0,,0,27949457.33,0,Normal,No action needed,7
CUST019302,Mass,0.1375967960974027,Low,0,2746780.44,0,Normal,No action needed,7
CUST017439,Mass,0.0021905940594059,Low,0,4234377.03,0,Normal,No action needed,7
CUST017555,Mass,0.0011727799227799,Low,0,4136288.35,0,Normal,No action needed,7
CUST039117,Mass,0.2942321857657655,Low,1,3297916.67,0,Normal,No action needed,7
CUST008689,Mass,0.2003508663226113,Low,0,8451830.7,0,Normal,No action needed,7
CUST044493,Ultra HNI,0.0042857142857142,Low,0,48338915.61,1,High frequency trader,Flag for algo trading review — separate model needed,7
CUST045316,Mass,0.0004761904761904,Low,0,6098644.12,0,Normal,No action needed,7
CUST033648,Mass,0.0025588235294117,Low,0,3826773.81,0,Normal,No action needed,7
CUST025385,Mass,0.0568584898969748,Low,0,6676470.350000001,0,Normal,No action needed,7
CUST045498,Mass,0.0004166666666666,Low,0,6858753.84,0,Normal,No action needed,7
CUST025565,Mass,0.1804851379950977,Low,0,2764428.3,0,Normal,No action needed,7
CUST043450,Mass,4.1666666666666665e-05,Low,0,5057853.6,0,Normal,No action needed,7
CUST016540,Affluent,0.1445124097900371,Low,1,19669462.64,0,Normal,No action needed,7
CUST007065,HNI,0.0,,0,32727958.12,0,Normal,No action needed,7
CUST010038,Mass,0.1365935233385193,Low,1,5479033.92,0,Normal,No action needed,7
CUST024599,Affluent,0.0,,0,25222595.58,0,Normal,No action needed,7
CUST020786,Mass,0.0073888888888888,Low,0,10896130.15,0,Normal,No action needed,7
CUST007720,Affluent,0.0,,0,16725016.86,0,Normal,No action needed,7
CUST038983,Mass,0.1002080837065154,Low,0,4272824.76,0,Normal,No action needed,7
CUST013751,Affluent,0.0004411764705882,Low,0,20424528.84,0,Normal,No action needed,7
CUST038587,Mass,0.0050551470588235,Low,0,3904051.75,0,Normal,No action needed,7
CUST029763,HNI,0.004203947368421,Low,0,57004686.71,1,Other anomaly,No action needed,7
CUST006878,Mass,0.0,,0,4953518.69,0,Normal,No action needed,7
CUST019111,Mass,0.0,,0,3922409.37,0,Normal,No action needed,7
CUST003921,Mass,0.1904300920938789,Low,0,2625346.39,0,Normal,No action needed,7
CUST009976,HNI,0.0,,0,40872286.5,0,Normal,No action needed,7
CUST013278,Affluent,0.0,,0,28431846.73,0,Normal,No action needed,7
CUST023557,Affluent,0.0007724137931034,Low,0,11809967.68,0,Normal,No action needed,7
CUST041572,Mass,0.0,,0,5219140.99,0,Normal,No action needed,7
CUST014703,Affluent,0.0,,0,21992038.97,0,Normal,No action needed,7
CUST013889,HNI,0.0007294782319707,Low,0,35122801.75,0,Normal,No action needed,7
CUST046632,Affluent,0.0008677685950413,Low,0,16333928.27,0,Normal,No action needed,7
CUST045038,Mass,6.134969325153375e-05,Low,0,7330976.0,0,Normal,No action needed,7
CUST000973,Affluent,0.0,,0,28716976.73,0,Normal,No action needed,7
CUST014381,Mass,0.000926782273603,Low,0,14235733.25,0,Normal,No action needed,7
CUST007311,Affluent,0.0,,0,18899205.76,0,Normal,No action needed,7
CUST016527,Affluent,0.0056715611563733,Low,0,33033453.74,0,Normal,No action needed,7
CUST031236,Affluent,0.0016988727858293,Low,0,28301904.52,0,Normal,No action needed,7
CUST026403,Mass,0.0031672932330827,Low,0,9139562.5,0,Normal,No action needed,7
CUST047175,Mass,0.0041478696741854,Low,0,10266782.83,0,Normal,No action needed,7
CUST032986,Affluent,0.0003333333333333,Low,0,17044471.419999998,0,Normal,No action needed,7
CUST020004,Affluent,0.0004545454545454,Low,0,23724824.68,0,Normal,No action needed,7
CUST008881,HNI,0.0022,Low,0,32627954.17,0,Normal,No action needed,7
CUST029324,Affluent,0.0006439393939393,Low,0,18319881.7,0,Normal,No action needed,7
CUST008036,HNI,0.1655658922029498,Low,0,47191954.31,0,Normal,No action needed,7
CUST041852,Mass,0.0020833333333333,Low,0,4427506.22,0,Normal,No action needed,7
CUST045807,Mass,0.2019729488919422,Low,0,6316382.59,0,Normal,No action needed,7
CUST014349,Mass,0.0003649819846851,Low,0,7197960.17,0,Normal,No action needed,7
CUST010069,Mass,0.0001289134438305,Low,0,7977476.61,0,Normal,No action needed,7
CUST047551,Mass,0.0011538461538461,Low,0,3094930.7,0,Normal,No action needed,7
CUST001344,Mass,0.230099644683102,Low,0,3461259.7800000003,0,Normal,No action needed,7
CUST006485,Mass,0.0001923076923076,Low,0,6709712.62,0,Normal,No action needed,7
CUST012742,Mass,0.1516573873173432,Low,0,4924575.87,0,Normal,No action needed,7
CUST028063,HNI,0.1549243364761935,Low,0,31864176.4,0,Normal,No action needed,7
CUST035397,HNI,5.6657223796034e-05,Low,0,52380301.82,1,High frequency trader,Flag for algo trading review — separate model needed,7
CUST042541,Mass,0.0005219185822996,Low,0,5818264.53,0,Normal,No action needed,7
CUST001571,Mass,0.0023333333333333,Low,0,5083709.73,0,Normal,No action needed,7
CUST031010,Affluent,0.0025921541811996,Low,0,17329409.17,0,Normal,No action needed,7
CUST013736,Affluent,0.0,,0,11931260.76,0,Normal,No action needed,7
CUST014979,HNI,0.1018476193957021,Low,0,46478810.71,0,Normal,No action needed,7
CUST015651,Mass,0.0,,0,9828217.2,0,Normal,No action needed,7
CUST048481,Mass,0.1437799807247282,Low,0,1518402.2,0,Normal,No action needed,7
CUST013014,Mass,0.0049711791831357,Low,0,2421203.59,0,Normal,No action needed,7
CUST022455,Mass,0.0004567307692307,Low,0,10522635.670000002,0,Normal,No action needed,7
CUST006119,Mass,0.000782208588957,Low,0,6813223.76,0,Normal,No action needed,7
CUST007471,Mass,0.0030206002157427,Low,0,6709304.87,0,Normal,No action needed,7
CUST014700,Mass,0.0007539682539682,Low,0,5884155.36,0,Normal,No action needed,7
CUST017238,Mass,0.0006944444444444,Low,0,3833123.94,0,Normal,No action needed,7
CUST049148,Ultra HNI,0.0030434782608695,Low,0,64593701.88,1,High frequency trader,Flag for algo trading review — separate model needed,7
CUST021469,Mass,0.0056295061502862,Low,0,3138148.43,0,Normal,No action needed,7
CUST024074,Affluent,0.2464091363445684,Low,0,16275750.95,0,Normal,No action needed,7
CUST017192,Mass,0.0,,0,4097913.6,0,Normal,No action needed,7
CUST003856,Affluent,0.2331836161640482,Low,0,12093786.84,0,Normal,No action needed,7
CUST008913,Mass,0.0001072607260726,Low,0,14428172.32,0,Normal,No action needed,7
CUST031209,Mass,0.0011784949525848,Low,0,5075914.88,0,Normal,No action needed,7
CUST037006,Affluent,0.1993045208907762,Low,0,18763647.17,0,Normal,No action needed,7
CUST037296,Affluent,0.1437940447025565,Low,0,16379065.74,0,Normal,No action needed,7
CUST029482,HNI,0.1681439172119024,Low,0,41895573.49,0,Normal,No action needed,7
CUST004573,Mass,0.0077897790615181,Low,0,3333331.14,0,Normal,No action needed,7
CUST045402,Mass,0.0004411764705882,Low,0,5856986.36,0,Normal,No action needed,7
CUST010004,Affluent,0.0002601156069364,Low,0,24021003.43,0,Normal,No action needed,7
CUST032611,Mass,0.0022235202492211,Low,0,4630571.45,0,Normal,No action needed,7
CUST016496,Affluent,0.2226804672386384,Low,0,13996768.21,0,Normal,No action needed,7
CUST014745,Affluent,0.0045205525892024,Low,0,9457790.52,0,Normal,No action needed,7
CUST045284,HNI,0.1498439004376947,Low,0,43543316.31,1,High frequency trader,Flag for algo trading review — separate model needed,7
CUST007951,Mass,0.0,,0,5243034.53,0,Normal,No action needed,7
CUST036719,Affluent,0.0003867403314917,Low,0,17018737.94,0,Normal,No action needed,7
CUST021658,HNI,0.0004545454545454,Low,0,37462748.53,0,Normal,No action needed,7
CUST026058,HNI,0.0002380952380952,Low,0,38783219.81,0,Normal,No action needed,7
CUST017738,Mass,0.1152622796405341,Low,0,4086012.03,0,Normal,No action needed,7
CUST042787,Mass,0.0009472934472934,Low,0,10464456.03,0,Normal,No action needed,7
CUST023068,Mass,0.2347553082812878,Low,0,6166336.99,0,Normal,No action needed,7
CUST046454,HNI,3.816793893129771e-05,Low,0,34759588.96,0,Normal,No action needed,7
CUST017896,Mass,0.0018059786747905,Low,0,7473461.31,0,Normal,No action needed,7
CUST016310,HNI,0.0046666666666666,Low,0,31440981.09,0,Normal,No action needed,7
CUST021287,Mass,0.002870018975332,Low,0,3630285.91,0,Normal,No action needed,7
CUST016392,Affluent,0.0010117403314917,Low,0,16425283.54,0,Normal,No action needed,7
CUST000048,Affluent,0.1272750686913799,Low,1,25663140.58,0,Normal,No action needed,7
CUST034534,Mass,0.0051310483870967,Low,0,4714343.26,0,Normal,No action needed,7
CUST019131,Mass,0.223746306724562,Low,0,4304559.93,0,Normal,No action needed,7
CUST025645,HNI,0.0006601890779303,Low,0,34087435.84,0,Normal,No action needed,7
CUST044199,Mass,0.160102401067339,Low,0,3679733.73,0,Normal,No action needed,7
CUST019149,HNI,0.0039285317018909,Low,0,41329539.64,1,Other anomaly,No action needed,7
CUST020340,Affluent,0.0002631578947368,Low,0,25168228.45,0,Normal,No action needed,7
CUST020247,Mass,0.0,,0,7133220.42,0,Normal,No action needed,7
CUST002155,Affluent,0.005,Low,0,9398515.68,0,Normal,No action needed,7
CUST043780,Affluent,0.0004166666666666,Low,0,20887541.49,0,Normal,No action needed,7
CUST046723,HNI,0.0004347826086956,Low,0,42530079.45,0,Normal,No action needed,7
CUST007165,Affluent,0.2065391344244362,Low,0,15780140.11,0,Normal,No action needed,7
CUST033834,Affluent,0.1055371479608468,Low,1,18383667.96,0,Normal,No action needed,7
CUST044066,Mass,0.0,,0,6650594.149999999,0,Normal,No action needed,7
CUST011246,Mass,0.0,,0,5030640.66,0,Normal,No action needed,7
CUST002226,Mass,0.0022456140350877,Low,0,3289519.17,0,Normal,No action needed,7
CUST048751,Mass,0.0011304347826086,Low,0,7179264.02,0,Normal,No action needed,7
CUST028881,Affluent,0.0,,0,15105293.22,0,Normal,No action needed,7
CUST017446,Mass,0.0009375,Low,0,15233519.42,0,Normal,No action needed,7
CUST006362,Mass,0.0013910553253716,Low,0,5547220.51,0,Normal,No action needed,7
CUST035886,Mass,0.0,,0,4112191.65,0,Normal,No action needed,7
CUST022350,Affluent,0.1399682074281759,Low,0,9817338.93,0,Normal,No action needed,7
CUST020662,Mass,0.0043689802844214,Low,0,2055094.35,0,Normal,No action needed,7
CUST009827,Mass,0.1301957565262058,Low,0,4071747.35,0,Normal,No action needed,7
CUST007183,Affluent,0.1528020242371652,Low,0,15496127.77,0,Normal,No action needed,7
CUST005870,Affluent,0.0,,0,19110465.85,0,Normal,No action needed,7
CUST013890,Mass,0.0003206562266964,Low,0,5610299.12,0,Normal,No action needed,7
CUST044864,Mass,0.0031378299120234,Low,0,7675767.76,0,Normal,No action needed,7
CUST038844,Affluent,0.0033578431372549,Low,0,26243689.970000003,0,Normal,No action needed,7
CUST002679,HNI,0.0026315789473684,Low,0,35634621.08,0,Normal,No action needed,7
CUST021264,Mass,0.0034972259908643,Low,0,8530640.89,0,Normal,No action needed,7
CUST028963,Mass,0.0003649819846851,Low,0,6545056.24,0,Normal,No action needed,7
CUST031051,Mass,0.0003571428571428,Low,0,8711780.83,0,Normal,No action needed,7
CUST037174,Affluent,6.493506493506494e-05,Low,0,18238051.32,0,Normal,No action needed,7
CUST016747,Affluent,0.0004545454545454,Low,0,17888699.45,0,Normal,No action needed,7
CUST000957,Affluent,0.1055062753363673,Low,0,15227747.39,0,Normal,No action needed,7
CUST048644,Mass,0.0015595327336331,Low,0,9357143.41,0,Normal,No action needed,7
CUST000098,Affluent,0.0,,0,9719692.44,0,Normal,No action needed,7
CUST042538,HNI,0.000340909090909,Low,0,42180422.67,0,Normal,No action needed,7
CUST020771,Affluent,0.0032456140350877,Low,0,12811834.99,0,Normal,No action needed,7
CUST046690,Affluent,0.0,,0,18760705.17,0,Normal,No action needed,7
CUST037617,Mass,0.1203868306391724,Low,0,1722588.27,0,Normal,No action needed,7
CUST035813,Mass,0.0003206562266964,Low,0,11675684.86,0,Normal,No action needed,7
CUST013017,Mass,0.2156471612470638,Low,0,5153488.36,0,Normal,No action needed,7
CUST028749,HNI,0.0009126984126984,Low,0,33053659.700000003,0,Normal,No action needed,7
CUST009654,Mass,0.1292560563784474,Low,0,5384404.58,0,Normal,No action needed,7
CUST012682,Mass,0.0014047619047619,Low,0,4871419.149999999,0,Normal,No action needed,7
CUST001944,Mass,0.0192591655420602,Low,0,1879572.71,0,Normal,No action needed,7
CUST025318,Mass,0.0136012635875781,Low,0,5392028.15,0,Normal,No action needed,7
CUST040867,Mass,0.000576923076923,Low,0,4722285.4,0,Normal,No action needed,7
CUST002077,HNI,0.0006,Low,0,31462712.88,0,Normal,No action needed,7
CUST025914,Affluent,0.0,,0,11174628.27,0,Normal,No action needed,7
CUST035920,Affluent,0.003375,Low,0,19838842.88,0,Normal,No action needed,7
CUST005584,Mass,0.0,,0,4819602.55,0,Normal,No action needed,7
CUST046239,Mass,0.1594954324732057,Low,0,3992159.06,0,Normal,No action needed,7
CUST000603,Affluent,0.1597882544303851,Low,0,10066621.69,0,Normal,No action needed,7
CUST038448,Affluent,0.0,,0,24245027.06,0,Normal,No action needed,7
CUST007044,Mass,0.0011571428571428,Low,0,4088041.59,0,Normal,No action needed,7
CUST047867,Affluent,0.0,,0,22833372.84,0,Normal,No action needed,7
CUST015142,Mass,0.0,,0,4494835.09,0,Normal,No action needed,7
CUST048872,Mass,0.0014285714285714,Low,0,7954374.67,0,Normal,No action needed,7
CUST030229,Mass,0.0016161616161616,Low,0,2567370.93,0,Normal,No action needed,7
CUST048871,Mass,0.001711229946524,Low,0,4851173.65,0,Normal,No action needed,7
CUST039706,Mass,0.0032272727272727,Low,0,3594391.46,0,Normal,No action needed,7
CUST046139,Affluent,0.0026041666666666,Low,0,14950691.25,0,Normal,No action needed,7
CUST003100,Mass,0.0018566176470588,Low,0,5804797.16,0,Normal,No action needed,7
CUST022787,Mass,0.1283426445007903,Low,1,6760348.57,0,Normal,No action needed,7
CUST011925,Mass,0.1292594854285623,Low,0,3849848.6,0,Normal,No action needed,7
CUST045892,Affluent,0.0004545454545454,Low,0,22500892.44,0,Normal,No action needed,7
CUST025028,Mass,0.0022526496622408,Low,0,8013206.52,0,Normal,No action needed,7
CUST010421,Mass,0.0015089285714285,Low,0,3957950.65,0,Normal,No action needed,7
CUST023026,HNI,0.1449938994071492,Low,0,22231899.47,0,Normal,No action needed,7
CUST037893,Mass,0.0190732124987155,Low,0,2021474.1,0,Normal,No action needed,7
CUST016160,Mass,0.006409149960027,Low,0,11934830.13,0,Normal,No action needed,7
CUST019186,Affluent,0.0019241726934034,Low,0,23221902.44,0,Normal,No action needed,7
CUST009999,Affluent,0.0,,0,10870958.05,0,Normal,No action needed,7
CUST022567,Affluent,0.0004285714285714,Low,0,20754363.93,0,Normal,No action needed,7
CUST038908,Mass,0.1198716176248154,Low,1,6444415.05,0,Normal,No action needed,7
CUST037662,Affluent,0.0018333333333333,Low,0,20425172.72,0,Normal,No action needed,7
CUST001178,Mass,0.0061538461538461,Low,0,4455009.37,0,Normal,No action needed,7
CUST030176,Affluent,0.005641304347826,Low,0,11721104.27,0,Normal,No action needed,7
CUST001681,Affluent,0.2269424585725145,Low,0,8918858.75,0,Normal,No action needed,7
CUST037391,Affluent,0.0,,0,11944310.5,0,Normal,No action needed,7
CUST046740,Mass,0.2292021901833333,Low,1,7366793.66,0,Normal,No action needed,7
CUST038078,Mass,0.1743922032125984,Low,0,6945940.27,0,Normal,No action needed,7
CUST004127,Mass,0.0,,0,10047421.92,0,Normal,No action needed,7
CUST036109,Mass,0.0059384174601565,Low,0,2758903.94,0,Normal,No action needed,7
CUST000825,Mass,0.0034089343132751,Low,0,5628537.88,0,Normal,No action needed,7
CUST032375,Mass,0.0015217391304347,Low,0,8542481.89,0,Normal,No action needed,7
CUST024439,Mass,0.0030729166666666,Low,0,3501348.72,0,Normal,No action needed,7
CUST003546,Mass,0.0016699660633484,Low,0,2940704.5700000003,0,Normal,No action needed,7
CUST024390,Mass,0.0001401869158878,Low,0,6849084.7700000005,0,Normal,No action needed,7
CUST020748,Mass,0.0003206562266964,Low,0,5349780.08,0,Normal,No action needed,7
CUST000201,Mass,0.0001072607260726,Low,0,6105729.67,0,Normal,No action needed,7
CUST021907,Mass,0.0046008403361344,Low,0,6977842.1,0,Normal,No action needed,7
CUST026224,HNI,0.0,,0,42371858.63,0,Normal,No action needed,7
CUST000137,Mass,0.0,,0,4241902.63,0,Normal,No action needed,7
CUST046650,Mass,0.1404692310096753,Low,0,3977172.7,0,Normal,No action needed,7
CUST024908,Affluent,0.2656611015935535,Low,0,14677226.39,0,Normal,No action needed,7
CUST015905,Affluent,0.1231054599371533,Low,0,18037434.49,0,Normal,No action needed,7
CUST016252,Mass,0.1405656623660791,Low,0,6437882.08,0,Normal,No action needed,7
CUST047349,Mass,0.0,,0,5191268.05,0,Normal,No action needed,7
CUST003165,Affluent,0.1861140404972963,Low,0,14681977.41,0,Normal,No action needed,7
CUST035324,Ultra HNI,0.0031424148606811,Low,0,85048844.32000001,1,High frequency trader,Flag for algo trading review — separate model needed,7
CUST047308,Mass,0.0,,0,5956233.98,0,Normal,No action needed,7
CUST040706,Mass,0.0017217969746673,Low,0,6226116.62,0,Normal,No action needed,7
CUST009841,Mass,0.0057324561403508,Low,0,4680751.96,0,Normal,No action needed,7
CUST001959,Affluent,0.0008333333333333,Low,0,16344825.89,0,Normal,No action needed,7
CUST049467,HNI,0.0,,0,36222325.0,0,Normal,No action needed,7
CUST030272,Affluent,0.0007077100115074,Low,0,27364822.74,0,Normal,No action needed,7
CUST026881,Mass,0.1717244431459992,Low,0,3892425.49,0,Normal,No action needed,7
CUST025836,Mass,0.001886189258312,Low,0,8447455.04,0,Normal,No action needed,7
CUST003514,HNI,0.163529166838403,Low,0,35754621.55,0,Normal,No action needed,7
CUST011047,HNI,0.0028478867623604,Low,0,37039910.41,1,High frequency trader,Flag for algo trading review — separate model needed,7
CUST041295,Mass,0.270987031331983,Low,0,1859398.12,0,Normal,No action needed,7
CUST043686,Affluent,0.002920892494929,Low,0,13583059.97,0,Normal,No action needed,7
CUST038049,Mass,0.0,,0,5891838.26,0,Normal,No action needed,7
CUST024976,Mass,0.179361132331901,Low,0,3556881.56,0,Normal,No action needed,7
CUST003427,Mass,0.0,,0,6644364.99,0,Normal,No action needed,7
CUST036193,HNI,0.163674187671543,Low,1,25540731.3,0,Normal,No action needed,7
CUST028789,Mass,0.0023571428571428,Low,0,18073189.95,0,Normal,No action needed,7
CUST035144,Mass,0.1217876454498479,Low,0,3494787.41,0,Normal,No action needed,7
CUST027512,Mass,0.2169308887001856,Low,0,5936028.74,0,Normal,No action needed,7
CUST035670,Mass,0.0,,0,3841692.92,0,Normal,No action needed,7
CUST024454,Mass,0.001110000634558,Low,0,11592053.39,0,Normal,No action needed,7
CUST048978,Mass,0.001,Low,0,9908213.28,0,Normal,No action needed,7
CUST042458,Mass,0.0,,0,6718804.91,0,Normal,No action needed,7
CUST039921,Ultra HNI,0.192563729405285,Low,1,56103451.52,1,High frequency trader,Flag for algo trading review — separate model needed,7
CUST018215,Affluent,0.0,,0,16441512.39,0,Normal,No action needed,7
CUST023225,Affluent,0.0025107431749241,Low,0,15478097.68,0,Normal,No action needed,7
CUST028736,Mass,0.0,,0,7096492.24,0,Normal,No action needed,7
CUST048220,Affluent,0.0001388888888888,Low,0,19198358.15,0,Normal,No action needed,7
CUST034699,Affluent,9.09090909090909e-05,Low,0,13737178.67,0,Normal,No action needed,7
CUST025263,HNI,0.0004347826086956,Low,0,44962358.16,0,Normal,No action needed,7
CUST042441,Affluent,0.150193174099426,Low,0,10694330.87,0,Normal,No action needed,7
CUST025591,Mass,0.023062899323609,Low,0,3437057.19,0,Normal,No action needed,7
CUST039249,Affluent,0.0,,0,21746496.14,0,Normal,No action needed,7
CUST017245,Affluent,0.1562640457419567,Low,0,23758288.09,0,Normal,No action needed,7
CUST042652,Mass,0.0125467850958047,Low,0,5257426.08,0,Normal,No action needed,7
CUST027484,Affluent,0.0902607803841703,Low,0,11942422.17,0,Normal,No action needed,7
CUST038821,Affluent,0.0026666666666666,Low,0,18688273.44,0,Normal,No action needed,7
CUST003978,Mass,0.0038167282812992,Low,0,9259416.47,0,Normal,No action needed,7
CUST041114,Mass,0.0001938485087656,Low,0,10704093.31,0,Normal,No action needed,7
CUST045175,Mass,0.0003181818181818,Low,0,3900597.85,0,Normal,No action needed,7
CUST032566,Mass,0.1154410031254077,Low,0,6908359.62,0,Normal,No action needed,7
CUST048570,Ultra HNI,0.0013166144200626,Low,0,72814141.94,1,High frequency trader,Flag for algo trading review — separate model needed,7
CUST037754,HNI,0.0,,0,42193123.45,0,Normal,No action needed,7
CUST024210,Mass,0.0022222222222222,Low,0,4953554.57,0,Normal,No action needed,7
CUST047772,Affluent,0.0015832877480531,Low,0,16371530.05,0,Normal,No action needed,7
CUST034634,Affluent,0.0,,0,22767721.0,0,Normal,No action needed,7
CUST006813,Mass,0.1165007448686091,Low,0,1559198.4300000002,0,Normal,No action needed,7
CUST039988,Mass,0.0001470588235294,Low,0,6213630.18,0,Normal,No action needed,7
CUST007623,Mass,0.0001072607260726,Low,0,6260008.8100000005,0,Normal,No action needed,7
CUST035526,Mass,0.1113155345953023,Low,0,5765851.11,0,Normal,No action needed,7
CUST005101,Affluent,0.219693522082201,Low,0,17700953.94,0,Normal,No action needed,7
CUST005850,Mass,0.0054164167916041,Low,0,6144896.03,0,Normal,No action needed,7
CUST009888,Mass,0.1446696691905648,Low,1,11011726.65,0,Normal,No action needed,7
CUST034270,Affluent,0.1191521980535678,Low,0,12522131.1,0,Normal,No action needed,7
CUST036156,Mass,0.0010843381989986,Low,0,3454854.75,0,Normal,No action needed,7
CUST028160,Affluent,0.0032608695652173,Low,0,32628704.84,0,Normal,No action needed,7
CUST033370,Affluent,0.0,,0,17862692.52,0,Normal,No action needed,7
CUST016308,Mass,0.0901139014998155,Low,1,5629166.07,0,Normal,No action needed,7
CUST040303,Affluent,0.0013242403314917,Low,0,17176609.08,0,Normal,No action needed,7
CUST020871,Affluent,0.0,,0,15899803.43,0,Normal,No action needed,7
CUST038302,Affluent,0.1411331538907543,Low,0,10648576.41,0,Normal,No action needed,7
CUST016688,Affluent,0.0014814814814814,Low,0,22319154.05,0,Normal,No action needed,7
CUST020288,HNI,0.0,,0,38817434.09,0,Normal,No action needed,7
CUST004140,Mass,0.0003077651515151,Low,0,5388908.69,0,Normal,No action needed,7
CUST015259,Mass,0.0,,0,8058372.4,0,Normal,No action needed,7
CUST028741,Mass,0.1730884870295995,Low,0,1459108.3,0,Normal,No action needed,7
CUST040820,Mass,0.0058741258741258,Low,0,3021651.25,0,Normal,No action needed,7
CUST034733,Ultra HNI,0.003192155067155,Low,0,82540559.16,1,High frequency trader,Flag for algo trading review — separate model needed,7
CUST006199,Mass,0.009742214089937,Low,0,3424021.08,0,Normal,No action needed,7
CUST016884,Affluent,0.0029477225672877,Low,0,17279598.59,0,Normal,No action needed,7
CUST041870,Mass,0.0005607180543564,Low,0,7286695.49,0,Normal,No action needed,7
CUST007553,Mass,0.0040223937969511,Low,0,6059699.81,0,Normal,No action needed,7
CUST007339,Mass,0.0,,0,5310966.8,0,Normal,No action needed,7
CUST022665,Mass,0.001375935828877,Low,0,4250931.99,0,Normal,No action needed,7
CUST048757,Affluent,0.0,,0,17236197.27,0,Normal,No action needed,7
CUST025599,HNI,0.0,,0,37390467.41,0,Normal,No action needed,7
CUST000175,Mass,0.0008620689655172,Low,0,6724086.9,0,Normal,No action needed,7
CUST002489,Affluent,5.6657223796034e-05,Low,0,19717028.66,0,Normal,No action needed,7
CUST024292,Mass,0.0,,0,3876460.14,0,Normal,No action needed,7
CUST024003,Mass,0.2521870923405477,Low,0,2920978.04,0,Normal,No action needed,7
CUST046315,Mass,0.0081987179487179,Low,0,10725928.42,0,Normal,No action needed,7
CUST041058,Mass,0.0,,0,4526644.66,0,Normal,No action needed,7
CUST038387,Mass,0.0,,0,6027795.04,0,Normal,No action needed,7
CUST011236,Ultra HNI,0.0137672316844276,Low,0,80300607.02,1,High frequency trader,Flag for algo trading review — separate model needed,7
CUST046200,Mass,0.0003686868686868,Low,0,8628306.26,0,Normal,No action needed,7
CUST032329,Mass,0.2405334982472849,Low,0,3716631.19,0,Normal,No action needed,7
CUST031164,Mass,0.155169435625028,Low,0,6694209.29,0,Normal,No action needed,7
CUST029292,Mass,0.0026839826839826,Low,0,7990203.609999999,0,Normal,No action needed,7
CUST046754,Affluent,0.0008435960591133,Low,0,18728215.55,0,Normal,No action needed,7
CUST041414,Affluent,0.0,,0,20615708.22,0,Normal,No action needed,7
CUST009278,Mass,0.0023529411764705,Low,0,6083777.86,0,Normal,No action needed,7
CUST012227,Mass,0.0084041477702192,Low,0,2133625.77,0,Normal,No action needed,7
CUST011316,Mass,0.0011539895600298,Low,0,4176715.11,0,Normal,No action needed,7
CUST017610,Affluent,0.0004,Low,0,9618310.01,0,Normal,No action needed,7
CUST032217,Mass,0.0003571428571428,Low,0,5929426.91,0,Normal,No action needed,7
CUST001676,HNI,0.1614004030623101,Low,0,28890113.55,0,Normal,No action needed,7
CUST044442,Mass,0.0035912698412698,Low,0,5142571.54,0,Normal,No action needed,7
CUST031269,HNI,0.0028080143540669,Low,0,32007408.37,0,Normal,No action needed,7
CUST033314,Affluent,0.1560569240630054,Low,0,18173096.35,0,Normal,No action needed,7
CUST026362,Mass,0.1216362211272147,Low,0,4478332.75,0,Normal,No action needed,7
CUST026942,Mass,0.0097009210596167,Low,0,2769477.52,0,Normal,No action needed,7
CUST016200,Mass,0.0007692307692307,Low,0,7214293.99,0,Normal,No action needed,7
CUST032853,Mass,0.0023295454545454,Low,0,6054472.970000001,0,Normal,No action needed,7
CUST029507,Mass,0.0009375,Low,0,4893142.140000001,0,Normal,No action needed,7
CUST025431,Affluent,0.0003333333333333,Low,0,16842852.14,0,Normal,No action needed,7
CUST022375,Affluent,0.0032256042183454,Low,0,20819992.37,0,Normal,No action needed,7
CUST005866,Mass,0.0035978825096472,Low,0,3765132.41,0,Normal,No action needed,7
CUST016858,Mass,0.0017087542087542,Low,0,3382861.1700000004,0,Normal,No action needed,7
CUST035354,HNI,0.1348153599668205,Low,1,31289074.26,0,Normal,No action needed,7
CUST004137,Mass,0.004383689107827,Low,0,2318189.64,0,Normal,No action needed,7
CUST007930,Mass,0.0001289134438305,Low,0,9899110.31,0,Normal,No action needed,7
CUST048946,Mass,0.002760054995957,Low,0,2087075.0,0,Normal,No action needed,7
CUST016376,HNI,0.0,,0,38441699.03,0,Normal,No action needed,7
CUST047707,Mass,0.0,,0,3253557.98,0,Normal,No action needed,7
CUST046968,Mass,0.0021807359307359,Low,0,7476486.96,0,Normal,No action needed,7
CUST030907,Mass,0.000782208588957,Low,0,7281660.95,0,Normal,No action needed,7
CUST024902,Mass,0.0020953598830836,Low,0,8986182.440000001,0,Normal,No action needed,7
CUST011877,HNI,0.1262684183697923,Low,1,36167136.17,0,Normal,No action needed,7
CUST026972,Mass,0.0007532649253731,Low,0,5767598.62,0,Normal,No action needed,7
CUST013104,Mass,0.2814076384569579,Low,0,6080979.130000001,0,Normal,No action needed,7
CUST040929,Mass,0.0003571428571428,Low,0,6058233.84,0,Normal,No action needed,7
CUST006714,Mass,0.0050502765208647,Low,0,3887166.49,0,Normal,No action needed,7
CUST016556,Affluent,0.0,,0,16619917.97,0,Normal,No action needed,7
CUST002748,Mass,0.0076217948717948,Low,0,2410771.17,0,Normal,No action needed,7
CUST006771,Affluent,0.001633126647607,Low,0,16710935.53,0,Normal,No action needed,7
CUST032157,Mass,0.0044274623968947,Low,0,15788464.63,0,Normal,No action needed,7
CUST033726,Affluent,0.0,,0,12771889.91,0,Normal,No action needed,7
CUST022217,Mass,0.0098890323037069,Low,0,7438914.779999999,0,Normal,No action needed,7
CUST022661,Mass,0.0,,0,6097661.24,0,Normal,No action needed,7
CUST027215,Mass,0.001359649122807,Low,0,5438693.41,0,Normal,No action needed,7
CUST047067,Mass,0.0003836051328386,Low,0,11906835.95,0,Normal,No action needed,7
CUST024405,Affluent,0.0035508241758241,Low,0,24451080.82,0,Normal,No action needed,7
CUST002211,Mass,0.1462551426465119,Low,0,3220431.36,0,Normal,No action needed,7
CUST013490,HNI,0.0003333333333333,Low,0,34808876.48,0,Normal,No action needed,7
CUST004196,Mass,0.0001072607260726,Low,0,10009064.0,0,Normal,No action needed,7
CUST025037,Mass,0.0001072607260726,Low,0,4178129.76,0,Normal,No action needed,7
CUST020060,Affluent,0.0054754962779156,Low,0,15159513.17,0,Normal,No action needed,7
CUST012416,HNI,0.001373106060606,Low,0,31597157.85,0,Normal,No action needed,7
CUST040573,Mass,0.0031672932330827,Low,0,6097980.46,0,Normal,No action needed,7
CUST021268,HNI,0.1733443194854957,Low,1,23574805.46,0,Normal,No action needed,7
CUST024601,Affluent,0.0009131944059356,Low,0,16803579.49,0,Normal,No action needed,7
CUST015127,Mass,0.0003206562266964,Low,0,6696453.19,0,Normal,No action needed,7
CUST008813,Mass,0.0001013513513513,Low,0,8207108.220000001,0,Normal,No action needed,7
CUST000462,Ultra HNI,0.0042738095238095,Low,0,78566686.81,1,High frequency trader,Flag for algo trading review — separate model needed,7
CUST012078,Mass,0.0011304347826086,Low,0,8453513.99,0,Normal,No action needed,7
CUST048109,Mass,0.005165458937198,Low,0,3662246.52,0,Normal,No action needed,7
CUST015360,Affluent,0.0,,0,19866870.96,0,Normal,No action needed,7
CUST030982,Affluent,0.0017391304347826,Low,0,16036017.96,0,Normal,No action needed,7
CUST028964,Mass,0.00032877882152,Low,0,7634132.640000001,0,Normal,No action needed,7
CUST016732,Affluent,0.0,,0,22912804.35,0,Normal,No action needed,7
CUST039185,Mass,0.0010357142857142,Low,0,7441695.7,0,Normal,No action needed,7
CUST015788,HNI,0.1280625304026408,Low,1,29782081.44,0,Normal,No action needed,7
CUST009884,Mass,0.1402367892693828,Low,1,4563701.8,0,Normal,No action needed,7
CUST044763,Mass,0.0,,0,4261362.32,0,Normal,No action needed,7
CUST012656,Affluent,0.0002777777777777,Low,0,8677689.03,0,Normal,No action needed,7
CUST049449,Affluent,0.0,,0,24800093.07,0,Normal,No action needed,7
CUST035283,Mass,0.0,,0,7878459.71,0,Normal,No action needed,7
CUST003041,HNI,0.0036583333333333,Low,0,44219409.11,0,Normal,No action needed,7
CUST005608,Mass,0.0008125323373844,Low,0,8015777.600000001,0,Normal,No action needed,7
CUST041182,Affluent,0.0,,0,13712794.51,0,Normal,No action needed,7
CUST001979,Affluent,0.001064935064935,Low,0,23923826.93,0,Normal,No action needed,7
CUST028589,Affluent,0.000625,Low,0,11991551.09,0,Normal,No action needed,7
CUST017108,Mass,0.0013695652173913,Low,0,2594943.5,0,Normal,No action needed,7
CUST013143,Ultra HNI,2.9585798816568047e-05,Low,0,87626642.42,1,High frequency trader,Flag for algo trading review — separate model needed,7
CUST048624,Mass,0.2227765742552735,Low,0,7843435.7,0,Normal,No action needed,7
CUST029317,Ultra HNI,0.0011538461538461,Low,0,58083204.52,1,High frequency trader,Flag for algo trading review — separate model needed,7
CUST005354,Affluent,0.0004545454545454,Low,0,14216427.99,0,Normal,No action needed,7
CUST035414,Affluent,0.0007467532467532,Low,0,17775187.02,0,Normal,No action needed,7
CUST028134,Affluent,0.0,,0,17214944.87,0,Normal,No action needed,7
CUST040834,Mass,0.0,,0,5246211.32,0,Normal,No action needed,7
CUST040337,Mass,0.0014249860568878,Low,0,8330473.71,0,Normal,No action needed,7
CUST016835,HNI,0.0001412429378531,Low,0,39195315.67,0,Normal,No action needed,7
CUST047294,HNI,0.0006818181818181,Low,0,28326574.14,0,Normal,No action needed,7
CUST041844,Mass,0.0060872608872608,Low,0,2939482.02,0,Normal,No action needed,7
CUST030402,Ultra HNI,0.0113611570209893,Low,0,79785579.33,1,High frequency trader,Flag for algo trading review — separate model needed,7
CUST010090,Mass,0.2074698609445888,Low,1,1173434.81,0,Normal,No action needed,7
CUST034267,Mass,0.1192252203734327,Low,0,7385737.83,0,Normal,No action needed,7
CUST023469,Mass,0.0011141304347826,Low,0,11678288.8,0,Normal,No action needed,7
CUST034887,Affluent,0.0004761904761904,Low,0,17298436.02,0,Normal,No action needed,7
CUST009626,Ultra HNI,0.0026900584795321,Low,0,89631683.01,1,High frequency trader,Flag for algo trading review — separate model needed,7
CUST046777,Mass,0.0,,0,3946329.28,0,Normal,No action needed,7
CUST049253,Mass,0.1434323184384779,Low,0,4053806.87,0,Normal,No action needed,7
CUST031992,HNI,0.1481019920320792,Low,0,30114697.52,0,Normal,No action needed,7
CUST038669,Mass,0.0004411764705882,Low,0,10818442.69,0,Normal,No action needed,7
CUST018950,Affluent,0.0016783216783216,Low,0,25427056.72,0,Normal,No action needed,7
CUST011020,Mass,0.00125,Low,0,9436973.52,0,Normal,No action needed,7
CUST036594,HNI,0.0029573934837092,Low,0,29816558.92,0,Normal,No action needed,7
CUST024029,Mass,4.1666666666666665e-05,Low,0,4917654.04,0,Normal,No action needed,7
CUST016967,Mass,0.1993691019747505,Low,0,6067506.11,0,Normal,No action needed,7
CUST005514,Affluent,0.0004,Low,0,11754088.93,0,Normal,No action needed,7
CUST036572,Mass,0.0045499407622929,Low,0,5412200.98,0,Normal,No action needed,7
CUST001834,Affluent,0.2297534100483425,Low,1,17877757.44,0,Normal,No action needed,7
CUST031956,Mass,0.0031838923788076,Low,0,5325773.93,0,Normal,No action needed,7
CUST020287,Mass,0.002073357888275,Low,0,4438174.48,0,Normal,No action needed,7
CUST019166,Mass,0.2648607795526499,Low,1,9140756.39,0,Normal,No action needed,7
CUST030828,Affluent,0.0024941289647171,Low,0,16143012.64,0,Normal,No action needed,7
CUST029951,HNI,0.0,,0,51123895.45,0,Normal,No action needed,7
CUST025974,Affluent,0.0,,0,21408992.74,0,Normal,No action needed,7
CUST010458,Mass,0.0017236467236467,Low,0,4021348.94,0,Normal,No action needed,7
CUST043208,Mass,0.0023611111111111,Low,0,4350927.14,0,Normal,No action needed,7
CUST015711,Affluent,0.0019214980421876,Low,0,12452110.64,0,Normal,No action needed,7
CUST027686,Mass,0.000782208588957,Low,0,9927246.71,0,Normal,No action needed,7
CUST000648,Mass,0.0007950867902324,Low,0,9368951.52,0,Normal,No action needed,7
CUST009042,Mass,0.0,,0,6080973.48,0,Normal,No action needed,7
CUST005597,Mass,0.0048202614379084,Low,0,5611739.36,0,Normal,No action needed,7
CUST022163,HNI,0.0004745762711864,Low,0,39215334.4,0,Normal,No action needed,7
CUST000503,Mass,0.0,,0,5804232.36,0,Normal,No action needed,7
CUST015563,Mass,0.1203434715404455,Low,0,3176803.2,0,Normal,No action needed,7
CUST019901,Mass,0.0025,Low,0,6907535.8,0,Normal,No action needed,7
CUST010784,Mass,0.1566583239153791,Low,0,6107657.03,0,Normal,No action needed,7
CUST037385,Affluent,0.0002601156069364,Low,0,22138296.95,0,Normal,No action needed,7
CUST036538,Mass,0.0003846153846153,Low,0,2758963.79,0,Normal,No action needed,7
CUST033640,Mass,0.158930621400852,Low,1,2756010.5900000003,0,Normal,No action needed,7
CUST034526,Mass,0.1185526431407597,Low,0,4740973.32,0,Normal,No action needed,7
CUST019256,Affluent,0.126727374141461,Low,0,8310537.54,0,Normal,No action needed,7
CUST033957,Mass,0.0,,0,4826723.28,0,Normal,No action needed,7
CUST042518,Affluent,0.0,,0,10914562.13,0,Normal,No action needed,7
CUST049581,Affluent,0.0007670454545454,Low,0,11733458.5,0,Normal,No action needed,7
CUST034082,Mass,0.0008333333333333,Low,0,12008087.57,0,Normal,No action needed,7
CUST045569,Mass,0.0109593253968253,Low,0,3891666.75,0,Normal,No action needed,7
CUST025626,Affluent,0.0020679092563026,Low,0,12219043.03,0,Normal,No action needed,7
CUST014328,Mass,0.0016833333333333,Low,0,2743322.64,0,Normal,No action needed,7
CUST016494,Affluent,0.0009375,Low,0,24033268.5,0,Normal,No action needed,7
CUST023480,Mass,0.0005455801104972,Low,0,5213553.15,0,Normal,No action needed,7
CUST027619,Mass,0.0001666666666666,Low,0,8105188.74,0,Normal,No action needed,7
CUST012472,Mass,0.0063404882154882,Low,0,2915971.97,0,Normal,No action needed,7
CUST043546,Mass,0.1521594324983546,Low,0,8210121.239999999,0,Normal,No action needed,7
CUST044344,Mass,0.0017363636363636,Low,0,7064110.73,0,Normal,No action needed,7
CUST033110,Mass,4.1666666666666665e-05,Low,0,4279060.5600000005,0,Normal,No action needed,7
CUST005103,Mass,0.0018055555555555,Low,0,8362890.95,0,Normal,No action needed,7
CUST038727,Affluent,0.0,,0,16728042.57,0,Normal,No action needed,7
CUST033522,HNI,0.0014285714285714,Low,0,43135699.76,0,Normal,No action needed,7
CUST033307,Affluent,0.0,,0,18506459.78,0,Normal,No action needed,7
CUST038110,Affluent,0.0020588235294117,Low,0,13732919.52,0,Normal,No action needed,7
CUST044863,Affluent,0.117222437092179,Low,1,15867163.12,0,Normal,No action needed,7
CUST044543,Mass,0.1273006405883461,Low,0,4613521.64,0,Normal,No action needed,7
CUST035230,Affluent,0.000253164556962,Low,0,20234128.76,0,Normal,No action needed,7
CUST010872,Mass,0.0034420289855072,Low,0,5895166.27,0,Normal,No action needed,7
CUST033236,Affluent,0.1273613254563277,Low,1,15729282.85,0,Normal,No action needed,7
CUST037770,Mass,0.0016666666666666,Low,0,6481967.88,0,Normal,No action needed,7
CUST010508,Mass,0.0,,0,5789815.05,0,Normal,No action needed,7
CUST039179,Mass,0.0044392789373814,Low,0,8856848.54,0,Normal,No action needed,7
CUST028621,Affluent,0.0007045600513808,Low,0,17902465.0,0,Normal,No action needed,7
CUST027241,Mass,0.0036184920152311,Low,0,2705011.6,0,Normal,No action needed,7
CUST014361,Affluent,0.2372119047576332,Low,1,15632309.31,0,Normal,No action needed,7
CUST010996,Affluent,0.00432877882152,Low,0,15424729.58,0,Normal,No action needed,7
CUST019340,Mass,0.1561335127273745,Low,0,5321367.15,0,Normal,No action needed,7
CUST019853,Affluent,0.0003867403314917,Low,0,22838010.26,0,Normal,No action needed,7
CUST029029,HNI,0.005797619047619,Low,0,35696346.84,0,Normal,No action needed,7
CUST004887,Mass,0.0,,0,7733873.32,0,Normal,No action needed,7
CUST042348,Mass,0.003274359614239,Low,0,6645888.22,0,Normal,No action needed,7
CUST029114,Mass,0.0072307768844178,Low,0,3626219.42,0,Normal,No action needed,7
CUST035170,Affluent,0.0,,0,16877982.85,0,Normal,No action needed,7
CUST000194,Mass,0.0060681818181818,Low,0,15473494.85,0,Normal,No action needed,7
CUST046862,Affluent,0.0,,0,16977846.02,0,Normal,No action needed,7
CUST002400,Affluent,0.00032877882152,Low,0,12340057.46,0,Normal,No action needed,7
CUST036189,Mass,0.0013571428571428,Low,0,2474076.43,0,Normal,No action needed,7
CUST011182,Affluent,0.0025801282051282,Low,0,13540483.85,0,Normal,No action needed,7
CUST035420,Mass,0.000625,Low,0,3590875.93,0,Normal,No action needed,7
CUST037973,Mass,0.0011111111111111,Low,0,4260232.26,0,Normal,No action needed,7
CUST035288,Mass,0.0007142857142857,Low,0,3131752.7800000003,0,Normal,No action needed,7
CUST039478,Mass,0.0021428571428571,Low,0,4285385.05,0,Normal,No action needed,7
CUST016818,HNI,5.2910052910052905e-05,Low,0,36096022.2,0,Normal,No action needed,7
CUST025993,Mass,0.0,,0,6775338.8,0,Normal,No action needed,7
CUST017114,Mass,0.0,,0,9881485.4,0,Normal,No action needed,7
CUST036766,HNI,0.0047644927536231,Low,0,38168464.04,0,Normal,No action needed,7
CUST017855,HNI,0.0,,0,39413896.84,0,Normal,No action needed,7
CUST009337,Mass,0.0030324694667858,Low,0,4820860.96,0,Normal,No action needed,7
CUST015314,Mass,0.179266476171131,Low,0,6505105.5200000005,0,Normal,No action needed,7
CUST019482,Affluent,0.0015151515151515,Low,0,8369707.979999999,0,Normal,No action needed,7
CUST045625,HNI,0.0015714285714285,Low,0,40961530.0,0,Normal,No action needed,7
CUST006955,Mass,0.0004449152542372,Low,0,7796365.800000001,0,Normal,No action needed,7
CUST041460,Affluent,0.0,,0,16720726.94,0,Normal,No action needed,7
CUST026652,Affluent,0.1746963508610572,Low,0,18572688.52,0,Normal,No action needed,7
CUST006673,Mass,0.2565155403276968,Low,0,3629578.38,0,Normal,No action needed,7
CUST026025,Mass,0.1835375417899133,Low,0,3632254.08,0,Normal,No action needed,7
CUST028472,Affluent,0.0012937062937062,Low,0,19128944.16,0,Normal,No action needed,7
CUST006470,Affluent,0.1619375762564558,Low,0,15302802.07,0,Normal,No action needed,7
CUST013379,Affluent,0.0003846153846153,Low,0,10940400.19,0,Normal,No action needed,7
CUST006156,Mass,0.0021587231538687,Low,0,10971207.35,0,Normal,No action needed,7
CUST004556,Mass,0.0154233844858844,Low,0,2149728.25,0,Normal,No action needed,7
CUST032704,Mass,0.001,Low,0,12117415.46,0,Normal,No action needed,7
CUST002717,Affluent,0.000253164556962,Low,0,19847500.31,0,Normal,No action needed,7
CUST047876,Affluent,0.0009375,Low,0,8464032.59,0,Normal,No action needed,7
CUST037252,Mass,0.1178148903970877,Low,0,5036775.78,0,Normal,No action needed,7
CUST041347,Affluent,0.0016269841269841,Low,0,14833114.53,0,Normal,No action needed,7
CUST041733,Mass,0.0005882352941176,Low,0,4396873.41,0,Normal,No action needed,7
CUST001482,Mass,0.002288058907762,Low,0,7028872.41,0,Normal,No action needed,7
CUST014651,Mass,0.1332621331000762,Low,0,9204664.77,0,Normal,No action needed,7
CUST040516,Affluent,0.0068740685240685,Low,0,25511908.63,0,Normal,No action needed,7
CUST013566,Mass,0.0033744445340357,Low,0,9322353.99,0,Normal,No action needed,7
CUST031274,Mass,0.0012633035334184,Low,0,8659226.979999999,0,Normal,No action needed,7
CUST045652,Mass,0.008206712761733,Low,0,3238101.97,0,Normal,No action needed,7
CUST044683,Mass,0.0,,0,5853006.49,0,Normal,No action needed,7
CUST048581,Mass,0.1408472564212653,Low,1,3463961.35,0,Normal,No action needed,7
CUST047544,Affluent,0.0008677685950413,Low,0,16170277.87,0,Normal,No action needed,7
CUST040073,HNI,0.0002631578947368,Low,0,43466559.15,0,Normal,No action needed,7
CUST019902,Mass,0.0,,0,9772085.74,0,Normal,No action needed,7
CUST040175,Mass,0.121015310768116,Low,0,3027930.9,0,Normal,No action needed,7
CUST034253,Affluent,0.0016757256964737,Low,0,21728225.84,0,Normal,No action needed,7
CUST018138,Mass,0.0001666666666666,Low,0,6550336.87,0,Normal,No action needed,7
CUST034036,Mass,0.0020833333333333,Low,0,7077208.97,0,Normal,No action needed,7
CUST024990,Affluent,0.0022037037037037,Low,0,15655962.53,0,Normal,No action needed,7
CUST032562,Ultra HNI,0.0023541666666666,Low,0,60916774.83,1,High frequency trader,Flag for algo trading review — separate model needed,7
CUST032452,Affluent,0.2067476426917676,Low,0,20698019.680000003,0,Normal,No action needed,7
CUST033092,Mass,0.0004279169527691,Low,0,7091682.08,0,Normal,No action needed,7
CUST020913,Affluent,0.0021064814814814,Low,0,25694080.44,0,Normal,No action needed,7
CUST036495,Mass,0.0004166666666666,Low,0,8645172.08,0,Normal,No action needed,7
CUST023912,Affluent,0.0018333333333333,Low,0,19456225.79,0,Normal,No action needed,7
CUST015908,HNI,0.2132570922163024,Low,1,55582408.02,0,Normal,No action needed,7
CUST044485,Mass,0.0,,0,15079199.48,0,Normal,No action needed,7
CUST013240,Affluent,0.001,Low,0,18875348.85,0,Normal,No action needed,7
CUST031676,Mass,0.0003206562266964,Low,0,6208362.390000001,0,Normal,No action needed,7
CUST017558,Affluent,0.0011764705882352,Low,0,16520874.1,0,Normal,No action needed,7
CUST043423,Mass,0.003030303030303,Low,0,6160014.609999999,0,Normal,No action needed,7
CUST037314,Mass,0.0001013513513513,Low,0,5889180.6,0,Normal,No action needed,7
CUST038421,HNI,0.1681368261366188,Low,0,39880335.58,1,High frequency trader,Flag for algo trading review — separate model needed,7
CUST010384,Mass,0.001516339869281,Low,0,4705281.75,0,Normal,No action needed,7
CUST049164,Mass,0.0010628442765071,Low,0,9252318.0,0,Normal,No action needed,7
CUST044012,HNI,0.002690909090909,Low,0,30742126.36,0,Normal,No action needed,7
CUST045350,Affluent,0.0009090909090909,Low,0,13867705.45,0,Normal,No action needed,7
CUST019504,Mass,0.0060459121846505,Low,0,2303598.29,0,Normal,No action needed,7
CUST012740,Mass,0.1557689052644682,Low,0,4754206.98,0,Normal,No action needed,7
CUST011372,Affluent,0.0003333333333333,Low,0,11140778.19,0,Normal,No action needed,7
CUST000976,Mass,0.2415633058448083,Low,0,4051012.78,0,Normal,No action needed,7
CUST023542,Affluent,0.0003846153846153,Low,0,15014392.4,0,Normal,No action needed,7
CUST045768,Affluent,0.1457190839320318,Low,0,13110227.17,0,Normal,No action needed,7
CUST045839,Mass,0.0,,0,8439857.95,0,Normal,No action needed,7
CUST008093,Affluent,0.0021388888888888,Low,0,16973083.41,0,Normal,No action needed,7
CUST028228,Mass,0.1253027746487046,Low,0,8225152.56,0,Normal,No action needed,7
CUST023434,Ultra HNI,0.0113211380377922,Low,0,80878396.97,1,High frequency trader,Flag for algo trading review — separate model needed,7
CUST014962,Mass,0.0,,0,4021748.16,0,Normal,No action needed,7
CUST007812,Affluent,0.0005,Low,0,12320590.03,0,Normal,No action needed,7
CUST031517,HNI,0.0021142857142857,Low,0,34366501.46,0,Normal,No action needed,7
CUST048222,Mass,0.0024404761904761,Low,0,6383021.75,0,Normal,No action needed,7
CUST037584,Mass,0.0009984786612218,Low,0,5593382.02,0,Normal,No action needed,7
CUST004766,Mass,0.0146854816639299,Low,0,12411488.15,0,Normal,No action needed,7
CUST036149,Mass,0.0016093117408906,Low,0,6344329.28,0,Normal,No action needed,7
CUST019881,Mass,0.1616203053434309,Low,0,5291783.100000001,0,Normal,No action needed,7
CUST007732,Mass,0.0085297619047619,Low,0,10038063.39,0,Normal,No action needed,7
CUST008769,Mass,0.0158324209126923,Low,0,3471692.67,0,Normal,No action needed,7
CUST043923,Mass,0.1287840054879159,Low,0,2714932.69,0,Normal,No action needed,7
CUST017621,Affluent,0.0,,0,8199404.47,0,Normal,No action needed,7
CUST027454,Mass,0.108579678021951,Low,0,2253945.93,0,Normal,No action needed,7
CUST014306,HNI,0.1843932647094022,Low,1,48087786.010000005,1,Other anomaly,No action needed,7
CUST005853,HNI,0.1893823191743917,Low,0,24384014.03,0,Normal,No action needed,7
CUST049476,Affluent,0.00032877882152,Low,0,17545239.84,0,Normal,No action needed,7
CUST002317,Mass,0.0870782311937023,Low,0,4444618.13,0,Normal,No action needed,7
CUST006554,Affluent,0.0007692307692307,Low,0,15391320.79,0,Normal,No action needed,7
CUST035903,Affluent,0.0008677685950413,Low,0,16071966.19,0,Normal,No action needed,7
CUST031837,Affluent,0.0005263157894736,Low,0,18050183.94,0,Normal,No action needed,7
CUST031557,Mass,0.0,,0,3939390.2599999993,0,Normal,No action needed,7
CUST026423,HNI,0.001947413526317,Low,0,32957479.01,0,Normal,No action needed,7
CUST010669,Affluent,0.0,,0,27313332.52,0,Normal,No action needed,7
CUST048055,Mass,0.1389334538069348,Low,1,5855012.96,0,Normal,No action needed,7
CUST001230,Mass,0.00032877882152,Low,0,10900857.26,0,Normal,No action needed,7
CUST023009,HNI,0.0025213903743315,Low,0,38160694.35,0,Normal,No action needed,7
CUST003256,Mass,0.0002576013513513,Low,0,6575707.58,0,Normal,No action needed,7
CUST024460,Affluent,0.0,,0,20363675.78,0,Normal,No action needed,7
CUST036409,Mass,0.0013888888888888,Low,0,6353662.890000001,0,Normal,No action needed,7
CUST026460,Mass,0.0003206562266964,Low,0,5626640.970000001,0,Normal,No action needed,7
CUST041767,Mass,0.0009507566661189,Low,0,9692472.11,0,Normal,No action needed,7
CUST047258,Mass,0.0001724137931034,Low,0,3388157.63,0,Normal,No action needed,7
CUST001506,Mass,6.493506493506494e-05,Low,0,7309272.22,0,Normal,No action needed,7
CUST024333,Mass,0.0,,0,6305773.25,0,Normal,No action needed,7
CUST039516,Affluent,0.0,,0,23362865.1,0,Normal,No action needed,7
CUST014096,Mass,0.00025,Low,0,8257432.37,0,Normal,No action needed,7
CUST039151,Ultra HNI,0.0,,0,81586131.33,1,High frequency trader,Flag for algo trading review — separate model needed,7
CUST042644,Mass,0.2286068362284271,Low,0,6678469.8100000005,0,Normal,No action needed,7
CUST035463,Affluent,0.0,,0,12619988.22,0,Normal,No action needed,7
CUST031398,Mass,0.0008695652173913,Low,0,2742833.0,0,Normal,No action needed,7
CUST041593,HNI,0.0009259259259259,Low,0,49848136.29,0,Normal,No action needed,7
CUST009647,Affluent,0.0053971390927912,Low,0,10900624.93,0,Normal,No action needed,7
CUST031335,Affluent,0.00490625,Low,0,14643330.2,0,Normal,No action needed,7
CUST031435,Mass,0.0004567307692307,Low,0,7223276.359999999,0,Normal,No action needed,7
CUST006015,Affluent,0.0,,0,11271468.28,0,Normal,No action needed,7
CUST023378,Mass,6.134969325153375e-05,Low,0,8876405.29,0,Normal,No action needed,7
CUST040335,Ultra HNI,0.0062125211744776,Low,0,89863125.59,1,High frequency trader,Flag for algo trading review — separate model needed,7
CUST041484,Affluent,0.00032877882152,Low,0,10901293.97,0,Normal,No action needed,7
CUST002062,Mass,0.0124747249943176,Low,0,4939365.17,0,Normal,No action needed,7
CUST040403,Mass,0.0010348583877995,Low,0,5984122.94,0,Normal,No action needed,7
CUST006567,Affluent,0.0028571428571428,Low,0,8525016.28,0,Normal,No action needed,7
CUST029307,Mass,0.0044856630824372,Low,0,5157681.19,0,Normal,No action needed,7
CUST039535,Affluent,0.0,,0,17760061.37,0,Normal,No action needed,7
CUST038737,HNI,0.0,,0,37279968.16,0,Normal,No action needed,7
CUST019777,Affluent,0.001,Low,0,20219265.31,0,Normal,No action needed,7
CUST027411,Mass,0.0118703007518797,Low,0,3807251.32,0,Normal,No action needed,7
CUST028070,Mass,0.1249476288847876,Low,0,2526841.75,0,Normal,No action needed,7
CUST035597,Mass,0.0048364055299539,Low,0,4050776.4,0,Normal,No action needed,7
CUST020233,Mass,0.0,,0,8663395.35,0,Normal,No action needed,7
CUST010110,Ultra HNI,0.0047974462017111,Low,0,84710279.9,1,High frequency trader,Flag for algo trading review — separate model needed,7
CUST045494,Affluent,0.1286027802417248,Low,0,21209378.09,0,Normal,No action needed,7
CUST004046,HNI,0.001551724137931,Low,0,56531630.4,0,Normal,No action needed,7
CUST033553,Mass,0.0024404761904761,Low,0,5704306.32,0,Normal,No action needed,7
CUST049123,Mass,0.0022052401746724,Low,0,8699581.81,0,Normal,No action needed,7
CUST039562,Mass,0.0002272727272727,Low,0,4045928.04,0,Normal,No action needed,7
CUST042374,HNI,0.0003571428571428,Low,0,47888215.08,0,Normal,No action needed,7
CUST004312,HNI,0.1340147434297462,Low,0,38628973.17,0,Normal,No action needed,7
CUST043637,Affluent,0.0003333333333333,Low,0,11529555.53,0,Normal,No action needed,7
CUST035210,Mass,0.0099870129870129,Low,0,13616300.13,0,Normal,No action needed,7
CUST013649,Mass,0.0075490585417997,Low,0,7055734.55,0,Normal,No action needed,7
CUST013934,Mass,0.0006650641025641,Low,0,8133129.26,0,Normal,No action needed,7
CUST034852,Affluent,0.0011490683229813,Low,0,10491113.61,0,Normal,No action needed,7
CUST024585,Mass,0.0004012345679012,Low,0,9777485.47,0,Normal,No action needed,7
CUST025884,Mass,0.0032810457516339,Low,0,8327970.7,0,Normal,No action needed,7
CUST021297,Mass,0.0,,0,6785485.16,0,Normal,No action needed,7
CUST040485,Affluent,0.0011847826086956,Low,0,10713771.29,0,Normal,No action needed,7
CUST039350,Mass,0.254631148986002,Low,0,5444593.079999999,0,Normal,No action needed,7
CUST041007,Affluent,0.0,,0,21950283.91,0,Normal,No action needed,7
CUST024611,HNI,0.1270376623067887,Low,0,28746247.17,1,Other anomaly,No action needed,7
CUST042596,Mass,0.095734163476321,Low,0,4323245.359999999,0,Normal,No action needed,7
CUST007561,Mass,0.1637361242311183,Low,0,5986103.02,0,Normal,No action needed,7
CUST009156,Mass,0.1355871841826547,Low,0,9371696.29,0,Normal,No action needed,7
CUST002324,Mass,0.0029360475051264,Low,0,15189290.8,0,Normal,No action needed,7
CUST030134,Mass,0.0172936507936507,Low,0,3808198.81,0,Normal,No action needed,7
CUST011160,Affluent,0.00182877882152,Low,0,10956946.8,0,Normal,No action needed,7
CUST035325,Mass,0.2079339860029513,Low,0,5849206.359999999,0,Normal,No action needed,7
CUST027343,Mass,0.0022582888113102,Low,0,7806771.0,0,Normal,No action needed,7
CUST039648,Affluent,0.0024264705882352,Low,0,15323493.36,0,Normal,No action needed,7
CUST034240,HNI,0.0001282051282051,Low,0,34328732.16,0,Normal,No action needed,7
CUST030538,Mass,0.0003206562266964,Low,0,7022949.949999999,0,Normal,No action needed,7
CUST030642,Affluent,0.003054353054353,Low,0,15234327.71,0,Normal,No action needed,7
CUST024676,Mass,0.1018502394787967,Low,0,4107020.26,0,Normal,No action needed,7
CUST020988,Affluent,0.0010267857142857,Low,0,10949337.23,0,Normal,No action needed,7
CUST035621,Ultra HNI,0.0017632850241545,Low,0,95361182.27,1,High frequency trader,Flag for algo trading review — separate model needed,7
CUST000312,Mass,0.0080595885696916,Low,0,8407670.86,0,Normal,No action needed,7
CUST041621,HNI,0.0029411764705882,Low,0,33829927.5,0,Normal,No action needed,7
CUST044655,Mass,0.078509044829345,Low,0,8630572.42,0,Normal,No action needed,7
CUST010325,Mass,0.0020625,Low,0,5568739.19,0,Normal,No action needed,7
CUST009569,Mass,0.0028051577427871,Low,0,5807185.07,0,Normal,No action needed,7
CUST037779,Mass,0.0004115653176055,Low,0,5118083.02,0,Normal,No action needed,7
CUST035941,Mass,0.1198849137872254,Low,0,4715582.09,0,Normal,No action needed,7
CUST003466,Affluent,0.0,,0,21604565.73,0,Normal,No action needed,7
CUST049530,Mass,0.0008097866614791,Low,0,6915373.39,0,Normal,No action needed,7
CUST048747,HNI,0.00246918767507,Low,0,27968418.82,0,Normal,No action needed,7
CUST040108,Affluent,0.1556380244709739,Low,0,17335113.35,0,Normal,No action needed,7
CUST027394,Mass,0.1903547263058833,Low,0,10386168.75,0,Normal,No action needed,7
CUST023589,Affluent,0.0002272727272727,Low,0,14274368.15,0,Normal,No action needed,7
CUST000379,Mass,0.007219248493442,Low,0,3525740.56,0,Normal,No action needed,7
CUST015873,Mass,0.2319377273265282,Low,0,7215836.779999999,0,Normal,No action needed,7
CUST013371,Affluent,0.1778022394387247,Low,0,15983871.51,0,Normal,No action needed,7
CUST036605,Mass,0.0043968378187362,Low,0,4934689.800000001,0,Normal,No action needed,7
CUST039582,Mass,0.0105897300092439,Low,0,18308552.96,0,Normal,No action needed,7
CUST038122,Affluent,0.0008333333333333,Low,0,22162115.08,0,Normal,No action needed,7
CUST047463,Mass,0.0009090909090909,Low,0,8308263.45,0,Normal,No action needed,7
CUST013289,Mass,0.0,,0,9204038.12,0,Normal,No action needed,7
CUST036138,Affluent,0.0,,0,20730970.880000003,0,Normal,No action needed,7
CUST034025,Affluent,0.0003571428571428,Low,0,21832856.74,0,Normal,No action needed,7
CUST030527,Mass,0.0,,0,6982301.09,0,Normal,No action needed,7
CUST009230,Mass,0.2361574150487499,Low,0,3336867.3200000003,0,Normal,No action needed,7
CUST015334,Ultra HNI,0.0079387089518668,Low,0,72311876.21000001,1,High frequency trader,Flag for algo trading review — separate model needed,7
CUST028353,Affluent,0.1421323083365256,Low,0,15364515.68,0,Normal,No action needed,7
CUST021008,HNI,0.0025925925925925,Low,0,28122883.44,0,Normal,No action needed,7
CUST005054,Mass,0.0013663891007875,Low,0,6826932.2,0,Normal,No action needed,7
CUST014563,Mass,0.0002272727272727,Low,0,6534176.08,0,Normal,No action needed,7
CUST013669,Mass,0.0004279169527691,Low,0,11298325.92,0,Normal,No action needed,7
CUST034693,Mass,0.1973356045321537,Low,0,4019127.11,0,Normal,No action needed,7
CUST013176,Mass,0.0005970149253731,Low,0,5240645.01,0,Normal,No action needed,7
CUST010685,Mass,0.0022090909090909,Low,0,4535336.79,0,Normal,No action needed,7
CUST031809,Mass,0.0,,0,5404135.6,0,Normal,No action needed,7
CUST035686,Mass,0.0042307692307692,Low,0,7666304.73,0,Normal,No action needed,7
CUST023921,Mass,0.0039451345755693,Low,0,3348716.87,0,Normal,No action needed,7
CUST033622,Affluent,0.0021503496503496,Low,0,10041284.45,0,Normal,No action needed,7
CUST016344,Affluent,0.0018585921325051,Low,0,12102580.81,0,Normal,No action needed,7
CUST010341,Mass,0.0022916666666666,Low,0,5054121.54,0,Normal,No action needed,7
CUST016094,Affluent,0.0009821428571428,Low,0,18955324.83,0,Normal,No action needed,7
CUST027187,Mass,0.0009523809523809,Low,0,9121730.4,0,Normal,No action needed,7
CUST011163,Mass,0.0045448916408668,Low,0,6436527.48,0,Normal,No action needed,7
CUST011448,Affluent,0.0008823529411764,Low,0,26948455.1,0,Normal,No action needed,7
CUST046172,Affluent,0.00075,Low,0,15776848.06,0,Normal,No action needed,7
CUST048159,Affluent,0.0010714285714285,Low,0,25630758.56,0,Normal,No action needed,7
CUST049176,HNI,0.1555252726302332,Low,0,33789401.44,0,Normal,No action needed,7
CUST026332,Affluent,0.0003867403314917,Low,0,25277743.95,0,Normal,No action needed,7
CUST048015,HNI,0.0,,0,36962142.87,0,Normal,No action needed,7
CUST049831,Mass,0.0,,0,7105614.430000001,0,Normal,No action needed,7
CUST047870,Affluent,0.0057718456981614,Low,0,18084951.3,0,Normal,No action needed,7
CUST049600,Mass,0.0061489255372313,Low,0,9321334.26,0,Normal,No action needed,7
CUST002144,Mass,0.0002941176470588,Low,0,12571188.89,0,Normal,No action needed,7
CUST018702,Mass,0.2541843496070159,Low,0,5866614.32,0,Normal,No action needed,7
CUST021801,Mass,0.1981862727088661,Low,0,8059190.06,0,Normal,No action needed,7
CUST006411,Affluent,0.0001412429378531,Low,0,21203656.540000003,0,Normal,No action needed,7
CUST044107,Affluent,0.1805367575079366,Low,0,17122239.95,0,Normal,No action needed,7
CUST002206,HNI,0.2084359990708497,Low,0,48402420.91,0,Normal,No action needed,7
CUST020429,Affluent,0.000253164556962,Low,0,24768504.27,0,Normal,No action needed,7
CUST001846,Mass,0.0021875,Low,0,14844304.07,0,Normal,No action needed,7
CUST009643,Mass,0.0002725499822709,Low,0,11330828.31,0,Normal,No action needed,7
CUST040533,HNI,0.2066931914373188,Low,0,34565049.17,0,Normal,No action needed,7
CUST018538,Affluent,0.0909117553938618,Low,0,9684365.89,0,Normal,No action needed,7
CUST023273,Mass,0.0013484848484848,Low,0,14751222.26,0,Normal,No action needed,7
CUST034237,Mass,0.0,,0,3915719.05,0,Normal,No action needed,7
CUST008026,Mass,0.0,,0,7495705.45,0,Normal,No action needed,7
CUST033074,Affluent,0.0,,0,15357058.56,0,Normal,No action needed,7
CUST044143,Affluent,0.0,,0,20434261.1,0,Normal,No action needed,7
CUST032913,Mass,0.0074285714285714,Low,0,6081320.45,0,Normal,No action needed,7
CUST023714,Affluent,0.0008333333333333,Low,0,21006462.25,0,Normal,No action needed,7
CUST034499,Ultra HNI,0.0043712785887852,Low,0,75867560.11,1,High frequency trader,Flag for algo trading review — separate model needed,7
CUST029580,Mass,0.1261531761436656,Low,0,3282101.66,0,Normal,No action needed,7
CUST030181,Mass,0.1660881924559009,Low,0,6132110.76,0,Normal,No action needed,7
CUST000205,Mass,0.000625,Low,0,4258416.77,0,Normal,No action needed,7
CUST044614,Mass,0.0005248023005032,Low,0,4591152.75,0,Normal,No action needed,7
CUST024485,Mass,0.2508478102234161,Low,0,5808198.22,0,Normal,No action needed,7
CUST018457,HNI,0.0028326890894948,Low,0,49000072.94,0,Normal,No action needed,7
CUST026157,Mass,0.0004567307692307,Low,0,8758064.08,0,Normal,No action needed,7
CUST024209,Mass,0.2168544540960157,Low,0,3231202.68,0,Normal,No action needed,7
CUST001747,Mass,0.0007574152542372,Low,0,6436241.510000001,0,Normal,No action needed,7
CUST044605,Mass,0.0034613289760348,Low,0,3204381.83,0,Normal,No action needed,7
CUST004632,Mass,0.1045168872568165,Low,0,4126955.7,0,Normal,No action needed,7
CUST022393,Mass,0.0006095679012345,Low,0,9397041.19,0,Normal,No action needed,7
CUST002427,Affluent,0.086911896644407,Low,0,18022829.55,0,Normal,No action needed,7
CUST036922,Mass,0.0,,0,10898302.47,0,Normal,No action needed,7
CUST044676,Mass,0.0,,0,7168134.97,0,Normal,No action needed,7
CUST028843,Affluent,0.000253164556962,Low,0,20467964.04,0,Normal,No action needed,7
CUST006235,Mass,0.0012264150943396,Low,0,6229138.23,0,Normal,No action needed,7
CUST007415,Mass,0.1450969363142027,Low,0,3587652.74,0,Normal,No action needed,7
CUST007791,Affluent,0.00125,Low,0,17630246.18,0,Normal,No action needed,7
CUST012209,Mass,0.2002302651391223,Low,0,3764957.27,0,Normal,No action needed,7
CUST002704,HNI,0.0013359649122807,Low,0,47145855.78,0,Normal,No action needed,7
CUST011136,Affluent,0.0,,0,16070797.88,0,Normal,No action needed,7
CUST030747,Mass,0.0039290577342047,Low,0,7607872.88,0,Normal,No action needed,7
CUST048704,Affluent,0.1498125987267596,Low,0,13829147.72,0,Normal,No action needed,7
CUST043194,Affluent,0.0033382936507936,Low,0,10042112.75,0,Normal,No action needed,7
CUST028744,Mass,0.1465280394021544,Low,0,9927815.11,0,Normal,No action needed,7
CUST014540,HNI,0.0030196078431372,Low,0,32774171.11,0,Normal,No action needed,7
CUST033340,Mass,0.2655986332097585,Low,0,5228912.35,0,Normal,No action needed,7
CUST015807,Mass,0.0003649819846851,Low,0,6784102.84,0,Normal,No action needed,7
CUST014608,HNI,0.0022126436781609,Low,0,48300685.72,1,Other anomaly,No action needed,7
CUST019232,Mass,0.1499829809143525,Low,1,4866371.79,0,Normal,No action needed,7
CUST022862,Mass,0.0026155462184873,Low,0,10028424.61,0,Normal,No action needed,7
CUST014547,Mass,0.0098058608058608,Low,0,1825922.22,0,Normal,No action needed,7
CUST012747,Mass,0.0030555555555555,Low,0,9535050.77,0,Normal,No action needed,7
CUST022379,HNI,0.0021782799748901,Low,0,33713849.67,0,Normal,No action needed,7
CUST029165,Mass,0.0006777777777777,Low,0,7083356.120000001,0,Normal,No action needed,7
CUST039313,Mass,0.160731476292383,Low,0,3658849.55,0,Normal,No action needed,7
CUST002412,Mass,0.0031539895600298,Low,0,6270285.59,0,Normal,No action needed,7
CUST001163,HNI,0.0002839299510687,Low,0,39445521.38,0,Normal,No action needed,7
CUST049314,Affluent,0.0,,0,11469647.47,0,Normal,No action needed,7
CUST029230,Affluent,0.0,,0,13849179.39,0,Normal,No action needed,7
CUST019119,Affluent,0.0,,0,20932656.43,0,Normal,No action needed,7
CUST039357,Mass,0.0011444805194805,Low,0,5309173.58,0,Normal,No action needed,7
CUST023041,Mass,0.1439048713482016,Low,0,8881026.23,0,Normal,No action needed,7
CUST014396,HNI,0.0,,0,28917083.71,0,Normal,No action needed,7
CUST025546,Mass,0.0012222222222222,Low,0,5706054.82,0,Normal,No action needed,7
CUST022684,Affluent,0.0010211416490486,Low,0,15221105.02,0,Normal,No action needed,7
CUST010243,Mass,0.0012952898550724,Low,0,6576756.46,0,Normal,No action needed,7
CUST001020,HNI,0.0010235958790295,Low,0,31272149.88,0,Normal,No action needed,7
CUST026686,Mass,0.0053055555555555,Low,0,6960655.8,0,Normal,No action needed,7
CUST010477,Affluent,0.0061607843137254,Low,0,12606906.25,0,Normal,No action needed,7
CUST031245,HNI,0.0024705882352941,Low,0,44095499.28,0,Normal,No action needed,7
CUST035672,Affluent,0.0,,0,13969057.93,0,Normal,No action needed,7
CUST021086,Mass,0.2615521243776127,Low,0,6581992.04,0,Normal,No action needed,7
CUST021278,Affluent,0.2587229272341538,Low,0,24577444.83,0,Normal,No action needed,7
CUST039496,Mass,0.003136574074074,Low,0,2643429.79,0,Normal,No action needed,7
CUST000015,Affluent,0.0041743626743626,Low,0,15686399.34,0,Normal,No action needed,7
CUST030300,Affluent,0.0012547047474459,Low,0,10463940.55,0,Normal,No action needed,7
CUST029537,Affluent,0.1799519189070068,Low,0,19075872.45,0,Normal,No action needed,7
CUST028448,Mass,0.1386573519999215,Low,0,4710992.95,0,Normal,No action needed,7
CUST038612,HNI,0.0001412429378531,Low,0,35228782.21,0,Normal,No action needed,7
CUST047615,Mass,0.0004891304347826,Low,0,10486848.71,0,Normal,No action needed,7
CUST012187,Mass,0.1620504065828282,Low,0,4715122.91,0,Normal,No action needed,7
CUST040473,Affluent,0.0,,0,13400674.6,0,Normal,No action needed,7
CUST032992,HNI,0.0,,0,38184590.46,0,Normal,No action needed,7
CUST024590,Affluent,0.2061866383410163,Low,1,11028751.96,0,Normal,No action needed,7
CUST013228,Mass,0.138482951749556,Low,0,5382248.51,0,Normal,No action needed,7
CUST042381,Mass,0.1708575578763458,Low,0,1785771.95,0,Normal,No action needed,7
CUST011199,Mass,0.0003954689984101,Low,0,4169557.08,0,Normal,No action needed,7
CUST037648,Affluent,0.0011764705882352,Low,0,17334572.95,0,Normal,No action needed,7
CUST011556,Mass,0.0003333333333333,Low,0,4010824.96,0,Normal,No action needed,7
CUST021255,Mass,0.1248522734657877,Low,0,2572835.97,0,Normal,No action needed,7
CUST014470,Mass,0.0039360094054417,Low,0,5155787.4,0,Normal,No action needed,7
CUST017683,Mass,0.0009523809523809,Low,0,19121959.15,0,Normal,No action needed,7
CUST002309,Mass,0.0002829402765786,Low,0,6876040.3100000005,0,Normal,No action needed,7
CUST025225,Affluent,0.001341765834507,Low,0,17768117.28,0,Normal,No action needed,7
CUST016050,Affluent,0.1775781378503583,Low,0,14531778.34,0,Normal,No action needed,7
CUST040396,Affluent,0.010372159090909,Low,0,17671187.380000003,0,Normal,No action needed,7
CUST012102,Mass,0.1197284657078914,Low,1,6570854.15,0,Normal,No action needed,7
CUST019206,Mass,0.0860565741498173,Low,0,3142240.45,0,Normal,No action needed,7
CUST042970,HNI,0.0015157894736842,Low,0,44190587.46,0,Normal,No action needed,7
CUST043275,Mass,0.0007142857142857,Low,0,7148009.22,0,Normal,No action needed,7
CUST015938,Mass,0.0011304347826086,Low,0,7371741.9,0,Normal,No action needed,7
CUST016679,Mass,0.0094488442610245,Low,0,3433906.95,0,Normal,No action needed,7
CUST041289,HNI,0.0021944444444444,Low,0,39881555.88,0,Normal,No action needed,7
CUST021113,Affluent,0.0007142857142857,Low,0,14204481.89,0,Normal,No action needed,7
CUST041526,Affluent,0.0889305656840102,Low,0,13000329.43,0,Normal,No action needed,7
CUST042386,Affluent,0.0017681159420289,Low,0,10812065.46,0,Normal,No action needed,7
CUST008384,Affluent,0.0010964912280701,Low,0,21957576.74,0,Normal,No action needed,7
CUST002334,Mass,0.0003541666666666,Low,0,4640570.24,0,Normal,No action needed,7
CUST035098,Affluent,0.0,,0,21307528.14,0,Normal,No action needed,7
CUST009860,Ultra HNI,0.0168250363370719,Low,0,68829705.86,1,High frequency trader,Flag for algo trading review — separate model needed,7
CUST028390,HNI,0.0037142857142857,Low,0,40545870.36,0,Normal,No action needed,7
CUST040858,Mass,0.0085260455059216,Low,0,2270071.9,0,Normal,No action needed,7
CUST018652,Affluent,0.0,,0,19622740.81,0,Normal,No action needed,7
CUST049802,HNI,0.002037037037037,Low,0,36163884.370000005,0,Normal,No action needed,7
CUST016469,Mass,0.0019166666666666,Low,0,8686766.34,0,Normal,No action needed,7
CUST012946,Mass,0.0057867898066667,Low,0,3380474.7800000003,0,Normal,No action needed,7
CUST045208,Mass,0.121247103712096,Low,0,3787277.9,0,Normal,No action needed,7
CUST030325,HNI,0.0,,0,41970252.23,0,Normal,No action needed,7
CUST032062,Mass,0.1603959047010645,Low,0,14362728.180000002,0,Normal,No action needed,7
CUST044173,Affluent,0.0017396637597437,Low,0,15419920.28,0,Normal,No action needed,7
CUST001386,Mass,0.1870495377804094,Low,0,7302262.72,0,Normal,No action needed,7
CUST011770,Mass,0.125829688350676,Low,0,4265319.78,0,Normal,No action needed,7
CUST019073,Ultra HNI,0.0006666666666666,Low,0,56123511.04,1,High frequency trader,Flag for algo trading review — separate model needed,7
CUST014549,Affluent,9.09090909090909e-05,Low,0,29507402.93,0,Normal,No action needed,7
CUST039900,Mass,0.0044172932330827,Low,0,9301157.26,0,Normal,No action needed,7
CUST012476,HNI,0.0,,0,44825548.510000005,0,Normal,No action needed,7
CUST001394,Affluent,0.0,,0,22075990.51,0,Normal,No action needed,7
CUST009015,Mass,0.0022052401746724,Low,0,6462276.92,0,Normal,No action needed,7
CUST001600,Affluent,0.0,,0,15265670.6,0,Normal,No action needed,7
CUST035059,Affluent,0.0039679092563026,Low,0,9028350.54,0,Normal,No action needed,7
CUST007178,HNI,0.0035210803689064,Low,0,34879961.84,1,Other anomaly,No action needed,7
CUST049041,Affluent,0.0011455463728191,Low,0,16349966.2,0,Normal,No action needed,7
CUST003683,Mass,0.242762692015531,Low,0,12654692.26,0,Normal,No action needed,7
CUST049824,Affluent,0.0,,0,18030006.49,0,Normal,No action needed,7
CUST014010,Mass,0.0061629506641366,Low,0,8685728.8,0,Normal,No action needed,7
CUST036916,Affluent,0.0022470789398689,Low,0,14501641.67,0,Normal,No action needed,7
CUST020084,Mass,0.0001401869158878,Low,0,4725853.91,0,Normal,No action needed,7
CUST014674,Ultra HNI,0.004558608058608,Low,0,49982250.0,1,High frequency trader,Flag for algo trading review — separate model needed,7
CUST022220,Mass,0.0031672932330827,Low,0,8501480.55,0,Normal,No action needed,7
CUST020941,Mass,0.003898593073593,Low,0,6694789.74,0,Normal,No action needed,7
CUST018254,Mass,0.0007745098039215,Low,0,4283285.95,0,Normal,No action needed,7
CUST046927,Mass,0.1213576226983277,Low,0,4163750.79,0,Normal,No action needed,7
CUST021515,Mass,0.0004279169527691,Low,0,7491503.4,0,Normal,No action needed,7
CUST000204,Affluent,0.0,,0,18307999.85,0,Normal,No action needed,7
CUST024179,Mass,0.0017361111111111,Low,0,8431862.07,0,Normal,No action needed,7
CUST009555,Affluent,0.1667574096009711,Low,0,17297028.86,0,Normal,No action needed,7
CUST030713,Mass,0.158180654047184,Low,0,3245799.76,0,Normal,No action needed,7
CUST020383,Mass,0.0309230199476809,Low,0,1564862.22,0,Normal,No action needed,7
CUST010399,Mass,0.0017217969746673,Low,0,7003080.82,0,Normal,No action needed,7
CUST034271,Affluent,0.0007895631352455,Low,0,14113281.13,0,Normal,No action needed,7
CUST046770,Mass,0.0035477336953894,Low,0,12032369.42,0,Normal,No action needed,7
CUST020294,HNI,0.0,,0,43086347.9,0,Normal,No action needed,7
CUST020573,Mass,0.1945513346252893,Low,0,9962947.72,0,Normal,No action needed,7
CUST039078,Affluent,0.000253164556962,Low,0,17669132.77,0,Normal,No action needed,7
CUST021479,Mass,0.188819524205544,Low,0,5311087.5,0,Normal,No action needed,7
CUST031324,Mass,0.164272925878304,Low,0,5587417.32,0,Normal,No action needed,7
CUST004081,Affluent,0.0009523809523809,Low,0,17005986.29,0,Normal,No action needed,7
CUST008016,Affluent,0.0007275132275132,Low,0,29021775.24,0,Normal,No action needed,7
CUST046236,Mass,0.0,,0,9289781.17,0,Normal,No action needed,7
CUST022915,Mass,0.0015163438256658,Low,0,10256941.75,0,Normal,No action needed,7
CUST038742,Mass,0.0105751497500549,Low,0,17906650.4,0,Normal,No action needed,7
CUST040857,Mass,0.0022052401746724,Low,0,8492332.17,0,Normal,No action needed,7
CUST023564,Mass,0.2675074098837743,Low,0,5850736.35,0,Normal,No action needed,7
CUST047942,Mass,0.0003333333333333,Low,0,6211605.07,0,Normal,No action needed,7
CUST020680,Affluent,0.0022753716871363,Low,0,27434669.02,0,Normal,No action needed,7
CUST047624,Affluent,0.0005,Low,0,10497700.0,0,Normal,No action needed,7
CUST016214,Mass,0.1897439989072365,Low,1,6733874.65,0,Normal,No action needed,7
CUST031661,Mass,0.1572760164507091,Low,0,5396362.88,0,Normal,No action needed,7
CUST041435,Mass,0.0013157894736842,Low,0,8377626.100000001,0,Normal,No action needed,7
CUST045684,Mass,0.0047317884208898,Low,0,13428298.13,0,Normal,No action needed,7
CUST005405,Mass,0.1227291488730005,Low,1,7478285.34,0,Normal,No action needed,7
CUST029132,Mass,0.0,,0,4646200.41,0,Normal,No action needed,7
CUST003012,Mass,0.0016666666666666,Low,0,10648966.83,0,Normal,No action needed,7
CUST039865,Mass,0.0016935483870967,Low,0,6502897.05,0,Normal,No action needed,7
CUST005940,Mass,0.0,,0,12701822.37,0,Normal,No action needed,7
CUST033202,HNI,0.0,,0,40615006.53,0,Normal,No action needed,7
CUST028389,Mass,0.1214359019647465,Low,0,3202190.65,0,Normal,No action needed,7
CUST002488,Affluent,0.2495294766074141,Low,1,15293810.4,0,Normal,No action needed,7
CUST013191,Mass,0.0023809523809523,Low,0,3684249.23,0,Normal,No action needed,7
CUST010435,HNI,5.6657223796034e-05,Low,0,36224638.02,0,Normal,No action needed,7
CUST029269,Mass,0.0010964912280701,Low,0,5451178.029999999,0,Normal,No action needed,7
CUST010542,Mass,0.0029058419706555,Low,0,5177836.98,0,Normal,No action needed,7
CUST005386,Affluent,0.1095994418591915,Low,0,13669691.9,0,Normal,No action needed,7
CUST012240,Affluent,0.0004411764705882,Low,0,19906786.700000003,0,Normal,No action needed,7
CUST028763,Mass,0.0,,0,4325306.2700000005,0,Normal,No action needed,7
CUST006472,Mass,0.0133168400658296,Low,0,2312162.35,0,Normal,No action needed,7
CUST042176,Affluent,0.0028560719640179,Low,0,19868508.68,0,Normal,No action needed,7
CUST044427,Mass,0.0,,0,4575528.140000001,0,Normal,No action needed,7
CUST046913,Mass,0.0008872022551407,Low,0,7876342.94,0,Normal,No action needed,7
CUST022280,HNI,0.0012795735921016,Low,0,40226641.07,0,Normal,No action needed,7
CUST010780,Affluent,0.0,,0,14250790.35,0,Normal,No action needed,7
CUST018090,Mass,0.1263076421561278,Low,0,4616031.76,0,Normal,No action needed,7
CUST025123,Mass,0.1618552942733632,Low,1,6305822.4,0,Normal,No action needed,7
CUST047378,HNI,0.00225,Low,0,40636482.11,0,Normal,No action needed,7
CUST007599,Affluent,0.1095426381957067,Low,0,13150957.58,0,Normal,No action needed,7
CUST041340,Mass,0.002089209952987,Low,0,3289203.94,0,Normal,No action needed,7
CUST018798,Mass,0.0004,Low,0,5985680.109999999,0,Normal,No action needed,7
CUST044158,Mass,0.0007878787878787,Low,0,4688970.74,0,Normal,No action needed,7
CUST026463,Affluent,0.0013541666666666,Low,0,20033632.04,0,Normal,No action needed,7
CUST031861,Affluent,0.1131721720609785,Low,0,16258423.68,0,Normal,No action needed,7
CUST048858,HNI,0.0022272727272727,Low,0,47649399.39,0,Normal,No action needed,7
CUST036313,HNI,0.002203947368421,Low,0,36786185.1,0,Normal,No action needed,7
CUST042953,Affluent,0.0038943561509484,Low,0,9222245.59,0,Normal,No action needed,7
CUST015859,Mass,0.1591768390109108,Low,0,3032943.2,0,Normal,No action needed,7
CUST006534,HNI,0.1067330564456442,Low,1,34794684.97,0,Normal,No action needed,7
CUST005190,Mass,0.0021170033670033,Low,0,2288341.76,0,Normal,No action needed,7
CUST021608,Affluent,0.0,,0,25469601.05,0,Normal,No action needed,7
CUST036277,Mass,0.0,,0,8922434.78,0,Normal,No action needed,7
CUST036517,Affluent,0.002,Low,0,16206301.24,0,Normal,No action needed,7
CUST010975,Mass,0.0024404761904761,Low,0,6080010.36,0,Normal,No action needed,7
CUST002591,HNI,0.0025330687830687,Low,0,34451552.61,0,Normal,No action needed,7
CUST002691,HNI,0.2012731626828967,Low,0,38478892.32,0,Normal,No action needed,7
CUST013276,HNI,0.0,,0,35109951.05,0,Normal,No action needed,7
CUST004215,Mass,0.0008155080213903,Low,0,14810318.36,0,Normal,No action needed,7
CUST049861,Mass,0.0021212121212121,Low,0,7071197.88,0,Normal,No action needed,7
CUST017232,Affluent,0.0028571428571428,Low,0,16856202.92,0,Normal,No action needed,7
CUST043986,Mass,0.1456996307672501,Low,0,5822801.33,0,Normal,No action needed,7
CUST000970,Mass,0.0016955128205128,Low,0,6894928.859999999,0,Normal,No action needed,7
CUST020830,Affluent,0.0,,0,16314656.92,0,Normal,No action needed,7
CUST032625,Mass,0.0016666666666666,Low,0,10440819.48,0,Normal,No action needed,7
CUST020293,Mass,0.0099816035816035,Low,0,2676666.58,0,Normal,No action needed,7
CUST027696,Mass,0.2616773575399039,Low,0,3236549.55,0,Normal,No action needed,7
CUST001565,Affluent,0.0011834319526627,Low,0,23075584.39,0,Normal,No action needed,7
CUST047923,Mass,0.0,,0,4559981.22,0,Normal,No action needed,7
CUST004797,Mass,0.025753917034989,Low,0,1459842.32,0,Normal,No action needed,7
CUST000864,Mass,0.0016176470588235,Low,0,16412063.66,0,Normal,No action needed,7
CUST039640,Mass,0.0011784949525848,Low,0,4633562.0600000005,0,Normal,No action needed,7
CUST028248,Affluent,0.002,Low,0,23218549.1,0,Normal,No action needed,7
CUST005557,Mass,0.0023125,Low,0,5800472.8,0,Normal,No action needed,7
CUST038933,Affluent,0.1532356178240408,Low,1,11683102.26,0,Normal,No action needed,7
CUST047530,HNI,0.0,,0,42119949.91,0,Normal,No action needed,7
CUST044057,Affluent,0.1491328631955023,Low,0,8947802.1,0,Normal,No action needed,7
CUST036531,HNI,0.0004761904761904,Low,0,50160280.18,0,Normal,No action needed,7
CUST022011,Mass,0.0023037501986334,Low,0,3644435.68,0,Normal,No action needed,7
CUST005077,Mass,0.0068821769299117,Low,0,6774889.69,0,Normal,No action needed,7
CUST041264,Affluent,0.0003824749017896,Low,0,24695419.27,0,Normal,No action needed,7
CUST008274,Mass,0.0025285714285714,Low,0,3326886.24,0,Normal,No action needed,7
CUST046692,Mass,0.003389995232945,Low,0,6739934.92,0,Normal,No action needed,7
CUST048297,Affluent,0.0,,0,27287967.43,0,Normal,No action needed,7
CUST006448,Ultra HNI,0.0,,0,89572907.34,1,High frequency trader,Flag for algo trading review — separate model needed,7
CUST022251,Affluent,0.221320912651275,Low,0,13007179.47,0,Normal,No action needed,7
CUST045463,Mass,0.0042921189240207,Low,0,10351256.56,0,Normal,No action needed,7
CUST046703,Mass,0.1462236831073683,Low,0,4938044.23,0,Normal,No action needed,7
CUST038738,Affluent,0.0,,0,19000291.54,0,Normal,No action needed,7
CUST040777,Mass,0.0051249999999999,Low,0,6634709.56,0,Normal,No action needed,7
CUST039030,Mass,0.0030862777573303,Low,0,7123799.46,0,Normal,No action needed,7
CUST024858,Mass,0.0040198412698412,Low,0,7450098.569999999,0,Normal,No action needed,7
CUST033367,Affluent,0.0005,Low,0,13189174.35,0,Normal,No action needed,7
CUST025214,Affluent,0.1586262431109552,Low,0,13835008.78,0,Normal,No action needed,7
CUST019494,HNI,0.0019090909090909,Low,0,34797279.06,0,Normal,No action needed,7
CUST014824,HNI,0.084177032420328,Low,0,37832886.26,0,Normal,No action needed,7
CUST042407,Mass,0.0081639969488939,Low,0,3111809.54,0,Normal,No action needed,7
CUST027442,Mass,0.201085605431057,Low,0,4513952.31,0,Normal,No action needed,7
CUST028251,Mass,0.0035251322751322,Low,0,3577362.77,0,Normal,No action needed,7
CUST001422,Mass,0.0016776315789473,Low,0,12808427.5,0,Normal,No action needed,7
CUST044592,Mass,0.1755691865731181,Low,0,4425923.22,0,Normal,No action needed,7
CUST020960,Mass,0.1509383267583858,Low,0,6494742.93,0,Normal,No action needed,7
CUST039480,Mass,0.0001515151515151,Low,0,5390661.56,0,Normal,No action needed,7
CUST017029,Mass,0.002625313283208,Low,0,2338090.31,0,Normal,No action needed,7
CUST003055,Mass,0.0005555555555555,Low,0,5500770.73,0,Normal,No action needed,7
CUST014256,Affluent,0.0025813953488372,Low,0,16393269.08,0,Normal,No action needed,7
CUST027769,Affluent,0.0,,0,26470914.4,0,Normal,No action needed,7
CUST011234,Affluent,0.0012830687830687,Low,0,13038021.72,0,Normal,No action needed,7
CUST023824,Mass,0.0,,0,4075656.77,0,Normal,No action needed,7
CUST032276,Ultra HNI,0.0117974342514783,Low,0,81376685.10000001,1,High frequency trader,Flag for algo trading review — separate model needed,7
CUST038778,Mass,0.0010421729367252,Low,0,6373099.17,0,Normal,No action needed,7
CUST046642,HNI,0.0005579096045197,Low,0,39811078.09,0,Normal,No action needed,7
CUST020467,Mass,0.0,,0,3790934.58,0,Normal,No action needed,7
CUST029483,Mass,0.1126491209663214,Low,0,1723815.13,0,Normal,No action needed,7
CUST046393,Mass,1.607717041800643e-05,Low,0,6350527.13,0,Normal,No action needed,7
CUST016382,Mass,0.0039546173308032,Low,0,12380297.28,0,Normal,No action needed,7
CUST049746,Mass,0.0067675810576685,Low,0,4852086.35,0,Normal,No action needed,7
CUST033438,Mass,0.0001072607260726,Low,0,11230860.79,0,Normal,No action needed,7
CUST013175,Mass,0.0,,0,7784301.51,0,Normal,No action needed,7
CUST024878,Mass,0.0215241906093736,Low,0,1962800.09,0,Normal,No action needed,7
CUST026325,Mass,0.0011304347826086,Low,0,7174572.73,0,Normal,No action needed,7
CUST039054,HNI,0.0,,0,42366511.65,0,Normal,No action needed,7
CUST035224,Affluent,0.214498079324817,Low,0,10704778.87,0,Normal,No action needed,7
CUST036175,HNI,0.0005468271781269,Low,0,40875997.09,0,Normal,No action needed,7
CUST003882,Mass,0.0,,0,9681129.87,0,Normal,No action needed,7
CUST037713,Ultra HNI,0.0004462524654832,Low,0,102896115.81,1,High frequency trader,Flag for algo trading review — separate model needed,7
CUST046508,HNI,0.1487077103766481,Low,1,36433075.09,0,Normal,No action needed,7
CUST038583,Mass,0.0032142857142857,Low,0,5087380.4,0,Normal,No action needed,7
CUST021416,Affluent,9.09090909090909e-05,Low,0,16576449.14,0,Normal,No action needed,7
CUST028073,Mass,0.2061056855207255,Low,0,6462068.470000001,0,Normal,No action needed,7
CUST002946,Mass,0.0027119304556354,Low,0,7477296.699999999,0,Normal,No action needed,7
CUST049734,Mass,0.0016335978835978,Low,0,2272849.2,0,Normal,No action needed,7
CUST028632,Affluent,0.1229063283206909,Low,0,20801548.5,0,Normal,No action needed,7
CUST034235,Affluent,0.0038742594514708,Low,0,13714912.6,0,Normal,No action needed,7
CUST009366,HNI,0.1419407605426972,Low,0,29800954.87,0,Normal,No action needed,7
CUST025264,Mass,0.1648006782759555,Low,0,2285761.31,0,Normal,No action needed,7
CUST043883,Mass,0.0064837662337662,Low,0,3773600.25,0,Normal,No action needed,7
CUST035395,Mass,0.008881633208839,Low,0,3069398.6400000006,0,Normal,No action needed,7
CUST026486,Mass,0.001,Low,0,10114534.22,0,Normal,No action needed,7
CUST014978,Mass,0.1623860832935011,Low,0,6223666.05,0,Normal,No action needed,7
CUST032560,Mass,0.2463083620779326,Low,0,12518813.430000002,0,Normal,No action needed,7
CUST038018,Mass,0.0026699561403508,Low,0,11598944.33,0,Normal,No action needed,7
CUST020908,Affluent,0.000798319327731,Low,0,14860716.53,0,Normal,No action needed,7
CUST025217,HNI,0.0013046757164404,Low,0,54086823.54,0,Normal,No action needed,7
CUST005956,Affluent,0.0007638888888888,Low,0,11551528.58,0,Normal,No action needed,7
CUST027913,Mass,0.0023428571428571,Low,0,8911905.57,0,Normal,No action needed,7
CUST037157,Affluent,0.004090909090909,Low,0,18223455.8,0,Normal,No action needed,7
CUST001391,Mass,0.0098123884971711,Low,0,3071058.45,0,Normal,No action needed,7
CUST025320,Mass,0.0007894736842105,Low,0,4098435.91,0,Normal,No action needed,7
CUST023979,Affluent,0.0034433198380566,Low,0,17086056.73,0,Normal,No action needed,7
CUST037705,Mass,0.0018253968253968,Low,0,6573472.69,0,Normal,No action needed,7
CUST039075,Mass,0.1820273432720087,Low,0,7961385.04,0,Normal,No action needed,7
CUST018639,Mass,0.0003206562266964,Low,0,11191350.28,0,Normal,No action needed,7
CUST039433,Mass,0.0001401869158878,Low,0,4267972.69,0,Normal,No action needed,7
CUST006843,Mass,0.0007738095238095,Low,0,2286985.98,0,Normal,No action needed,7
CUST011964,Mass,0.0031153846153846,Low,0,11039453.08,0,Normal,No action needed,7
CUST021485,Affluent,0.1810584756858389,Low,1,15530863.26,0,Normal,No action needed,7
CUST033093,Mass,0.0011538461538461,Low,0,5307537.54,0,Normal,No action needed,7
CUST042147,Mass,0.1007221088821019,Low,0,6153078.140000001,0,Normal,No action needed,7
CUST001862,Mass,0.0039663461538461,Low,0,4805059.26,0,Normal,No action needed,7
CUST042323,Affluent,0.000801282051282,Low,0,17957256.06,0,Normal,No action needed,7
CUST047118,Affluent,0.1375304582551885,Low,0,11989559.97,0,Normal,No action needed,7
CUST023032,Mass,0.0019796356093996,Low,0,9744393.38,0,Normal,No action needed,7
CUST046466,Mass,0.0,,0,7448438.41,0,Normal,No action needed,7
CUST038651,Mass,0.0022052401746724,Low,0,7648360.96,0,Normal,No action needed,7
CUST047899,Mass,0.0,,0,6292514.98,0,Normal,No action needed,7
CUST033928,Mass,0.0033692722371967,Low,0,8286961.85,0,Normal,No action needed,7
CUST002656,Mass,0.0052022946859903,Low,0,3094604.97,0,Normal,No action needed,7
CUST008703,Affluent,0.00132877882152,Low,0,11090029.17,0,Normal,No action needed,7
CUST044001,Mass,0.0,,0,13437761.840000002,0,Normal,No action needed,7
CUST038992,Mass,0.0032769035832154,Low,0,13156278.76,0,Normal,No action needed,7
CUST025713,HNI,0.0029970760233918,Low,0,45362364.26,1,Other anomaly,No action needed,7
CUST021282,Affluent,0.1052735525155579,Low,0,19580530.66,0,Normal,No action needed,7
CUST047292,Mass,0.000625,Low,0,2971338.66,0,Normal,No action needed,7
CUST037428,Affluent,0.0,,0,13929380.35,0,Normal,No action needed,7
CUST021545,Mass,0.0011228070175438,Low,0,4407855.28,0,Normal,No action needed,7
CUST008879,Mass,0.0061534126681437,Low,0,14488956.49,0,Normal,No action needed,7
CUST012154,Affluent,2.9585798816568047e-05,Low,0,18972496.77,0,Normal,No action needed,7
CUST047481,Mass,0.0001401869158878,Low,0,4213594.45,0,Normal,No action needed,7
CUST019349,HNI,0.1574683699121191,Low,0,37676173.82,0,Normal,No action needed,7
CUST005072,Mass,0.0,,0,5776089.73,0,Normal,No action needed,7
CUST035181,Mass,0.191862011604613,Low,0,3638358.62,0,Normal,No action needed,7
CUST007941,Mass,0.0068791393791393,Low,0,6268512.78,0,Normal,No action needed,7
CUST020229,Mass,0.0,,0,6618655.36,0,Normal,No action needed,7
CUST003315,HNI,0.0017483660130718,Low,0,46146896.62,0,Normal,No action needed,7
CUST031771,Mass,0.0,,0,5147867.26,0,Normal,No action needed,7
CUST047316,Mass,0.0084802887171308,Low,0,2320341.94,0,Normal,No action needed,7
CUST031599,Mass,0.0016935483870967,Low,0,5386476.04,0,Normal,No action needed,7
CUST014892,Affluent,0.120884377149033,Low,0,15087712.38,0,Normal,No action needed,7
CUST018316,Mass,0.0,,0,7352229.45,0,Normal,No action needed,7
CUST037691,HNI,0.0006388336680414,Low,0,47588120.1,1,Other anomaly,No action needed,7
CUST009260,Mass,0.1262070040481231,Low,1,4948567.09,0,Normal,No action needed,7
CUST049635,HNI,0.0,,0,40551981.35,0,Normal,No action needed,7
CUST027383,Mass,0.1815920033657122,Low,0,5271793.65,0,Normal,No action needed,7
CUST038193,HNI,0.0004733238904627,Low,0,37046933.21,0,Normal,No action needed,7
CUST025670,Mass,0.0016275689223057,Low,0,4949886.19,0,Normal,No action needed,7
CUST028571,Mass,0.000982208588957,Low,0,8100226.74,0,Normal,No action needed,7
CUST030513,Mass,0.0,,0,7024493.17,0,Normal,No action needed,7
CUST014762,Mass,0.0002829402765786,Low,0,5963609.9,0,Normal,No action needed,7
CUST017356,Mass,0.0056051587301587,Low,0,3401953.13,0,Normal,No action needed,7
CUST014195,Mass,0.0029227147693609,Low,0,7386025.31,0,Normal,No action needed,7
CUST027649,Affluent,0.0030213046757164,Low,0,30446901.74,0,Normal,No action needed,7
CUST025997,HNI,0.0004383460982261,Low,0,35729375.18,0,Normal,No action needed,7
CUST031346,Affluent,0.2605458004354756,Low,1,21848880.54,0,Normal,No action needed,7
CUST004679,Mass,0.0125795080459084,Low,0,3384746.18,0,Normal,No action needed,7
CUST001599,Affluent,0.0,,0,18184063.78,0,Normal,No action needed,7
CUST038785,Ultra HNI,0.0002173913043478,Low,0,93736255.49,1,High frequency trader,Flag for algo trading review — separate model needed,7
CUST002566,HNI,0.0,,0,31231888.96,0,Normal,No action needed,7
CUST011252,Mass,0.0021014492753623,Low,0,3585137.69,0,Normal,No action needed,7
CUST038984,Mass,0.1170848555968823,Low,0,5822558.39,0,Normal,No action needed,7
CUST034309,Ultra HNI,0.147979818351836,Low,0,72808339.36,1,High frequency trader,Flag for algo trading review — separate model needed,7
CUST012794,Mass,0.0031672932330827,Low,0,9204224.41,0,Normal,No action needed,7
CUST030530,Affluent,0.0,,0,12305265.61,0,Normal,No action needed,7
CUST042049,Mass,0.1137067228382474,Low,1,16929522.169999998,0,Normal,No action needed,7
CUST010801,Affluent,0.0,,0,25031750.79,0,Normal,No action needed,7
CUST040969,HNI,0.1761336830012791,Low,0,25303119.24,0,Normal,No action needed,7
CUST044488,Affluent,0.2820111538542542,Low,1,19619117.56,0,Normal,No action needed,7
CUST025637,Mass,0.0009791666666666,Low,0,4134425.75,0,Normal,No action needed,7
CUST028030,Affluent,0.1514840071170975,Low,0,17151352.8,0,Normal,No action needed,7
CUST020265,Affluent,0.0,,0,11240786.83,0,Normal,No action needed,7
CUST009143,HNI,0.000429765797507,Low,0,32828860.85,0,Normal,No action needed,7
CUST046087,Mass,0.2303364418896005,Low,0,2817680.75,0,Normal,No action needed,7
CUST010646,Mass,0.1428898461942189,Low,0,6805927.82,0,Normal,No action needed,7
CUST044811,Mass,0.0063700076804915,Low,0,9381914.4,0,Normal,No action needed,7
CUST010900,HNI,0.1848783993171761,Low,0,33496512.7,0,Normal,No action needed,7
CUST048650,Affluent,0.00032877882152,Low,0,19262630.52,0,Normal,No action needed,7
CUST018165,Mass,0.0042379679144385,Low,0,3697049.5,0,Normal,No action needed,7
CUST047833,Mass,0.0015518688024408,Low,0,8900159.82,0,Normal,No action needed,7
CUST015317,Affluent,0.0863510188258725,Low,0,10962198.08,0,Normal,No action needed,7
CUST037757,Mass,0.000325372101073,Low,0,5612716.21,0,Normal,No action needed,7
CUST022975,Affluent,0.1287759705374651,Low,1,12691702.71,0,Normal,No action needed,7
CUST038469,Mass,0.004012980850765,Low,0,2936844.16,0,Normal,No action needed,7
CUST028982,Affluent,0.0005,Low,0,12864192.75,0,Normal,No action needed,7
CUST045750,Affluent,0.0,,0,18842939.51,0,Normal,No action needed,7
CUST047452,HNI,0.0014166666666666,Low,0,46968223.63,0,Normal,No action needed,7
CUST005360,Mass,0.0004567307692307,Low,0,6962398.98,0,Normal,No action needed,7
CUST013865,Mass,0.0007142857142857,Low,0,4190402.07,0,Normal,No action needed,7
CUST041214,Mass,0.1097310191016075,Low,0,11442624.41,0,Normal,No action needed,7
CUST028751,Mass,0.1106677857443716,Low,0,7027684.04,0,Normal,No action needed,7
CUST010490,Mass,0.0106378968253968,Low,0,2167208.41,0,Normal,No action needed,7
CUST007493,Mass,0.0014567119625623,Low,0,5567509.08,0,Normal,No action needed,7
CUST016596,Mass,0.0026400227833681,Low,0,7143390.86,0,Normal,No action needed,7
CUST000130,Affluent,0.1522910778835925,Low,0,10047384.62,0,Normal,No action needed,7
CUST015741,Affluent,0.0010566803060005,Low,0,32914046.94,0,Normal,No action needed,7
CUST040411,Mass,0.0012692307692307,Low,0,3834549.72,0,Normal,No action needed,7
CUST008326,Affluent,0.0033263888888888,Low,0,12149133.05,0,Normal,No action needed,7
CUST017963,Mass,0.1587190323896009,Low,0,7116886.32,0,Normal,No action needed,7
CUST032521,Mass,0.0,,0,3477567.6,0,Normal,No action needed,7
CUST018583,Ultra HNI,0.0004166666666666,Low,0,69742332.04,1,High frequency trader,Flag for algo trading review — separate model needed,7
CUST000812,Mass,0.00025,Low,0,5542325.76,0,Normal,No action needed,7
CUST033848,Affluent,0.0024828221887045,Low,0,13774450.63,0,Normal,No action needed,7
CUST032453,Affluent,0.0016161616161616,Low,0,14816705.92,0,Normal,No action needed,7
CUST021455,Mass,0.0067454471253384,Low,0,3860983.25,0,Normal,No action needed,7
CUST002091,Mass,0.0013839285714285,Low,0,4140101.19,0,Normal,No action needed,7
CUST029471,Affluent,0.1933594963539676,Low,0,17596053.330000002,0,Normal,No action needed,7
CUST007320,Mass,0.0001072607260726,Low,0,5404418.42,0,Normal,No action needed,7
CUST000408,Mass,0.0010943503024538,Low,0,9668009.96,0,Normal,No action needed,7
CUST002770,Mass,0.0001072607260726,Low,0,10018523.96,0,Normal,No action needed,7
CUST049146,Mass,0.0072617102396514,Low,0,3209122.74,0,Normal,No action needed,7
CUST027743,Affluent,0.0004166666666666,Low,0,10659127.92,0,Normal,No action needed,7
CUST019751,Mass,0.2347659974663747,Low,0,4467332.48,0,Normal,No action needed,7
CUST033568,Mass,0.0,,0,9602111.25,0,Normal,No action needed,7
CUST015322,Mass,0.0,,0,6668049.41,0,Normal,No action needed,7
CUST040520,Ultra HNI,0.0053067023911013,Low,0,86298218.48,1,High frequency trader,Flag for algo trading review — separate model needed,7
CUST027452,HNI,0.2616501866309363,Low,0,32535308.9,0,Normal,No action needed,7
CUST012451,Affluent,0.0,,0,17273346.37,0,Normal,No action needed,7
CUST046401,Mass,0.1135014444006433,Low,0,2674365.02,0,Normal,No action needed,7
CUST014969,Affluent,0.180068226569816,Low,0,16370913.7,0,Normal,No action needed,7
CUST019594,HNI,0.0070618301999661,Low,0,37433207.96,0,Normal,No action needed,7
CUST046608,Affluent,0.1471495356211418,Low,1,15302181.61,0,Normal,No action needed,7
CUST030217,Affluent,0.0007738095238095,Low,0,18097805.03,0,Normal,No action needed,7
CUST014795,Mass,0.000782208588957,Low,0,7487247.4,0,Normal,No action needed,7
CUST039953,Mass,0.0007692307692307,Low,0,4464905.33,0,Normal,No action needed,7
CUST007557,Mass,6.134969325153375e-05,Low,0,4948134.2,0,Normal,No action needed,7
CUST007440,Mass,0.0030555555555555,Low,0,5373042.109999999,0,Normal,No action needed,7
CUST037637,Affluent,0.1750371298546335,Low,0,11083745.66,0,Normal,No action needed,7
CUST013642,Affluent,0.0,,0,16933319.1,0,Normal,No action needed,7
CUST033569,Affluent,0.0015172413793103,Low,0,12039182.77,0,Normal,No action needed,7
CUST009612,HNI,0.1777633570399036,Low,0,21745416.21,0,Normal,No action needed,7
CUST038703,Mass,0.0027272727272727,Low,0,6576807.61,0,Normal,No action needed,7
CUST025417,Mass,0.0015,Low,0,4174062.89,0,Normal,No action needed,7
CUST022598,HNI,0.0034782608695652,Low,0,33996197.61,0,Normal,No action needed,7
CUST004986,Mass,0.0010252723970944,Low,0,8270463.65,0,Normal,No action needed,7
CUST026901,Affluent,0.0,,0,22960967.99,0,Normal,No action needed,7
CUST009696,Affluent,0.0008,Low,0,21932488.13,0,Normal,No action needed,7
CUST040339,Affluent,0.0,,0,19705656.84,0,Normal,No action needed,7
CUST040078,Mass,0.0022666666666666,Low,0,7530334.22,0,Normal,No action needed,7
CUST011356,Mass,0.1624685442122529,Low,0,7337373.79,0,Normal,No action needed,7
CUST048145,Mass,4.1666666666666665e-05,Low,0,4261158.45,0,Normal,No action needed,7
CUST025026,Mass,0.002344465750506,Low,0,6282222.78,0,Normal,No action needed,7
CUST048474,Mass,0.1245778329548605,Low,0,3583878.22,0,Normal,No action needed,7
CUST002542,HNI,0.0004242424242424,Low,0,39313575.24,0,Normal,No action needed,7
CUST040118,Mass,0.1213854824734171,Low,0,5995578.350000001,0,Normal,No action needed,7
CUST015165,Mass,0.0,,0,10610556.47,0,Normal,No action needed,7
CUST003151,Mass,0.2079013841691156,Low,0,5665215.91,0,Normal,No action needed,7
CUST022094,HNI,0.0,,0,45978566.370000005,0,Normal,No action needed,7
CUST027057,Ultra HNI,0.2120234487569689,Low,1,63608104.470000006,1,High frequency trader,Flag for algo trading review — separate model needed,7
CUST023948,Affluent,0.1900381984055972,Low,0,9232942.97,0,Normal,No action needed,7
CUST025940,Affluent,0.0025073502500914,Low,0,11822252.49,0,Normal,No action needed,7
CUST030382,HNI,0.2446556596796613,Low,0,31749848.08,0,Normal,No action needed,7
CUST025526,Affluent,0.1178599547157195,Low,0,12746189.61,0,Normal,No action needed,7
CUST006383,Affluent,0.1323294813368428,Low,0,9621617.96,0,Normal,No action needed,7
CUST022903,Affluent,0.0063888888888888,Low,0,25168540.23,0,Normal,No action needed,7
CUST032322,Mass,0.0,,0,5047609.42,0,Normal,No action needed,7
CUST000760,Affluent,0.0076583333333333,Low,0,19001706.32,0,Normal,No action needed,7
CUST028464,Affluent,0.1048106630248959,Low,0,18861183.03,0,Normal,No action needed,7
CUST021890,HNI,0.2903299358737314,Low,0,31913570.62,0,Normal,No action needed,7
CUST048061,HNI,0.0003125,Low,0,30880698.84,0,Normal,No action needed,7
CUST038527,Mass,0.0030172413793103,Low,0,8676705.370000001,0,Normal,No action needed,7
CUST049394,Mass,0.0014182692307692,Low,0,14815281.49,0,Normal,No action needed,7
CUST036216,Mass,0.0008097866614791,Low,0,9910665.18,0,Normal,No action needed,7
CUST002538,HNI,0.0004347826086956,Low,0,35987613.47,0,Normal,No action needed,7
CUST045952,Mass,0.0007407407407407,Low,0,9040236.04,0,Normal,No action needed,7
CUST020534,Mass,0.2046001674414831,Low,0,8891962.719999999,0,Normal,No action needed,7
CUST040177,Mass,0.0006996069432453,Low,0,13337643.829999998,0,Normal,No action needed,7
CUST026716,Mass,0.0,,0,7492724.36,0,Normal,No action needed,7
CUST020866,Mass,0.00125,Low,0,5933744.62,0,Normal,No action needed,7
CUST027362,Mass,0.0025577731092436,Low,0,6991081.38,0,Normal,No action needed,7
CUST004640,Mass,0.0057911261940673,Low,0,3053314.0,0,Normal,No action needed,7
CUST016793,HNI,0.0003846153846153,Low,0,45178344.37,0,Normal,No action needed,7
CUST040282,Mass,0.0047402597402597,Low,0,5260605.32,0,Normal,No action needed,7
CUST037649,Mass,0.00225,Low,0,6699649.51,0,Normal,No action needed,7
CUST028776,Mass,0.0008719382779785,Low,0,7695702.189999999,0,Normal,No action needed,7
CUST000673,Mass,0.168410916485912,Low,0,7166933.71,0,Normal,No action needed,7
CUST025198,Mass,0.0,,0,4629216.67,0,Normal,No action needed,7
CUST027376,Ultra HNI,0.0106107822705741,Low,0,69539567.97,1,High frequency trader,Flag for algo trading review — separate model needed,7
CUST018557,Mass,0.00125,Low,0,4441201.52,0,Normal,No action needed,7
CUST043251,Mass,0.001875,Low,0,3600001.84,0,Normal,No action needed,7
CUST042008,Affluent,0.0,,0,19899465.53,0,Normal,No action needed,7
CUST036210,Mass,0.0016214046822742,Low,0,3846852.88,0,Normal,No action needed,7
CUST035853,Mass,0.1346281002848207,Low,1,6794639.13,0,Normal,No action needed,7
CUST021702,Ultra HNI,0.0065824082264484,Low,0,69217223.61,1,High frequency trader,Flag for algo trading review — separate model needed,7
CUST018739,Mass,0.0,,0,6321614.61,0,Normal,No action needed,7
CUST039065,Affluent,0.0001010101010101,Low,0,13427610.96,0,Normal,No action needed,7
CUST018011,Mass,0.001,Low,0,8068191.27,0,Normal,No action needed,7
CUST012843,Affluent,0.0011476238624873,Low,0,18932298.31,0,Normal,No action needed,7
CUST011680,Affluent,0.0,,0,11526082.22,0,Normal,No action needed,7
CUST022104,Mass,0.0004567307692307,Low,0,7486858.54,0,Normal,No action needed,7
CUST019757,Affluent,0.0,,0,16537810.61,0,Normal,No action needed,7
CUST035233,Affluent,0.003695652173913,Low,0,24994188.01,0,Normal,No action needed,7
CUST025116,Affluent,0.0022518557445969,Low,0,18317979.27,0,Normal,No action needed,7
CUST025283,Mass,0.0008726378620901,Low,0,6878606.95,0,Normal,No action needed,7
CUST027107,Mass,0.0021874999999999,Low,0,11511581.74,0,Normal,No action needed,7
CUST047171,Mass,0.001025641025641,Low,0,4387602.81,0,Normal,No action needed,7
CUST041034,Affluent,0.0024188311688311,Low,0,13546502.32,0,Normal,No action needed,7
CUST040936,Affluent,0.0035526315789473,Low,0,10240175.72,0,Normal,No action needed,7
CUST003499,Affluent,0.0008620689655172,Low,0,18753418.29,0,Normal,No action needed,7
CUST033539,Mass,0.0,,0,3294585.51,0,Normal,No action needed,7
CUST041124,Mass,0.0003206562266964,Low,0,11255795.19,0,Normal,No action needed,7
CUST028560,Mass,0.0073387445887445,Low,0,12176721.3,0,Normal,No action needed,7
CUST049979,Mass,0.1711092733793737,Low,0,4936037.74,0,Normal,No action needed,7
CUST021903,Mass,0.1484326270565694,Low,0,8192074.14,0,Normal,No action needed,7
CUST001112,Mass,0.2191592548807842,Low,0,3691839.54,0,Normal,No action needed,7
CUST009874,Affluent,0.0008695652173913,Low,0,12363040.3,0,Normal,No action needed,7
CUST025462,Mass,0.1276715345228143,Low,0,5642307.33,0,Normal,No action needed,7
CUST043641,Affluent,0.0006859216786629,Low,0,19547467.13,0,Normal,No action needed,7
CUST006860,Ultra HNI,0.0193818664619881,Low,0,85021261.64999999,1,High frequency trader,Flag for algo trading review — separate model needed,7
CUST009786,Mass,0.000625,Low,0,4352500.260000001,0,Normal,No action needed,7
CUST001256,Mass,0.0020265669100846,Low,0,7292154.02,0,Normal,No action needed,7
CUST044335,Affluent,0.2862910206127082,Low,0,12580052.32,0,Normal,No action needed,7
CUST046955,Mass,0.000625,Low,0,11979991.68,0,Normal,No action needed,7
CUST015129,Affluent,0.0019954454881867,Low,0,12845869.87,0,Normal,No action needed,7
CUST015994,Mass,0.0004567307692307,Low,0,7465630.95,0,Normal,No action needed,7
CUST003402,HNI,0.0006971153846153,Low,0,48756022.72,0,Normal,No action needed,7
CUST014397,Mass,0.0,,0,4252159.52,0,Normal,No action needed,7
CUST039015,Affluent,0.1168423276301149,Low,0,17367640.64,0,Normal,No action needed,7
CUST042115,Mass,0.2314301947168041,Low,1,12118531.51,0,Normal,No action needed,7
CUST032934,Affluent,0.0001412429378531,Low,0,13633812.14,0,Normal,No action needed,7
CUST040487,Mass,0.0004279169527691,Low,0,7370606.46,0,Normal,No action needed,7
CUST041016,Affluent,0.0,,0,21594978.56,0,Normal,No action needed,7
CUST032032,HNI,0.0013392857142857,Low,0,44976351.440000005,0,Normal,No action needed,7
CUST017515,Affluent,0.0005560515487927,Low,0,13950478.25,0,Normal,No action needed,7
CUST032594,Mass,0.0099612479854739,Low,0,3837541.85,0,Normal,No action needed,7
CUST045196,Affluent,0.00032877882152,Low,0,25006013.32,0,Normal,No action needed,7
CUST008019,Mass,0.1385417251565736,Low,0,3104098.75,0,Normal,No action needed,7
CUST012490,Mass,0.0,,0,7093984.71,0,Normal,No action needed,7
CUST018844,Affluent,0.0,,0,15478669.5,0,Normal,No action needed,7
CUST049456,Affluent,0.0013357056936647,Low,0,14742492.65,0,Normal,No action needed,7
CUST022781,Affluent,0.0018055555555555,Low,0,10695447.82,0,Normal,No action needed,7
CUST006887,Affluent,0.1894379864850137,Low,0,15963361.03,0,Normal,No action needed,7
CUST043648,HNI,0.1295336159515876,Low,0,30690104.75,0,Normal,No action needed,7
CUST037350,Mass,0.0447052827503388,Low,0,1810972.31,0,Normal,No action needed,7
CUST030096,Ultra HNI,0.1696823044592484,Low,0,79137522.74,1,High frequency trader,Flag for algo trading review — separate model needed,7
CUST023442,Mass,0.000782208588957,Low,0,8285897.91,0,Normal,No action needed,7
CUST030549,Affluent,0.0,,0,17045441.36,0,Normal,No action needed,7
CUST032699,Mass,0.0005544450790024,Low,0,4558193.39,0,Normal,No action needed,7
CUST012630,Mass,0.2713762995265175,Low,0,7720599.82,0,Normal,No action needed,7
CUST039295,HNI,0.0017821098109181,Low,0,33591734.36,0,Normal,No action needed,7
CUST039524,Affluent,0.0,,0,16342494.14,0,Normal,No action needed,7
CUST029975,Mass,0.0015336134453781,Low,0,6132726.91,0,Normal,No action needed,7
CUST009039,Mass,0.0052298136645962,Low,0,3518209.21,0,Normal,No action needed,7
CUST048274,HNI,0.0049454099821746,Low,0,46610498.24,1,Other anomaly,No action needed,7
CUST045963,Mass,0.0001401869158878,Low,0,4319002.25,0,Normal,No action needed,7
CUST013491,Mass,0.0,,0,10115419.65,0,Normal,No action needed,7
CUST020909,Affluent,0.0008333333333333,Low,0,16185710.02,0,Normal,No action needed,7
CUST043907,Mass,0.0123363544776847,Low,0,5832757.98,0,Normal,No action needed,7
CUST028373,Affluent,0.0002631578947368,Low,0,11997501.24,0,Normal,No action needed,7
CUST036076,Mass,0.0011111111111111,Low,0,3788554.38,0,Normal,No action needed,7
CUST040620,Affluent,0.0011904761904761,Low,0,14291581.55,0,Normal,No action needed,7
CUST028016,Affluent,0.0013896103896103,Low,0,10611325.73,0,Normal,No action needed,7
CUST023836,Mass,0.1221303606100955,Low,0,9596706.52,0,Normal,No action needed,7
CUST029280,Mass,0.0017647058823529,Low,0,9544853.87,0,Normal,No action needed,7
CUST028315,Affluent,0.0004390681003584,Low,0,15048415.79,0,Normal,No action needed,7
CUST039325,HNI,0.1712967511894723,Low,0,39452996.44,0,Normal,No action needed,7
CUST028613,Mass,0.0011304347826086,Low,0,12704146.47,0,Normal,No action needed,7
CUST024583,Mass,0.0010699152542372,Low,0,6032992.19,0,Normal,No action needed,7
CUST003183,Affluent,0.1408815574322086,Low,0,9650694.66,0,Normal,No action needed,7
CUST041355,Mass,0.0005882352941176,Low,0,4037765.89,0,Normal,No action needed,7
CUST012478,HNI,0.0,,0,35263396.52,0,Normal,No action needed,7
CUST015813,Mass,0.0036428571428571,Low,0,5045988.7,0,Normal,No action needed,7
CUST030206,Affluent,0.0,,0,10138622.19,0,Normal,No action needed,7
CUST014659,Mass,0.0008615819209039,Low,0,9194289.46,0,Normal,No action needed,7
CUST021320,HNI,5.2910052910052905e-05,Low,0,38563036.55,0,Normal,No action needed,7
CUST019196,Affluent,0.0002601156069364,Low,0,16364114.55,0,Normal,No action needed,7
CUST013522,Affluent,0.0,,0,27033562.42,0,Normal,No action needed,7
CUST005297,Mass,0.0018101378620901,Low,0,8622848.2,0,Normal,No action needed,7
CUST047851,HNI,0.0029425837320574,Low,0,42678662.99,0,Normal,No action needed,7
CUST042588,Ultra HNI,0.1653747494632914,Low,0,65027222.74,1,High frequency trader,Flag for algo trading review — separate model needed,7
CUST038321,Mass,0.0007142857142857,Low,0,7503869.25,0,Normal,No action needed,7
CUST041123,Affluent,0.0,,0,14540250.46,0,Normal,No action needed,7
CUST012237,HNI,0.0012642860678968,Low,0,32777161.09,0,Normal,No action needed,7
CUST009050,Mass,0.0028566176470588,Low,0,5669124.71,0,Normal,No action needed,7
CUST027907,Affluent,0.1497391215957829,Low,0,10001838.44,0,Normal,No action needed,7
CUST027169,HNI,0.0011764705882352,Low,0,39419325.17,0,Normal,No action needed,7
CUST034470,Mass,0.0014170040485829,Low,0,7427831.760000001,0,Normal,No action needed,7
CUST012180,Mass,0.0030555555555555,Low,0,6968409.84,0,Normal,No action needed,7
CUST036574,Mass,0.0046495098039215,Low,0,4485918.73,0,Normal,No action needed,7
CUST024667,Mass,0.1795912818371981,Low,0,6575077.97,0,Normal,No action needed,7
CUST046748,Mass,0.0004279169527691,Low,0,6688021.899999999,0,Normal,No action needed,7
CUST047322,Mass,0.0113446969696969,Low,0,2206582.54,0,Normal,No action needed,7
CUST047242,Mass,0.0060667701863354,Low,0,3757070.42,0,Normal,No action needed,7
CUST015318,Mass,0.0,,0,5369628.72,0,Normal,No action needed,7
CUST018467,HNI,0.006749114331723,Low,0,29522729.14,0,Normal,No action needed,7
CUST028930,Affluent,0.0035194116228598,Low,0,15074135.21,0,Normal,No action needed,7
CUST041251,HNI,0.140478273363473,Low,0,23057486.49,0,Normal,No action needed,7
CUST010203,Mass,0.1430149126090024,Low,0,2567519.28,0,Normal,No action needed,7
CUST042875,Mass,0.0043525641025641,Low,0,3538529.42,0,Normal,No action needed,7
CUST012278,Affluent,0.0009298245614035,Low,0,19952382.63,0,Normal,No action needed,7
CUST031782,Affluent,0.0007155191530117,Low,0,19421379.73,0,Normal,No action needed,7
CUST005637,Affluent,0.0011764705882352,Low,0,22070109.93,0,Normal,No action needed,7
CUST029121,Mass,0.003235294117647,Low,0,4564965.74,0,Normal,No action needed,7
CUST012938,Mass,0.1829920349178178,Low,0,13326982.91,0,Normal,No action needed,7
CUST001784,Mass,0.0,,0,5129214.45,0,Normal,No action needed,7
CUST015864,Mass,0.1042916641011254,Low,0,10313475.4,0,Normal,No action needed,7
CUST048247,Affluent,0.1118755183835312,Low,0,16285286.87,0,Normal,No action needed,7
CUST006074,Mass,0.1128630955403196,Low,0,4929986.8,0,Normal,No action needed,7
CUST027787,Affluent,0.0942400619972115,Low,0,13291185.01,0,Normal,No action needed,7
CUST021411,Mass,0.0042078608122516,Low,0,5811997.55,0,Normal,No action needed,7
CUST023082,HNI,0.0003816888744301,Low,0,54065081.120000005,1,High frequency trader,Flag for algo trading review — separate model needed,7
CUST014045,Mass,0.0022052401746724,Low,0,6186464.35,0,Normal,No action needed,7
CUST040845,Affluent,0.0020657467532467,Low,0,10162283.1,0,Normal,No action needed,7
CUST005649,Affluent,0.1521512807246683,Low,0,13444914.46,0,Normal,No action needed,7
CUST005309,Mass,0.0005561861711032,Low,0,9478443.68,0,Normal,No action needed,7
CUST044802,Affluent,0.0,,0,11104360.05,0,Normal,No action needed,7
CUST049348,Ultra HNI,0.0036659943837605,Low,0,82423911.03,1,High frequency trader,Flag for algo trading review — separate model needed,7
CUST046043,Affluent,0.00032877882152,Low,0,14379491.76,0,Normal,No action needed,7
CUST038101,Affluent,0.1209399454794457,Low,0,10177725.38,0,Normal,No action needed,7
CUST017344,Affluent,0.0008333333333333,Low,0,15390326.14,0,Normal,No action needed,7
CUST039836,HNI,0.0004513888888888,Low,0,33755938.07,0,Normal,No action needed,7
CUST002685,Mass,0.0024603174603174,Low,0,4151072.53,0,Normal,No action needed,7
CUST032952,Affluent,0.0,,0,21937559.44,0,Normal,No action needed,7
CUST008756,Mass,0.1925686603426547,Low,0,6851119.19,0,Normal,No action needed,7
CUST042028,Mass,0.0002118644067796,Low,0,7517782.229999999,0,Normal,No action needed,7
CUST008319,Mass,0.0059764928698752,Low,0,3184576.62,0,Normal,No action needed,7
CUST039470,Affluent,0.0,,0,19913792.11,0,Normal,No action needed,7
CUST024866,Affluent,0.133187076397074,Low,0,11098214.61,0,Normal,No action needed,7
CUST040350,Mass,0.0003206562266964,Low,0,10825120.29,0,Normal,No action needed,7
CUST047223,Ultra HNI,0.0,,0,55176732.0,1,High frequency trader,Flag for algo trading review — separate model needed,7
CUST015826,Affluent,0.1568706337009132,Low,0,13745399.68,0,Normal,No action needed,7
CUST021954,Affluent,0.0040381930161341,Low,0,22932881.89,0,Normal,No action needed,7
CUST010371,Mass,0.0020604395604395,Low,0,8353300.07,0,Normal,No action needed,7
CUST037704,Mass,0.0,,0,5071756.07,0,Normal,No action needed,7
CUST049283,Mass,0.0953399671004149,Low,0,3947004.33,0,Normal,No action needed,7
CUST018188,HNI,0.0033694139194139,Low,0,38909637.33,0,Normal,No action needed,7
CUST048321,Mass,0.0031672932330827,Low,0,9136874.51,0,Normal,No action needed,7
CUST016544,HNI,0.001054765797507,Low,0,32894980.56,0,Normal,No action needed,7
CUST039764,Affluent,0.0,,0,15608153.83,0,Normal,No action needed,7
CUST001879,Mass,0.1451380239108411,Low,0,7936603.49,0,Normal,No action needed,7
CUST000262,HNI,0.0022018259518259,Low,0,35460964.63,0,Normal,No action needed,7
CUST022934,Affluent,0.0,,0,19628790.91,0,Normal,No action needed,7
CUST026004,Affluent,0.0,,0,19173716.13,0,Normal,No action needed,7
CUST000271,Affluent,0.1919982709964858,Low,0,13567836.94,0,Normal,No action needed,7
CUST026406,Affluent,0.0,,0,22150157.79,0,Normal,No action needed,7
CUST039738,Mass,0.0007954545454545,Low,0,10750844.26,0,Normal,No action needed,7
CUST012645,Mass,0.0002083333333333,Low,0,9194905.29,0,Normal,No action needed,7
CUST027835,Mass,0.0006111111111111,Low,0,2975466.72,0,Normal,No action needed,7
CUST049563,Mass,0.1313755107251155,Low,0,3000204.73,0,Normal,No action needed,7
CUST019634,HNI,0.0,,0,45397556.12,0,Normal,No action needed,7
CUST027858,Affluent,0.0,,0,16213030.98,0,Normal,No action needed,7
CUST048030,Mass,0.0,,0,7413233.23,0,Normal,No action needed,7
CUST016334,Mass,0.0002631578947368,Low,0,2511776.96,0,Normal,No action needed,7
CUST039168,Mass,0.0065703066372437,Low,0,6806425.32,0,Normal,No action needed,7
CUST012837,Mass,0.0103095238095238,Low,0,3690065.05,0,Normal,No action needed,7
CUST036494,Mass,0.2117349578897374,Low,0,3111483.21,0,Normal,No action needed,7
CUST030055,Mass,0.1438353532556014,Low,0,5699774.33,0,Normal,No action needed,7
CUST025476,Ultra HNI,0.0063798746543311,Low,0,77479353.96000001,1,High frequency trader,Flag for algo trading review — separate model needed,7
CUST024119,Affluent,0.0023675213675213,Low,0,9898755.72,0,Normal,No action needed,7
CUST014312,HNI,0.0,,0,47244861.260000005,0,Normal,No action needed,7
CUST025651,HNI,0.0002480769230769,Low,0,46746533.7,0,Normal,No action needed,7
CUST024196,Mass,0.0014318181818181,Low,0,9019586.39,0,Normal,No action needed,7
CUST031853,HNI,0.0003571428571428,Low,0,44612105.91,0,Normal,No action needed,7
CUST028628,Mass,0.0,,0,5734583.73,0,Normal,No action needed,7
CUST004450,Affluent,0.0,,0,18060068.65,0,Normal,No action needed,7
CUST027208,Affluent,0.0,,0,13693579.21,0,Normal,No action needed,7
CUST004409,Mass,0.1193540166603193,Low,0,5564644.93,0,Normal,No action needed,7
CUST026591,Affluent,0.1376924766407332,Low,0,15057901.51,0,Normal,No action needed,7
CUST039016,Mass,0.0,,0,6357328.68,0,Normal,No action needed,7
CUST000627,Ultra HNI,0.0,,0,95738913.7,1,High frequency trader,Flag for algo trading review — separate model needed,7
CUST047549,Mass,0.0090252100840336,Low,0,2964003.9000000004,0,Normal,No action needed,7
CUST037925,HNI,0.0025250988142292,Low,0,39708623.47,0,Normal,No action needed,7
CUST034940,Mass,0.0044713261648745,Low,0,5295686.33,0,Normal,No action needed,7
CUST003353,HNI,0.0,,0,51813217.19,0,Normal,No action needed,7
CUST001102,Mass,0.1108819614769154,Low,0,2190106.91,0,Normal,No action needed,7
CUST017518,Affluent,0.0001923076923076,Low,0,26093238.38,0,Normal,No action needed,7
CUST026936,Mass,0.0015329402765786,Low,0,8483230.2,0,Normal,No action needed,7
CUST021521,Mass,0.0,,0,5794232.55,0,Normal,No action needed,7
CUST045084,Mass,0.225517878277698,Low,0,2907387.03,0,Normal,No action needed,7
CUST012181,Mass,0.0004873228933631,Low,0,7193579.27,0,Normal,No action needed,7
CUST013879,Mass,0.0012728278915329,Low,0,8835867.02,0,Normal,No action needed,7
CUST009956,Mass,0.0040852130325814,Low,0,3125953.19,0,Normal,No action needed,7
CUST036137,Affluent,0.0007291666666666,Low,0,20212488.02,0,Normal,No action needed,7
CUST022265,Mass,0.0040679012345679,Low,0,14419251.8,0,Normal,No action needed,7
CUST010580,Mass,0.1565799290296956,Low,0,5642725.92,0,Normal,No action needed,7
CUST034714,Mass,0.0,,0,5600485.84,0,Normal,No action needed,7
CUST027767,Mass,0.1236111747652717,Low,0,6257501.76,0,Normal,No action needed,7
CUST001089,Mass,0.0013157894736842,Low,0,9023733.66,0,Normal,No action needed,7
CUST023313,Mass,0.1243902620723479,Low,0,6790401.359999999,0,Normal,No action needed,7
CUST001689,Mass,0.000782208588957,Low,0,8221496.4,0,Normal,No action needed,7
CUST048935,HNI,0.1032137808447553,Low,0,31146151.64,0,Normal,No action needed,7
CUST027937,Mass,0.0041249235240134,Low,0,6895869.67,0,Normal,No action needed,7
CUST042144,Mass,0.0002941176470588,Low,0,5941315.58,0,Normal,No action needed,7
CUST043368,Affluent,0.0007142857142857,Low,0,12113174.11,0,Normal,No action needed,7
CUST005704,Mass,0.0016161616161616,Low,0,2665569.35,0,Normal,No action needed,7
CUST033671,Mass,0.0003333333333333,Low,0,4499227.26,0,Normal,No action needed,7
CUST042092,Affluent,0.1442429945447943,Low,0,20492939.71,0,Normal,No action needed,7
CUST047326,Mass,0.2031106594307781,Low,0,7282411.29,0,Normal,No action needed,7
CUST015676,Affluent,0.266456559769164,Low,0,13458605.08,0,Normal,No action needed,7
CUST045823,Mass,0.0017307692307692,Low,0,9805698.66,0,Normal,No action needed,7
CUST015379,HNI,0.1911125045488375,Low,0,31315669.75,0,Normal,No action needed,7
CUST014690,Affluent,0.0,,0,19114480.84,0,Normal,No action needed,7
CUST008051,Ultra HNI,0.0015384615384615,Low,0,76110249.65,1,High frequency trader,Flag for algo trading review — separate model needed,7
CUST022143,Mass,0.0015714285714285,Low,0,6257433.45,0,Normal,No action needed,7
CUST032828,Mass,0.0009595959595959,Low,0,3169196.75,0,Normal,No action needed,7
CUST042449,Affluent,0.0,,0,19357842.11,0,Normal,No action needed,7
CUST026842,Mass,0.1022632760283394,Low,0,7110367.4,0,Normal,No action needed,7
CUST004878,Affluent,0.1424147880798698,Low,1,15398570.51,0,Normal,No action needed,7
CUST008767,Mass,0.0003571428571428,Low,0,10324536.46,0,Normal,No action needed,7
CUST016929,Mass,0.1588509264775716,Low,0,2456058.87,0,Normal,No action needed,7
CUST017391,Affluent,0.2112383027583249,Low,0,18742643.43,0,Normal,No action needed,7
CUST021647,Mass,0.001578947368421,Low,0,10324893.73,0,Normal,No action needed,7
CUST000289,Affluent,0.0009302325581395,Low,0,16481408.74,0,Normal,No action needed,7
CUST043468,Affluent,0.0,,0,20932260.73,0,Normal,No action needed,7
CUST017378,HNI,0.206009127996033,Low,0,54233412.28,0,Normal,No action needed,7
CUST031608,HNI,0.163867762976134,Low,0,32385317.19,0,Normal,No action needed,7
CUST013990,Affluent,0.1937896102858687,Low,0,15959318.97,0,Normal,No action needed,7
CUST000180,Mass,0.2076841460482021,Low,0,6515868.6,0,Normal,No action needed,7
CUST023440,Affluent,0.0036507936507936,Low,0,15885523.55,0,Normal,No action needed,7
CUST033715,Affluent,0.0011010260457774,Low,0,21241428.75,0,Normal,No action needed,7
CUST048400,Affluent,0.0,,0,17619019.67,0,Normal,No action needed,7
CUST010348,HNI,0.0025925925925925,Low,0,24299955.62,0,Normal,No action needed,7
CUST002668,Mass,0.0038818888537185,Low,0,8821322.4,0,Normal,No action needed,7
CUST046570,Mass,0.0017307692307692,Low,0,10669003.19,0,Normal,No action needed,7
CUST029542,Mass,0.0008097866614791,Low,0,5499392.93,0,Normal,No action needed,7
CUST006504,Affluent,0.0,,0,27584716.04,0,Normal,No action needed,7
CUST005596,Affluent,0.0078324175824175,Low,0,15141758.48,0,Normal,No action needed,7
CUST010970,Mass,0.1626248550091013,Low,0,4965205.58,0,Normal,No action needed,7
CUST038897,Mass,0.0003206562266964,Low,0,8698916.379999999,0,Normal,No action needed,7
CUST017994,Ultra HNI,0.2647836166487835,Low,0,60582967.12,1,High frequency trader,Flag for algo trading review — separate model needed,7
CUST024558,Affluent,0.0,,0,20766651.77,0,Normal,No action needed,7
CUST023483,Mass,0.0,,0,5204401.24,0,Normal,No action needed,7
CUST001069,Mass,0.0,,0,9651134.11,0,Normal,No action needed,7
CUST046213,HNI,0.0,,0,48765465.09,0,Normal,No action needed,7
CUST035751,Affluent,0.0974403041761095,Low,0,22496864.63,0,Normal,No action needed,7
CUST004364,Affluent,0.0002601156069364,Low,0,20680201.89,0,Normal,No action needed,7
CUST003423,Affluent,0.1769308971429149,Low,0,10687013.91,0,Normal,No action needed,7
CUST010283,Affluent,0.2019405771763562,Low,0,17076777.43,0,Normal,No action needed,7
CUST020588,Mass,0.0003125,Low,0,4016576.89,0,Normal,No action needed,7
CUST004168,Mass,0.0004279169527691,Low,0,5777991.29,0,Normal,No action needed,7
CUST031365,HNI,0.0024146117692505,Low,0,36141427.34,0,Normal,No action needed,7
CUST013501,Ultra HNI,0.1470571240717706,Low,0,79336260.05,1,High frequency trader,Flag for algo trading review — separate model needed,7
CUST023332,Affluent,0.0011010260457774,Low,0,19420991.07,0,Normal,No action needed,7
CUST047376,Mass,0.0001072607260726,Low,0,6154054.69,0,Normal,No action needed,7
CUST013931,Affluent,0.0007155191530117,Low,0,25323951.380000003,0,Normal,No action needed,7
CUST029266,Mass,0.0003206562266964,Low,0,10004090.74,0,Normal,No action needed,7
CUST035083,Mass,0.000876634901487,Low,0,7575009.56,0,Normal,No action needed,7
CUST000669,Affluent,0.0001666666666666,Low,0,16082893.15,0,Normal,No action needed,7
CUST004457,Mass,0.0040812788906009,Low,0,6341452.8,0,Normal,No action needed,7
CUST014833,Mass,0.0010094813162297,Low,0,8118647.650000001,0,Normal,No action needed,7
CUST032708,Affluent,0.0013526604973973,Low,0,11919309.71,0,Normal,No action needed,7
CUST044622,Affluent,0.0,,0,11078604.71,0,Normal,No action needed,7
CUST048392,Affluent,0.0,,0,9568908.66,0,Normal,No action needed,7
CUST025828,Affluent,0.0020833333333333,Low,0,10619704.84,0,Normal,No action needed,7
CUST039285,Affluent,0.1457197563105087,Low,0,23812003.62,0,Normal,No action needed,7
CUST031892,Mass,0.0,,0,8151863.75,0,Normal,No action needed,7
CUST014451,Mass,0.0,,0,4618484.24,0,Normal,No action needed,7
CUST008403,Affluent,0.0009375,Low,0,12773611.24,0,Normal,No action needed,7
CUST032982,Affluent,0.0780900090496255,Low,0,17732081.81,0,Normal,No action needed,7
CUST039684,Mass,0.0,,0,4907101.32,0,Normal,No action needed,7
CUST033409,Mass,0.0005,Low,0,7218738.04,0,Normal,No action needed,7
CUST032997,Mass,0.0001070663811563,Low,0,10597842.67,0,Normal,No action needed,7
CUST032720,Mass,0.1249103212902512,Low,0,5485749.08,0,Normal,No action needed,7
CUST048768,Affluent,0.0,,0,17370319.05,0,Normal,No action needed,7
CUST006943,Affluent,0.002253164556962,Low,0,17671813.95,0,Normal,No action needed,7
CUST019552,Affluent,0.0043217358172893,Low,0,15106975.43,0,Normal,No action needed,7
CUST032005,Mass,0.0030955613014436,Low,0,4471298.87,0,Normal,No action needed,7
CUST029750,Affluent,0.0028333333333333,Low,0,13631369.760000002,0,Normal,No action needed,7
CUST013492,Affluent,0.012881706735155,Low,0,11132199.65,0,Normal,No action needed,7
CUST043563,Mass,0.0046225868725868,Low,0,5034181.29,0,Normal,No action needed,7
CUST006179,Affluent,0.0009089912280701,Low,0,21476467.06,0,Normal,No action needed,7
CUST026525,Affluent,0.0001010101010101,Low,0,17571351.05,0,Normal,No action needed,7
CUST033006,Mass,0.0005263157894736,Low,0,8629521.95,0,Normal,No action needed,7
CUST018476,Mass,0.0007142857142857,Low,0,5472325.78,0,Normal,No action needed,7
CUST027456,Ultra HNI,0.2962225064476478,Low,0,65387330.65,1,High frequency trader,Flag for algo trading review — separate model needed,7
CUST028386,Ultra HNI,0.0175681855500821,Low,0,62902934.39,1,High frequency trader,Flag for algo trading review — separate model needed,7
CUST001063,Affluent,0.0034999999999999,Low,0,14921636.19,0,Normal,No action needed,7
CUST044862,Mass,0.1530038359679091,Low,0,9507668.38,0,Normal,No action needed,7
CUST020025,Mass,0.0019358974358974,Low,0,4164152.07,0,Normal,No action needed,7
CUST049163,Mass,0.1197338462738253,Low,0,7283194.69,0,Normal,No action needed,7
CUST009524,HNI,0.0013571428571428,Low,0,37797535.86,0,Normal,No action needed,7
CUST042372,Mass,0.0003333333333333,Low,0,5948326.4,0,Normal,No action needed,7
CUST012836,Mass,0.0001851851851851,Low,0,5481803.01,0,Normal,No action needed,7
CUST004494,Mass,0.0009176711520696,Low,0,4650216.07,0,Normal,No action needed,7
CUST023823,Mass,0.1446413285756307,Low,0,5975449.7,0,Normal,No action needed,7
CUST045195,Mass,0.1267302808013251,Low,0,7083538.02,0,Normal,No action needed,7
CUST046855,Affluent,0.0864355066277036,Low,0,16481184.13,0,Normal,No action needed,7
CUST003124,Affluent,0.0,,0,14371899.43,0,Normal,No action needed,7
CUST027893,Mass,0.0004279169527691,Low,0,6384911.83,0,Normal,No action needed,7
CUST009748,Ultra HNI,0.0108537653317345,Low,0,66562689.47,1,High frequency trader,Flag for algo trading review — separate model needed,7
CUST044670,HNI,0.0061031835834248,Low,0,34543457.44,0,Normal,No action needed,7
CUST009024,Ultra HNI,0.0022008547008547,Low,0,88408273.03999999,1,High frequency trader,Flag for algo trading review — separate model needed,7
CUST018463,Mass,0.0022052401746724,Low,0,6322219.48,0,Normal,No action needed,7
CUST008314,Mass,0.0001289134438305,Low,0,8602615.43,0,Normal,No action needed,7
CUST021056,HNI,0.003578947368421,Low,0,41304738.98,0,Normal,No action needed,7
CUST003973,Mass,0.0029772727272727,Low,0,2501297.0700000003,0,Normal,No action needed,7
CUST046458,Mass,0.0026712461300309,Low,0,26602843.33,0,Normal,No action needed,7
CUST025831,Ultra HNI,0.0005,Low,0,71536035.42999999,1,High frequency trader,Flag for algo trading review — separate model needed,7
CUST003342,Affluent,0.0008677685950413,Low,0,15407387.31,0,Normal,No action needed,7
CUST021991,Affluent,0.0,,0,18157100.78,0,Normal,No action needed,7
CUST049437,Mass,0.0015150277163638,Low,0,10047773.06,0,Normal,No action needed,7
CUST002108,Mass,0.1996600924646538,Low,0,6658447.12,0,Normal,No action needed,7
CUST005527,HNI,0.0042483857949959,Low,0,33566700.2,0,Normal,No action needed,7
CUST018163,HNI,0.0015336134453781,Low,0,38128155.46,0,Normal,No action needed,7
CUST019551,HNI,0.2366481381899716,Low,0,24867064.69,0,Normal,No action needed,7
CUST013836,Mass,0.000982208588957,Low,0,10163401.31,0,Normal,No action needed,7
CUST019514,Affluent,0.0005882352941176,Low,0,19321991.79,0,Normal,No action needed,7
CUST035173,HNI,0.1406438595208242,Low,0,33983266.09,0,Normal,No action needed,7
CUST000823,Mass,0.0052531301544459,Low,0,9535249.26,0,Normal,No action needed,7
CUST026071,Affluent,0.0043898528581393,Low,0,13763014.85,0,Normal,No action needed,7
CUST030970,Affluent,0.2434574149198684,Low,0,20231816.72,0,Normal,No action needed,7
CUST004809,HNI,0.1243182574223808,Low,0,30119974.37,0,Normal,No action needed,7
CUST039712,Affluent,0.0,,0,12555804.72,0,Normal,No action needed,7
CUST006770,Mass,0.2005277965703686,Low,0,5961549.61,0,Normal,No action needed,7
CUST017270,Affluent,0.00032877882152,Low,0,11425918.93,0,Normal,No action needed,7
CUST009644,Mass,0.0010094813162297,Low,0,6423133.93,0,Normal,No action needed,7
CUST005898,Mass,0.0009020196131725,Low,0,6477556.31,0,Normal,No action needed,7
CUST003220,Mass,0.0001289134438305,Low,0,9540515.05,0,Normal,No action needed,7
CUST002351,Mass,0.0,,0,10253864.69,0,Normal,No action needed,7
CUST017443,Mass,0.0017391304347826,Low,0,6147806.83,0,Normal,No action needed,7
CUST021486,Mass,0.0005803571428571,Low,0,5641517.16,0,Normal,No action needed,7
CUST016636,Affluent,0.0036566956236,Low,0,26236043.99,0,Normal,No action needed,7
CUST016390,Mass,0.0026944444444444,Low,0,4953881.81,0,Normal,No action needed,7
CUST003638,Mass,0.0142940124666467,Low,0,1948897.23,0,Normal,No action needed,7
CUST028916,Mass,0.0006666666666666,Low,0,4852616.71,0,Normal,No action needed,7
CUST045764,Mass,0.0003836051328386,Low,0,13335459.96,0,Normal,No action needed,7
CUST048252,Mass,0.0059612867177522,Low,0,3221589.17,0,Normal,No action needed,7
CUST035846,Affluent,0.0,,0,16591696.16,0,Normal,No action needed,7
CUST031263,HNI,0.0025131578947368,Low,0,37822946.45,0,Normal,No action needed,7
CUST044324,Mass,0.0003836051328386,Low,0,12933849.33,0,Normal,No action needed,7
CUST026810,Mass,0.0090008903133903,Low,0,2825258.83,0,Normal,No action needed,7
CUST019440,Mass,0.0021626984126984,Low,0,11684287.64,0,Normal,No action needed,7
CUST016499,Mass,0.0,,0,6436240.57,0,Normal,No action needed,7
CUST045784,Affluent,0.0006,Low,0,15642968.58,0,Normal,No action needed,7
CUST039889,Affluent,0.0002777777777777,Low,0,20402656.8,0,Normal,No action needed,7
CUST047834,HNI,0.0090863636363636,Low,0,51427856.54,0,Normal,No action needed,7
CUST021361,Ultra HNI,0.0065885935574722,Low,0,67618035.41,1,High frequency trader,Flag for algo trading review — separate model needed,7
CUST034225,Mass,0.008464860400682,Low,0,5007902.58,0,Normal,No action needed,7
CUST004449,HNI,0.0043411000763941,Low,0,32254630.0,0,Normal,No action needed,7
CUST034882,Affluent,0.0018768905021173,Low,0,12146211.46,0,Normal,No action needed,7
CUST035533,Mass,0.0,,0,5830920.98,0,Normal,No action needed,7
CUST023910,Mass,0.2999364023249924,Low,0,8587570.6,0,Normal,No action needed,7
CUST023226,Mass,0.000254691689008,Low,0,15542286.64,0,Normal,No action needed,7
CUST034482,Mass,0.1161558493007269,Low,0,3749905.09,0,Normal,No action needed,7
CUST042378,HNI,0.0002631578947368,Low,0,50140097.13,0,Normal,No action needed,7
CUST011924,Affluent,0.0037430555555555,Low,0,12358448.27,0,Normal,No action needed,7
CUST044037,Mass,0.1469670206618576,Low,0,9428978.15,0,Normal,No action needed,7
CUST000034,Mass,0.0005544450790024,Low,0,6837004.6,0,Normal,No action needed,7
CUST046579,Mass,0.1360908492790483,Low,0,10340627.53,0,Normal,No action needed,7
CUST029360,Mass,0.1640383118494563,Low,0,5432247.48,0,Normal,No action needed,7
CUST023510,Affluent,0.0,,0,11477264.21,0,Normal,No action needed,7
CUST001036,Mass,0.0011111111111111,Low,0,5258869.05,0,Normal,No action needed,7
CUST030700,Affluent,0.0,,0,13299610.26,0,Normal,No action needed,7
CUST013298,Mass,0.1539001514380946,Low,0,2592852.01,0,Normal,No action needed,7
CUST030716,Mass,0.0,,0,9843516.03,0,Normal,No action needed,7
CUST003512,Affluent,0.2314056323048034,Low,1,11902607.11,0,Normal,No action needed,7
CUST019871,Mass,0.0004166666666666,Low,0,5906008.42,0,Normal,No action needed,7
CUST044518,Affluent,0.1051822640597078,Low,0,15813503.23,0,Normal,No action needed,7
CUST017992,Mass,0.0001289134438305,Low,0,8677275.91,0,Normal,No action needed,7
CUST032940,HNI,0.1064836974761943,Low,1,35070959.73,0,Normal,No action needed,7
CUST039978,Affluent,0.001469298245614,Low,0,20561575.35,0,Normal,No action needed,7
CUST020622,Mass,0.0,,0,3977356.83,0,Normal,No action needed,7
CUST048256,Mass,0.0003212211361382,Low,0,9852469.11,0,Normal,No action needed,7
CUST030383,Mass,0.0003125,Low,0,4988194.76,0,Normal,No action needed,7
CUST021360,Mass,0.0006072607260726,Low,0,6492257.819999999,0,Normal,No action needed,7
CUST016676,Affluent,0.1584950945978532,Low,0,19516932.79,0,Normal,No action needed,7
CUST024182,Affluent,0.1566954019545539,Low,0,11742917.19,0,Normal,No action needed,7
CUST000505,Affluent,0.1517479159060746,Low,0,14453863.2,0,Normal,No action needed,7
CUST021230,Mass,0.1980977731928797,Low,0,8645270.92,0,Normal,No action needed,7
CUST035745,Affluent,0.1729944611545932,Low,0,22275361.45,0,Normal,No action needed,7
CUST047113,Mass,0.019341808322752,Low,0,8385151.509999999,0,Normal,No action needed,7
CUST020202,Mass,0.0007692307692307,Low,0,8013366.880000001,0,Normal,No action needed,7
CUST047820,Mass,0.000525641025641,Low,0,15640810.59,0,Normal,No action needed,7
CUST016449,Mass,0.2980996817889672,Low,0,8290795.029999999,0,Normal,No action needed,7
CUST010202,Affluent,0.0004904306220095,Low,0,15815243.86,0,Normal,No action needed,7
CUST049119,Mass,0.0003333333333333,Low,0,10361633.57,0,Normal,No action needed,7
CUST009851,HNI,0.1369119024709373,Low,0,24451463.85,0,Normal,No action needed,7
CUST045981,Mass,0.1660446462829066,Low,0,7078484.99,0,Normal,No action needed,7
CUST000738,Mass,0.0,,0,4194400.69,0,Normal,No action needed,7
CUST012246,HNI,0.1548171462844582,Low,0,36620700.81,0,Normal,No action needed,7
CUST025224,HNI,0.0,,0,45736654.65,0,Normal,No action needed,7
CUST007190,Mass,0.1576525109476129,Low,0,1900464.24,0,Normal,No action needed,7
CUST013052,Mass,0.1213057255362571,Low,1,9049104.28,0,Normal,No action needed,7
CUST027424,HNI,0.0001412429378531,Low,0,44370021.18,0,Normal,No action needed,7
CUST004879,Mass,0.0041168478260869,Low,0,3020236.45,0,Normal,No action needed,7
CUST020342,Mass,0.0022052401746724,Low,0,4404218.67,0,Normal,No action needed,7
CUST029374,Mass,0.0,,0,9588033.78,0,Normal,No action needed,7
CUST036382,HNI,0.0020689655172413,Low,0,36591449.47,0,Normal,No action needed,7
CUST020450,HNI,0.0032967779503105,Low,0,48110009.06,0,Normal,No action needed,7
CUST007556,Affluent,0.0908359647581287,Low,0,13013177.94,0,Normal,No action needed,7
CUST023394,HNI,0.1289378161844139,Low,0,36613884.73,0,Normal,No action needed,7
CUST018852,Affluent,0.2110659157721407,Low,0,19859240.83,0,Normal,No action needed,7
CUST046253,Mass,0.00753663003663,Low,0,4877906.48,0,Normal,No action needed,7
CUST034572,Mass,4.1666666666666665e-05,Low,0,4874586.27,0,Normal,No action needed,7
CUST008058,Mass,0.0,,0,7331849.33,0,Normal,No action needed,7
CUST047537,Affluent,0.148669149454226,Low,0,15467874.89,0,Normal,No action needed,7
CUST022919,Mass,0.0001072607260726,Low,0,5833581.89,0,Normal,No action needed,7
CUST037640,HNI,0.1445495817762496,Low,0,36700584.7,0,Normal,No action needed,7
CUST018232,Mass,0.0063461538461538,Low,0,6138984.87,0,Normal,No action needed,7
CUST011993,Mass,0.0022611068799187,Low,0,5636346.29,0,Normal,No action needed,7
CUST043308,Affluent,0.0008677685950413,Low,0,14763188.7,0,Normal,No action needed,7
CUST014204,Affluent,0.0016767676767676,Low,0,25582630.53,0,Normal,No action needed,7
CUST040444,Mass,0.0011304347826086,Low,0,10479009.73,0,Normal,No action needed,7
CUST024283,HNI,0.0023109243697478,Low,0,35556037.46,1,High frequency trader,Flag for algo trading review — separate model needed,7
CUST001355,Mass,0.0017096255575147,Low,0,7534078.78,0,Normal,No action needed,7
CUST028451,Mass,0.0,,0,10249071.4,0,Normal,No action needed,7
CUST002892,Mass,0.0013958810068649,Low,0,5241163.92,0,Normal,No action needed,7
CUST005632,Mass,0.0128573503381563,Low,0,2749426.66,0,Normal,No action needed,7
CUST009321,Affluent,0.0959715806633788,Low,0,11872260.71,0,Normal,No action needed,7
CUST003144,Mass,0.1618937524415618,Low,0,4917498.95,0,Normal,No action needed,7
CUST024301,Affluent,0.0,,0,17427251.23,0,Normal,No action needed,7
CUST026244,Mass,0.0,,0,6143802.2700000005,0,Normal,No action needed,7
CUST035973,Mass,0.1895411042588969,Low,1,6322401.16,0,Normal,No action needed,7
CUST007821,Affluent,0.0003125,Low,0,14450990.86,0,Normal,No action needed,7
CUST045390,HNI,0.0028272727272727,Low,0,32933734.14,0,Normal,No action needed,7
CUST035369,Mass,0.0,,0,5353736.5,0,Normal,No action needed,7
CUST026474,Mass,0.0,,0,5710319.01,0,Normal,No action needed,7
CUST049434,Affluent,0.0028774777853725,Low,0,19137350.65,0,Normal,No action needed,7
CUST011264,Mass,0.0,,0,3820231.21,0,Normal,No action needed,7
CUST022442,Mass,0.0024561403508771,Low,0,10240863.87,0,Normal,No action needed,7
CUST007263,Mass,0.0,,0,7405393.390000001,0,Normal,No action needed,7
CUST016270,HNI,0.0,,0,44224382.89,1,Other anomaly,No action needed,7
CUST012537,Mass,4.43257579886279e-05,Low,0,6767942.99,0,Normal,No action needed,7
CUST037921,Mass,0.0025,Low,0,14624643.08,0,Normal,No action needed,7
CUST035443,Mass,0.0,,0,6631878.53,0,Normal,No action needed,7
CUST011364,Mass,0.0,,0,10349736.85,0,Normal,No action needed,7
CUST006255,HNI,0.00125,Low,0,34519285.15,0,Normal,No action needed,7
CUST016170,Mass,0.0030268817204301,Low,0,6176666.75,0,Normal,No action needed,7
CUST003409,Mass,0.0040277777777777,Low,0,2922790.62,0,Normal,No action needed,7
CUST000266,Mass,0.0003206562266964,Low,0,8613029.93,0,Normal,No action needed,7
CUST004309,Affluent,0.0,,0,16914921.71,0,Normal,No action needed,7
CUST036405,Affluent,0.212406005857399,Low,0,10080203.22,0,Normal,No action needed,7
CUST009139,Mass,0.0,,0,6431314.75,0,Normal,No action needed,7
CUST038679,Affluent,0.0002941176470588,Low,0,32750338.85,0,Normal,No action needed,7
CUST036891,Mass,0.0009802647951819,Low,0,8515779.07,0,Normal,No action needed,7
CUST042330,Mass,0.0,,0,5880159.56,0,Normal,No action needed,7
CUST001711,HNI,0.0003571428571428,Low,0,49952366.21,0,Normal,No action needed,7
CUST041201,Mass,0.0,,0,4738567.5200000005,0,Normal,No action needed,7
CUST023502,Mass,0.159070342656442,Low,0,12695126.69,0,Normal,No action needed,7
CUST017939,Ultra HNI,0.0014560439560439,Low,0,64387450.21,1,High frequency trader,Flag for algo trading review — separate model needed,7
CUST020952,Mass,0.0,,0,5492780.59,0,Normal,No action needed,7
CUST019561,Affluent,0.0051818181818181,Low,0,11695637.96,0,Normal,No action needed,7
CUST026538,Affluent,0.0006399048884537,Low,0,20881343.56,0,Normal,No action needed,7
CUST031720,Affluent,0.0,,0,16548457.83,0,Normal,No action needed,7
CUST018471,Mass,0.0991862008527616,Low,0,5237007.680000001,0,Normal,No action needed,7
CUST043515,Mass,0.0043449197860962,Low,0,7152545.379999999,0,Normal,No action needed,7
CUST018709,Affluent,0.2274101351447376,Low,1,24316250.48,0,Normal,No action needed,7
CUST016535,HNI,0.0005882352941176,Low,0,39265242.48,0,Normal,No action needed,7
CUST022841,Affluent,0.0,,0,13398203.76,0,Normal,No action needed,7
CUST029962,Mass,0.0002272727272727,Low,0,5331446.97,0,Normal,No action needed,7
CUST043403,Affluent,0.1217157711758407,Low,0,8121891.3,0,Normal,No action needed,7
CUST025768,Mass,0.0016369047619047,Low,0,8501588.93,0,Normal,No action needed,7
CUST043678,Ultra HNI,0.0198305014430014,Low,0,94618429.37,1,High frequency trader,Flag for algo trading review — separate model needed,7
CUST037156,HNI,0.2234121679004037,Low,0,21420592.04,0,Normal,No action needed,7
CUST046006,Mass,1.607717041800643e-05,Low,0,5215435.78,0,Normal,No action needed,7
CUST023259,Mass,0.0,,0,5675401.6,0,Normal,No action needed,7
CUST022534,Mass,0.0014859098228663,Low,0,1920970.54,0,Normal,No action needed,7
CUST025590,Mass,0.0101948717948717,Low,0,3117905.54,0,Normal,No action needed,7
CUST005885,Mass,0.0034516296610137,Low,0,7207200.91,0,Normal,No action needed,7
CUST048045,Ultra HNI,0.0001412429378531,Low,0,77710995.52,1,High frequency trader,Flag for algo trading review — separate model needed,7
CUST031385,Affluent,0.0,,0,17492910.66,0,Normal,No action needed,7
CUST043880,HNI,0.1405182468382922,Low,0,38242344.92,0,Normal,No action needed,7
CUST009272,Mass,0.0008333333333333,Low,0,7534225.32,0,Normal,No action needed,7
CUST005216,Ultra HNI,0.2010034028074117,Low,0,68678515.9,1,High frequency trader,Flag for algo trading review — separate model needed,7
CUST022019,Mass,0.0029090909090909,Low,0,7261079.58,0,Normal,No action needed,7
CUST009059,Affluent,0.0008904837852206,Low,0,10462317.31,0,Normal,No action needed,7
CUST018610,Affluent,0.0011692065160273,Low,0,14932143.98,0,Normal,No action needed,7
CUST042149,Affluent,0.0003846153846153,Low,0,17967219.86,0,Normal,No action needed,7
CUST018932,Affluent,0.002215320910973,Low,0,11181436.36,0,Normal,No action needed,7
CUST045387,Mass,0.1613648681468486,Low,0,10527307.97,0,Normal,No action needed,7
CUST023006,HNI,0.0002,Low,0,44822301.29,0,Normal,No action needed,7
CUST031345,Affluent,0.0,,0,13879620.16,0,Normal,No action needed,7
CUST005944,HNI,0.0,,0,41769482.51,0,Normal,No action needed,7
CUST026997,Affluent,0.0006399048884537,Low,0,20075745.16,0,Normal,No action needed,7
CUST032777,Affluent,0.1894047550331815,Low,0,16709307.41,0,Normal,No action needed,7
CUST008306,Mass,0.0004012345679012,Low,0,8917413.13,0,Normal,No action needed,7
CUST027303,HNI,0.0004537429378531,Low,0,31153158.66,0,Normal,No action needed,7
CUST007107,Mass,0.1487956224563333,Low,0,3535321.1100000003,0,Normal,No action needed,7
CUST030118,Mass,0.001792328042328,Low,0,19957325.93,0,Normal,No action needed,7
CUST047806,Affluent,0.0,,0,20049994.36,0,Normal,No action needed,7
CUST022994,Mass,0.0038888888888888,Low,0,7644683.31,0,Normal,No action needed,7
CUST043749,Mass,0.0,,0,8242748.050000001,0,Normal,No action needed,7
CUST045872,Mass,0.0190670676022544,Low,0,1748573.24,0,Normal,No action needed,7
CUST007527,Mass,0.0239309399124902,Low,0,2971003.76,0,Normal,No action needed,7
CUST034232,Mass,0.0077720588235294,Low,0,7472129.58,0,Normal,No action needed,7
CUST017372,Affluent,0.0032539682539682,Low,0,9577781.65,0,Normal,No action needed,7
CUST004420,Mass,0.0040446428571428,Low,0,3798602.96,0,Normal,No action needed,7
CUST004011,Affluent,0.159223996164154,Low,0,10375920.63,0,Normal,No action needed,7
CUST001757,Mass,0.0001231435515743,Low,0,6278255.92,0,Normal,No action needed,7
CUST004639,Mass,0.0001072607260726,Low,0,7622117.52,0,Normal,No action needed,7
CUST004618,Mass,0.001839349376114,Low,0,3327028.03,0,Normal,No action needed,7
CUST009102,Affluent,0.0005882352941176,Low,0,23083592.040000003,0,Normal,No action needed,7
CUST040686,Mass,0.2905796181625761,Low,1,5114109.720000001,0,Normal,No action needed,7
CUST029452,Mass,0.0003206562266964,Low,0,6798850.08,0,Normal,No action needed,7
CUST043922,Affluent,0.0013503435562259,Low,0,13956299.17,0,Normal,No action needed,7
CUST006088,Mass,0.0022027625152625,Low,0,6485427.2,0,Normal,No action needed,7
CUST019160,Affluent,0.00032877882152,Low,0,18712201.84,0,Normal,No action needed,7
CUST044126,Affluent,0.2510549510750072,Low,0,21455931.01,0,Normal,No action needed,7
CUST008063,Mass,0.1185276814978763,Low,0,7167462.36,0,Normal,No action needed,7
CUST038976,Mass,0.2406876606823113,Low,0,6582925.79,0,Normal,No action needed,7
CUST037729,Affluent,0.0005263157894736,Low,0,22604339.69,0,Normal,No action needed,7
CUST001094,Affluent,0.0001612903225806,Low,0,18236760.76,0,Normal,No action needed,7
CUST043013,Mass,0.1710380749905781,Low,0,4673257.04,0,Normal,No action needed,7
CUST004150,Affluent,0.0,,0,21246580.1,0,Normal,No action needed,7
CUST028474,Mass,0.0,,0,3897293.18,0,Normal,No action needed,7
CUST013869,Mass,0.0,,0,6262620.7,0,Normal,No action needed,7
CUST044775,Affluent,0.0,,0,16078469.04,0,Normal,No action needed,7
CUST048755,Affluent,0.1263310034884725,Low,0,10400777.71,0,Normal,No action needed,7
CUST007687,Mass,0.0017245989304812,Low,0,6353985.86,0,Normal,No action needed,7
CUST028413,Affluent,0.0,,0,18041540.58,0,Normal,No action needed,7
CUST021544,Mass,0.0270201461314576,Low,0,6166378.75,0,Normal,No action needed,7
CUST013903,Mass,0.0021400277163638,Low,0,7729435.82,0,Normal,No action needed,7
CUST001035,Mass,0.2177071134337211,Low,0,6614826.17,0,Normal,No action needed,7
CUST023574,Affluent,0.0003867403314917,Low,0,21840971.8,0,Normal,No action needed,7
CUST044492,Ultra HNI,0.0052857142857142,Low,0,86128302.28,1,High frequency trader,Flag for algo trading review — separate model needed,7
CUST000827,Mass,0.0042120589416286,Low,0,5658708.38,0,Normal,No action needed,7
CUST025115,Mass,0.0077686231547833,Low,0,8491091.67,0,Normal,No action needed,7
CUST008343,Affluent,0.00125,Low,0,13359354.54,0,Normal,No action needed,7
CUST024164,Mass,0.1528140294849068,Low,0,3012050.03,0,Normal,No action needed,7
CUST010776,Mass,0.0059128787878787,Low,0,2651899.24,0,Normal,No action needed,7
CUST023400,Mass,0.0016666666666666,Low,0,6085654.28,0,Normal,No action needed,7
CUST009035,Mass,0.1752466181171254,Low,0,3286378.36,0,Normal,No action needed,7
CUST005343,Ultra HNI,0.004958055755718,Low,0,89241405.29,1,High frequency trader,Flag for algo trading review — separate model needed,7
CUST027979,Mass,0.0063233830715714,Low,0,11739666.81,0,Normal,No action needed,7
CUST018554,Mass,0.0003846153846153,Low,0,7966554.24,0,Normal,No action needed,7
CUST029062,Affluent,2.9585798816568047e-05,Low,0,35400984.34,0,Normal,No action needed,7
CUST016778,Affluent,0.0,,0,22485526.33,0,Normal,No action needed,7
CUST023818,Ultra HNI,0.0026666666666666,Low,0,82116423.21,1,High frequency trader,Flag for algo trading review — separate model needed,7
CUST007901,Mass,0.0033946078431372,Low,0,2439390.04,0,Normal,No action needed,7
CUST033702,Affluent,0.0001412429378531,Low,0,34389317.32,0,Normal,No action needed,7
CUST039719,Affluent,0.0009131944059356,Low,0,14283076.87,0,Normal,No action needed,7
CUST017087,Mass,0.0,,0,5484126.69,0,Normal,No action needed,7
CUST025933,Mass,0.0,,0,5856299.01,0,Normal,No action needed,7
CUST040150,Mass,0.1778326705709881,Low,0,13440217.89,0,Normal,No action needed,7
CUST026969,Affluent,0.2119853170374289,Low,0,6299567.93,0,Normal,No action needed,7
CUST008315,Mass,0.1445770936050094,Low,0,5871717.34,0,Normal,No action needed,7
CUST029390,Mass,0.2340817122855179,Low,0,4216176.75,0,Normal,No action needed,7
CUST021272,Mass,0.0010294117647058,Low,0,5181136.99,0,Normal,No action needed,7
CUST015150,HNI,0.0003333333333333,Low,0,36416307.07,0,Normal,No action needed,7
CUST006867,Affluent,0.0014777777777777,Low,0,21837260.94,0,Normal,No action needed,7
CUST046760,Mass,0.0025193236714975,Low,0,6541292.1,0,Normal,No action needed,7
CUST039779,Mass,0.1125055771828011,Low,0,9692242.2,0,Normal,No action needed,7
CUST035228,Mass,0.0021335117454653,Low,0,7754322.38,0,Normal,No action needed,7
CUST021701,Mass,0.0162745786721018,Low,0,3578803.9,0,Normal,No action needed,7
CUST048034,Affluent,0.141678939708261,Low,0,7017745.94,0,Normal,No action needed,7
CUST030781,Affluent,0.0001612903225806,Low,0,19121820.61,0,Normal,No action needed,7
CUST034157,Affluent,0.1068261231370281,Low,0,16102553.61,0,Normal,No action needed,7
CUST010601,Affluent,0.0863555331678979,Low,1,11853105.69,0,Normal,No action needed,7
CUST005912,Affluent,0.0,,0,14519309.85,0,Normal,No action needed,7
CUST044035,Mass,0.0025,Low,0,5300789.34,0,Normal,No action needed,7
CUST045458,Affluent,0.0,,0,18120394.29,0,Normal,No action needed,7
CUST035284,Affluent,0.0046400492564175,Low,0,26529495.05,0,Normal,No action needed,7
CUST042219,HNI,0.0,,0,31158439.63,0,Normal,No action needed,7
CUST000003,Mass,0.0038616557734204,Low,0,4803799.54,0,Normal,No action needed,7
CUST027673,Mass,0.0009251680795089,Low,0,5451607.37,0,Normal,No action needed,7
CUST037999,Affluent,0.00025,Low,0,20113623.97,0,Normal,No action needed,7
CUST012218,Mass,4.1666666666666665e-05,Low,0,4160216.33,0,Normal,No action needed,7
CUST010786,Mass,0.1690805231219967,Low,0,7727599.99,0,Normal,No action needed,7
CUST026888,Affluent,0.1337344965719569,Low,0,9553432.31,0,Normal,No action needed,7
CUST011929,Mass,0.1531076451259651,Low,0,3014159.1100000003,0,Normal,No action needed,7
CUST025163,HNI,0.0036647727272727,Low,0,54264704.900000006,0,Normal,No action needed,7
CUST035235,Affluent,0.0008677685950413,Low,0,15827082.56,0,Normal,No action needed,7
CUST020106,Mass,0.1515538625963517,Low,0,4806001.45,0,Normal,No action needed,7
CUST040040,Affluent,0.0696116021599685,Low,1,19125134.49,0,Normal,No action needed,7
CUST049094,Mass,0.23006259466078,Low,1,7662927.28,0,Normal,No action needed,7
CUST018040,Mass,0.007752088684283,Low,0,14565002.81,0,Normal,No action needed,7
CUST016584,Mass,0.0001231435515743,Low,0,5946968.1,0,Normal,No action needed,7
CUST027796,HNI,4.807692307692308e-05,Low,0,33697450.27,0,Normal,No action needed,7
CUST019642,HNI,0.0018418593282723,Low,0,44892398.13,0,Normal,No action needed,7
CUST000185,Mass,0.0,,0,4736390.83,0,Normal,No action needed,7
CUST005554,Mass,0.0035880250223413,Low,0,5667328.98,0,Normal,No action needed,7
CUST028591,Mass,0.0022222222222222,Low,0,15543045.32,0,Normal,No action needed,7
CUST003467,Mass,0.0004567307692307,Low,0,7160581.23,0,Normal,No action needed,7
CUST024644,Mass,0.003829365079365,Low,0,6119261.15,0,Normal,No action needed,7
CUST000839,Affluent,0.0004411764705882,Low,0,25617376.02,0,Normal,No action needed,7
CUST030796,Affluent,0.0003867403314917,Low,0,21007318.41,0,Normal,No action needed,7
CUST043501,Affluent,0.0,,0,13981015.37,0,Normal,No action needed,7
CUST045426,Affluent,0.0,,0,14773974.79,0,Normal,No action needed,7
CUST009073,Mass,0.0,,0,8562320.82,0,Normal,No action needed,7
CUST021184,Affluent,0.285087123515183,Low,0,16635849.12,0,Normal,No action needed,7
CUST044581,Mass,0.1687046135920714,Low,0,4009840.46,0,Normal,No action needed,7
CUST002544,Mass,0.0004780163599182,Low,0,7212330.41,0,Normal,No action needed,7
CUST005068,Affluent,0.0,,0,23467836.19,0,Normal,No action needed,7
CUST035978,Affluent,0.0006645181092694,Low,0,17744396.64,0,Normal,No action needed,7
CUST015017,Affluent,0.00032877882152,Low,0,23572116.84,0,Normal,No action needed,7
CUST001264,Affluent,0.000359081851823,Low,0,13503324.1,0,Normal,No action needed,7
CUST014188,Affluent,0.0029938351822286,Low,0,11006275.79,0,Normal,No action needed,7
CUST023351,Affluent,0.0004163261303082,Low,0,25072186.66,0,Normal,No action needed,7
CUST033940,Affluent,0.1391358762660778,Low,0,23929879.83,0,Normal,No action needed,7
CUST019217,HNI,0.0003333333333333,Low,0,38459921.46,0,Normal,No action needed,7
CUST038756,Affluent,0.0016666666666666,Low,0,12303552.8,0,Normal,No action needed,7
CUST015287,Affluent,0.1931606762939796,Low,0,15911081.23,0,Normal,No action needed,7
CUST031989,Mass,0.0007894736842105,Low,0,4419657.75,0,Normal,No action needed,7
CUST014444,Mass,0.0014090909090909,Low,0,4571217.05,0,Normal,No action needed,7
CUST023596,HNI,0.1024723490058536,Low,0,32794256.91,0,Normal,No action needed,7
CUST023346,Affluent,0.0001388888888888,Low,0,24818449.0,0,Normal,No action needed,7
CUST004036,Mass,0.1459634522983508,Low,0,3666052.94,0,Normal,No action needed,7
CUST030939,Mass,0.0001072607260726,Low,0,11978017.66,0,Normal,No action needed,7
CUST018512,Mass,0.0028202235399065,Low,0,8400161.33,0,Normal,No action needed,7
CUST012756,Mass,0.1252782381020669,Low,0,5732887.46,0,Normal,No action needed,7
CUST034818,Affluent,0.0,,0,26909794.75,0,Normal,No action needed,7
CUST047684,Affluent,0.0021022208700943,Low,0,16477290.0,0,Normal,No action needed,7
CUST023300,HNI,0.1487634312081841,Low,0,26433075.36,0,Normal,No action needed,7
CUST026404,Mass,0.0006996069432453,Low,0,10129156.48,0,Normal,No action needed,7
CUST022482,Affluent,0.0,,0,12193372.74,0,Normal,No action needed,7
CUST004484,HNI,0.0004347826086956,Low,0,50457887.89,0,Normal,No action needed,7
CUST018093,HNI,0.0036583333333333,Low,0,48554422.63,1,Other anomaly,No action needed,7
CUST038322,Affluent,0.1153651484339832,Low,0,22727595.05,0,Normal,No action needed,7
CUST011325,Mass,0.0,,0,4393908.0200000005,0,Normal,No action needed,7
CUST007550,Affluent,0.0051331453634085,Low,0,19250066.21,0,Normal,No action needed,7
CUST023471,Mass,0.0003333333333333,Low,0,6282174.12,0,Normal,No action needed,7
CUST029147,Mass,0.0,,0,4169552.4,0,Normal,No action needed,7
CUST035906,Ultra HNI,0.1503377468319522,Low,0,60179397.98,1,High frequency trader,Flag for algo trading review — separate model needed,7
CUST006833,Affluent,0.0,,0,17153487.82,0,Normal,No action needed,7
CUST016830,Mass,0.0021538461538461,Low,0,2511576.5,0,Normal,No action needed,7
CUST026830,HNI,0.0022770972795898,Low,0,33175585.86,0,Normal,No action needed,7
CUST008381,Mass,0.000782208588957,Low,0,7638206.66,0,Normal,No action needed,7
CUST026374,Affluent,0.0,,0,14711956.98,0,Normal,No action needed,7
CUST031019,Mass,0.1434884878911295,Low,0,8281481.169999999,0,Normal,No action needed,7
CUST035148,Mass,0.0044791666666666,Low,0,3574250.49,0,Normal,No action needed,7
CUST024376,Mass,0.0004891304347826,Low,0,12218246.74,0,Normal,No action needed,7
CUST024478,Mass,0.0007083333333333,Low,0,4538302.12,0,Normal,No action needed,7
CUST048521,Mass,0.0052294117647058,Low,0,14173250.64,0,Normal,No action needed,7
CUST017679,Affluent,0.0,,0,21557987.91,0,Normal,No action needed,7
CUST037871,Mass,0.0011304347826086,Low,0,7075475.399999999,0,Normal,No action needed,7
CUST023867,Affluent,0.1297406406266156,Low,0,11414092.54,0,Normal,No action needed,7
CUST028197,HNI,0.0029748803827751,Low,0,57571042.31,1,High frequency trader,Flag for algo trading review — separate model needed,7
CUST042370,Mass,0.0007655714809337,Low,0,8063127.39,0,Normal,No action needed,7
CUST013433,Mass,0.0024671052631578,Low,0,3615348.75,0,Normal,No action needed,7
CUST028570,HNI,0.0011071428571428,Low,0,50364421.16,0,Normal,No action needed,7
CUST049329,HNI,0.0008333333333333,Low,0,29987242.62,0,Normal,No action needed,7
CUST036876,Affluent,0.1773648784284404,Low,1,12677949.14,0,Normal,No action needed,7
CUST043413,Ultra HNI,0.0083942449574807,Low,0,75792279.45,1,High frequency trader,Flag for algo trading review — separate model needed,7
CUST044662,Affluent,0.0,,0,16933388.2,0,Normal,No action needed,7
CUST007889,Affluent,0.0005606893106893,Low,0,18293014.84,0,Normal,No action needed,7
CUST016959,HNI,0.0012483857949959,Low,0,47994370.57,0,Normal,No action needed,7
CUST003798,Affluent,0.00032877882152,Low,0,21989901.84,0,Normal,No action needed,7
CUST013795,Mass,0.0003125,Low,0,4486693.9,0,Normal,No action needed,7
CUST009517,Mass,0.0,,0,5699853.25,0,Normal,No action needed,7
CUST015555,Mass,0.2098736420706909,Low,0,9136469.57,0,Normal,No action needed,7
CUST016615,HNI,0.0,,0,37700781.5,0,Normal,No action needed,7
CUST019996,Mass,0.0022052401746724,Low,0,9371661.81,0,Normal,No action needed,7
CUST035887,Mass,0.0104291014046271,Low,0,2704338.97,0,Normal,No action needed,7
CUST019460,HNI,0.0014745762711864,Low,0,43021453.02,0,Normal,No action needed,7
CUST042766,Affluent,0.0009642857142857,Low,0,12427116.2,0,Normal,No action needed,7
CUST040190,Mass,0.1645055480858677,Low,1,8953442.18,0,Normal,No action needed,7
CUST020502,Mass,0.0006666666666666,Low,0,4984264.12,0,Normal,No action needed,7
CUST046343,HNI,0.0059987458193979,Low,0,47325926.3,1,Other anomaly,No action needed,7
CUST041167,Mass,0.0022052401746724,Low,0,13722740.27,0,Normal,No action needed,7
CUST021625,Mass,0.0020454545454545,Low,0,13967889.58,0,Normal,No action needed,7
CUST012360,Mass,0.0008981442130613,Low,0,8076613.84,0,Normal,No action needed,7
CUST028246,Mass,0.0006776836357871,Low,0,6718742.37,0,Normal,No action needed,7
CUST028119,Mass,0.0014478445082256,Low,0,5342741.79,0,Normal,No action needed,7
CUST005057,HNI,0.0005882352941176,Low,0,27787007.15,0,Normal,No action needed,7
CUST029767,Mass,0.1735617197083856,Low,1,2183601.3000000003,0,Normal,No action needed,7
CUST007942,Affluent,0.0003540669856459,Low,0,13418462.54,0,Normal,No action needed,7
CUST029663,Mass,0.1530515936672614,Low,1,8913966.09,0,Normal,No action needed,7
CUST028021,Mass,0.0006818181818181,Low,0,3144056.1,0,Normal,No action needed,7
CUST034367,Affluent,0.00032877882152,Low,0,25405024.47,0,Normal,No action needed,7
CUST044446,Affluent,0.0003571428571428,Low,0,11903895.51,0,Normal,No action needed,7
CUST043777,Mass,0.0073272727272727,Low,0,5981766.75,0,Normal,No action needed,7
CUST020513,Mass,0.1079587208694596,Low,0,5115861.64,0,Normal,No action needed,7
CUST002997,Affluent,0.00025,Low,0,21846023.06,0,Normal,No action needed,7
CUST016520,HNI,0.0017681159420289,Low,0,36864040.82,0,Normal,No action needed,7
CUST011637,Mass,0.0011363636363636,Low,0,3568318.3,0,Normal,No action needed,7
CUST015073,Mass,0.003051690821256,Low,0,3498417.22,0,Normal,No action needed,7
CUST011894,Mass,0.0016282051282051,Low,0,13631900.94,0,Normal,No action needed,7
CUST007819,Mass,0.1371789427505883,Low,0,2503855.62,0,Normal,No action needed,7
CUST011547,Mass,0.1666444553880466,Low,0,6614745.89,0,Normal,No action needed,7
CUST011639,Mass,0.0008828362995029,Low,0,10624086.52,0,Normal,No action needed,7
CUST017667,HNI,0.0,,0,40778075.92,0,Normal,No action needed,7
CUST002785,Affluent,0.0001724137931034,Low,0,13054829.01,0,Normal,No action needed,7
CUST044419,Mass,0.0,,0,4434603.76,0,Normal,No action needed,7
CUST031383,Ultra HNI,0.0062914344685242,Low,0,87801660.43,1,High frequency trader,Flag for algo trading review — separate model needed,7
CUST023742,Affluent,0.0007142857142857,Low,0,12445613.38,0,Normal,No action needed,7
CUST043660,Affluent,0.2038033957111722,Low,0,13567895.99,0,Normal,No action needed,7
CUST032271,Affluent,0.0,,0,25143503.97,0,Normal,No action needed,7
CUST005207,Mass,0.002047619047619,Low,0,3786597.5,0,Normal,No action needed,7
CUST028527,Mass,0.0024404761904761,Low,0,5239489.76,0,Normal,No action needed,7
CUST041075,Affluent,0.0915780889490773,Low,1,23773419.65,0,Normal,No action needed,7
CUST026640,Ultra HNI,0.15461252064433,Low,1,57155806.71,1,High frequency trader,Flag for algo trading review — separate model needed,7
CUST034034,Affluent,0.0003571428571428,Low,0,14094094.53,0,Normal,No action needed,7
CUST000572,Mass,0.0014285714285714,Low,0,6780043.47,0,Normal,No action needed,7
CUST018216,HNI,0.0021323529411764,Low,0,30252413.98,1,High frequency trader,Flag for algo trading review — separate model needed,7
CUST015590,Mass,0.000782208588957,Low,0,7204916.390000001,0,Normal,No action needed,7
CUST027412,HNI,0.1442874667346937,Low,0,29465725.26,0,Normal,No action needed,7
CUST037139,Mass,0.0007220345998279,Low,0,7122524.51,0,Normal,No action needed,7
CUST041352,Mass,0.0008333333333333,Low,0,7856698.73,0,Normal,No action needed,7
CUST027391,Mass,0.0008068535825545,Low,0,4781954.72,0,Normal,No action needed,7
CUST003347,Mass,0.004,Low,0,4712765.44,0,Normal,No action needed,7
CUST046597,Affluent,0.1686819091683983,Low,0,14819972.41,0,Normal,No action needed,7
CUST017291,Affluent,0.0002083333333333,Low,0,11819648.14,0,Normal,No action needed,7
CUST031738,Mass,0.0014236504602117,Low,0,6758410.569999999,0,Normal,No action needed,7
CUST029083,Mass,0.000782208588957,Low,0,5953673.66,0,Normal,No action needed,7
CUST011930,Mass,0.0,,0,6289363.33,0,Normal,No action needed,7
CUST000649,Affluent,0.00032877882152,Low,0,17562535.06,0,Normal,No action needed,7
CUST039128,HNI,0.156350176764508,Low,0,46549155.83,0,Normal,No action needed,7
CUST046969,Mass,0.0037719298245614,Low,0,5247157.14,0,Normal,No action needed,7
CUST049072,Mass,0.127649471808837,Low,0,7637965.38,0,Normal,No action needed,7
CUST031371,Affluent,0.0007454454881867,Low,0,10467608.04,0,Normal,No action needed,7
CUST025191,Affluent,0.0039707622694048,Low,0,26497966.48,0,Normal,No action needed,7
CUST042773,Mass,0.0008097866614791,Low,0,6499294.72,0,Normal,No action needed,7
CUST036015,Mass,0.1258621677627394,Low,0,5464012.35,0,Normal,No action needed,7
CUST006346,Mass,0.0026233766233766,Low,0,5179882.44,0,Normal,No action needed,7
CUST033467,Affluent,0.0027777777777777,Low,0,15814450.18,0,Normal,No action needed,7
CUST034964,Affluent,0.1470702192793536,Low,0,17555852.01,0,Normal,No action needed,7
CUST034176,Affluent,0.1061915350739513,Low,0,12810895.95,0,Normal,No action needed,7
CUST029164,Mass,0.0,,0,4558983.64,0,Normal,No action needed,7
CUST015795,Affluent,0.0001724137931034,Low,0,16781638.39,0,Normal,No action needed,7
CUST010550,Affluent,0.0002601156069364,Low,0,20588678.85,0,Normal,No action needed,7
CUST014496,Mass,0.0008809276566285,Low,0,5787828.83,0,Normal,No action needed,7
CUST021941,Mass,0.0013013698630136,Low,0,5840125.74,0,Normal,No action needed,7
CUST034008,Affluent,0.0003571428571428,Low,0,28217383.21,0,Normal,No action needed,7
CUST013794,Mass,0.0004449152542372,Low,0,8340672.93,0,Normal,No action needed,7
CUST007006,Mass,0.0071545666021285,Low,0,3499436.0200000005,0,Normal,No action needed,7
CUST045840,Affluent,0.1397191472501215,Low,0,12742426.97,0,Normal,No action needed,7
CUST041412,Affluent,0.002,Low,0,21761178.77,0,Normal,No action needed,7
CUST003379,Affluent,0.0,,0,17490863.560000002,0,Normal,No action needed,7
CUST009550,Mass,0.00075,Low,0,6906281.29,0,Normal,No action needed,7
CUST001436,Mass,0.0,,0,10069925.36,0,Normal,No action needed,7
CUST044793,Affluent,0.0004545454545454,Low,0,21747451.91,0,Normal,No action needed,7
CUST015461,Mass,0.112519649371128,Low,0,4284905.79,0,Normal,No action needed,7
CUST028498,Mass,0.1232403981320575,Low,0,3932887.64,0,Normal,No action needed,7
CUST047611,Affluent,0.0,,0,19170347.65,0,Normal,No action needed,7
CUST005739,Mass,0.0013888888888888,Low,0,8035477.46,0,Normal,No action needed,7
CUST027374,Affluent,0.0035043103448275,Low,0,21695883.32,0,Normal,No action needed,7
CUST041990,Mass,0.0002380952380952,Low,0,3062161.16,0,Normal,No action needed,7
CUST035109,Mass,0.0004864253393665,Low,0,5809494.54,0,Normal,No action needed,7
CUST010824,Mass,0.0019653679653679,Low,0,3706625.57,0,Normal,No action needed,7
CUST004678,Mass,0.1127161656306434,Low,0,5640353.32,0,Normal,No action needed,7
CUST036114,HNI,4.807692307692308e-05,Low,0,38998307.0,0,Normal,No action needed,7
CUST001349,Mass,0.0147023084486319,Low,0,3419130.23,0,Normal,No action needed,7
CUST034692,Mass,0.0052279499980649,Low,0,9575609.48,0,Normal,No action needed,7
CUST038959,Affluent,0.1051807106567548,Low,0,15665375.09,0,Normal,No action needed,7
CUST016356,Mass,0.000625,Low,0,5147368.3,0,Normal,No action needed,7
CUST035911,Affluent,0.0011111111111111,Low,0,17283358.689999998,0,Normal,No action needed,7
CUST024887,Affluent,0.0,,0,27576827.08,0,Normal,No action needed,7
CUST031835,HNI,0.0014946428571428,Low,0,53623134.21,0,Normal,No action needed,7
CUST001082,Affluent,0.0,,0,16662640.33,0,Normal,No action needed,7
CUST049762,Mass,0.0106360403311828,Low,0,6736099.5,0,Normal,No action needed,7
CUST017473,Mass,0.0041402116402116,Low,0,4782157.8,0,Normal,No action needed,7
CUST042408,Mass,0.0031672932330827,Low,0,8909502.959999999,0,Normal,No action needed,7
CUST000299,Mass,0.1304562127952845,Low,0,5488120.5200000005,0,Normal,No action needed,7
CUST018304,Mass,0.0,,0,10102433.67,0,Normal,No action needed,7
CUST029031,Mass,0.0016935483870967,Low,0,6336453.33,0,Normal,No action needed,7
CUST011687,Affluent,0.1080530374481009,Low,1,11812992.22,0,Normal,No action needed,7
CUST040185,Mass,0.0007792207792207,Low,0,6506294.18,0,Normal,No action needed,7
CUST024437,Mass,0.0002380952380952,Low,0,5134551.63,0,Normal,No action needed,7
CUST042490,Mass,0.001407208588957,Low,0,11858144.15,0,Normal,No action needed,7
CUST043167,Affluent,0.1501839561327755,Low,0,15453663.39,0,Normal,No action needed,7
CUST024026,Mass,0.0024600580973129,Low,0,10953056.57,0,Normal,No action needed,7
CUST046242,HNI,0.001,Low,0,48601128.97,0,Normal,No action needed,7
CUST000478,Affluent,0.1274315132387001,Low,0,23232193.61,0,Normal,No action needed,7
CUST036513,HNI,0.1343022227957451,Low,0,39263671.24,0,Normal,No action needed,7
CUST003465,Mass,0.1831121323346702,Low,0,3154132.07,0,Normal,No action needed,7
CUST020176,Affluent,0.0024047619047619,Low,0,12404877.55,0,Normal,No action needed,7
CUST031833,HNI,0.0013636363636363,Low,0,30402771.0,0,Normal,No action needed,7
CUST016902,Mass,0.0017675919609592,Low,0,6540467.970000001,0,Normal,No action needed,7
CUST013236,Mass,0.0010869565217391,Low,0,7553958.23,0,Normal,No action needed,7
CUST038868,HNI,0.001,Low,0,48380127.86,0,Normal,No action needed,7
CUST008156,Affluent,0.0,,0,19427144.6,0,Normal,No action needed,7
CUST026745,Affluent,0.00025,Low,0,23145101.43,0,Normal,No action needed,7
CUST013453,Mass,0.0004720483658414,Low,0,7059866.51,0,Normal,No action needed,7
CUST001350,Affluent,0.0041268557445969,Low,0,9674579.48,0,Normal,No action needed,7
CUST007048,Mass,0.1123834466001906,Low,0,5644754.86,0,Normal,No action needed,7
CUST023077,HNI,0.001576923076923,Low,0,44844420.28,0,Normal,No action needed,7
CUST017046,Mass,0.0030673152980632,Low,0,10405570.73,0,Normal,No action needed,7
CUST041379,Mass,0.0032638888888888,Low,0,2741316.65,0,Normal,No action needed,7
CUST003846,Mass,0.0015,Low,0,4383834.91,0,Normal,No action needed,7
CUST003714,Mass,0.0023217391304347,Low,0,8180208.25,0,Normal,No action needed,7
CUST013215,Affluent,0.0,,0,13849990.35,0,Normal,No action needed,7
CUST025439,HNI,0.0,,0,40759945.43,0,Normal,No action needed,7
CUST000418,Affluent,0.0,,0,18593443.52,0,Normal,No action needed,7
CUST047160,Mass,0.0013888888888888,Low,0,6533769.04,0,Normal,No action needed,7
CUST025542,Affluent,0.0,,0,23572414.12,0,Normal,No action needed,7
CUST009779,Affluent,0.0,,0,14194289.67,0,Normal,No action needed,7
CUST008665,HNI,0.0043048128342245,Low,0,32687355.78,0,Normal,No action needed,7
CUST029842,Mass,0.0107896225181607,Low,0,19613757.26,0,Normal,No action needed,7
CUST024332,Mass,0.0005544450790024,Low,0,4765796.18,0,Normal,No action needed,7
CUST003749,Affluent,0.0044196879124291,Low,0,18441891.6,0,Normal,No action needed,7
CUST005619,Ultra HNI,0.0,,0,57604855.41,1,High frequency trader,Flag for algo trading review — separate model needed,7
CUST012763,Affluent,0.0006675587273267,Low,0,20293548.15,0,Normal,No action needed,7
CUST016273,Affluent,0.00032877882152,Low,0,20131710.68,0,Normal,No action needed,7
CUST022533,Mass,0.0005263157894736,Low,0,5618898.3,0,Normal,No action needed,7
CUST048345,Mass,0.0004567307692307,Low,0,7282841.92,0,Normal,No action needed,7
CUST043409,Mass,0.2722352534161855,Low,0,3173677.39,0,Normal,No action needed,7
CUST009758,Mass,0.2126542172366745,Low,0,5841351.399999999,0,Normal,No action needed,7
CUST008942,Affluent,0.0044960620910357,Low,0,10931909.92,0,Normal,No action needed,7
CUST016272,Ultra HNI,0.0054791666666666,Low,0,78566939.37,1,High frequency trader,Flag for algo trading review — separate model needed,7
CUST028851,Mass,0.0008285203870759,Low,0,8000712.28,0,Normal,No action needed,7
CUST010040,Affluent,0.0002601156069364,Low,0,22770909.77,0,Normal,No action needed,7
CUST036968,Affluent,0.1982343118962438,Low,0,12960881.86,0,Normal,No action needed,7
CUST018267,Ultra HNI,0.0067703373015873,Low,0,66634753.22,1,High frequency trader,Flag for algo trading review — separate model needed,7
CUST040378,Mass,0.1356797916842883,Low,0,7432181.470000001,0,Normal,No action needed,7
CUST012391,Affluent,0.0002631578947368,Low,0,16500727.03,0,Normal,No action needed,7
CUST034333,Mass,0.1677137800726934,Low,0,6728779.1,0,Normal,No action needed,7
CUST029876,HNI,0.0001282051282051,Low,0,41253738.44,0,Normal,No action needed,7
CUST033743,Mass,0.0010470085470085,Low,0,7454362.78,0,Normal,No action needed,7
CUST008609,Mass,0.0003333333333333,Low,0,8862665.040000001,0,Normal,No action needed,7
CUST036440,Affluent,0.0,,0,18239266.31,0,Normal,No action needed,7
CUST028784,Mass,0.0001289134438305,Low,0,9499368.53,0,Normal,No action needed,7
CUST044846,Mass,0.0200294966471437,Low,0,8003781.680000001,0,Normal,No action needed,7
CUST036926,Affluent,0.0007155191530117,Low,0,13431197.78,0,Normal,No action needed,7
CUST031497,Affluent,0.00032877882152,Low,0,11542932.34,0,Normal,No action needed,7
CUST041291,Affluent,0.0,,0,19876893.6,0,Normal,No action needed,7
CUST040068,Mass,0.0098252937538651,Low,0,3186393.5300000003,0,Normal,No action needed,7
CUST033912,HNI,0.0001955461126849,Low,0,31761809.21,0,Normal,No action needed,7
CUST016388,Mass,0.0033310185185185,Low,0,2987319.59,0,Normal,No action needed,7
CUST029023,Mass,0.1642613163687746,Low,0,7240400.74,0,Normal,No action needed,7
CUST004712,HNI,0.0007671957671957,Low,0,34778725.94,1,Other anomaly,No action needed,7
CUST027172,Affluent,0.178058089234815,Low,0,17348163.44,0,Normal,No action needed,7
CUST029905,Mass,0.1528855518556869,Low,0,5604977.180000001,0,Normal,No action needed,7
CUST042790,Mass,0.1121688012824706,Low,0,4025742.59,0,Normal,No action needed,7
CUST042512,Mass,0.0024618644067796,Low,0,13157148.73,0,Normal,No action needed,7
CUST047139,Mass,0.140086051691442,Low,0,2800806.9,0,Normal,No action needed,7
CUST027040,Mass,0.1226606175712376,Low,1,5389045.91,0,Normal,No action needed,7
CUST036788,HNI,0.0004960317460317,Low,0,31285956.48,0,Normal,No action needed,7
CUST007468,Mass,0.1008817473743985,Low,0,3484364.79,0,Normal,No action needed,7
CUST039398,Mass,0.0,,0,6516001.28,0,Normal,No action needed,7
CUST005052,Affluent,0.0,,0,24154098.19,0,Normal,No action needed,7
CUST010712,Affluent,0.0027989417989417,Low,0,19134504.81,0,Normal,No action needed,7
CUST040482,Mass,0.2275332652538209,Low,0,2744672.7,0,Normal,No action needed,7
CUST016304,Mass,0.1526317800805566,Low,0,4675131.62,0,Normal,No action needed,7
CUST018014,Ultra HNI,0.0068815175192884,Low,0,90835310.83,1,High frequency trader,Flag for algo trading review — separate model needed,7
CUST033195,Mass,0.0075990456911509,Low,0,2355361.62,0,Normal,No action needed,7
CUST006624,Affluent,0.095118002661435,Low,0,11290234.52,0,Normal,No action needed,7
CUST017838,Mass,0.1318644152936003,Low,0,2411072.74,0,Normal,No action needed,7
CUST010888,Mass,0.0,,0,4873323.75,0,Normal,No action needed,7
CUST024337,Mass,0.0,,0,5901377.01,0,Normal,No action needed,7
CUST001430,Mass,4.1666666666666665e-05,Low,0,4664566.100000001,0,Normal,No action needed,7
CUST017057,Mass,0.0,,0,5379319.99,0,Normal,No action needed,7
CUST008659,Affluent,6.493506493506494e-05,Low,0,20827138.17,0,Normal,No action needed,7
CUST010121,HNI,0.2445681972429695,Low,0,33383864.87,0,Normal,No action needed,7
CUST031141,Mass,0.003959582084582,Low,0,6298720.0600000005,0,Normal,No action needed,7
CUST048682,Affluent,0.00032877882152,Low,0,20981803.31,0,Normal,No action needed,7
CUST001964,Mass,0.0,,0,9227694.73,0,Normal,No action needed,7
CUST041635,Ultra HNI,0.1572447966062835,Low,0,55417145.44,1,High frequency trader,Flag for algo trading review — separate model needed,7
CUST030019,Mass,0.0013905503895451,Low,0,16018661.88,0,Normal,No action needed,7
CUST006306,Mass,0.1642365949003117,Low,0,7899028.2,0,Normal,No action needed,7
CUST015349,HNI,0.1742909931120007,Low,0,30229482.12,0,Normal,No action needed,7
CUST034302,Mass,2.824858757062147e-05,Low,0,7057199.03,0,Normal,No action needed,7
CUST043898,Affluent,0.0013888888888888,Low,0,13267136.08,0,Normal,No action needed,7
CUST040603,Mass,0.0,,0,4260314.98,0,Normal,No action needed,7
CUST049595,Mass,0.1508208076760827,Low,0,7983970.81,0,Normal,No action needed,7
CUST006205,Mass,0.0010688405797101,Low,0,7991067.06,0,Normal,No action needed,7
CUST036600,Mass,0.1452282603518832,Low,0,8368071.56,0,Normal,No action needed,7
CUST048787,Affluent,0.1210131333469353,Low,0,19445310.2,0,Normal,No action needed,7
CUST007823,Mass,0.1496616216219072,Low,0,4710688.13,0,Normal,No action needed,7
CUST008477,Ultra HNI,0.0,,0,65897154.61,1,High frequency trader,Flag for algo trading review — separate model needed,7
CUST034104,HNI,0.1521255817177996,Low,0,46358008.67,0,Normal,No action needed,7
CUST005742,Mass,0.0106247292439242,Low,0,2167808.51,0,Normal,No action needed,7
CUST046845,Mass,0.1076508970367919,Low,1,6499455.0,0,Normal,No action needed,7
CUST004016,Mass,0.0,,0,6015216.99,0,Normal,No action needed,7
CUST017735,HNI,0.0016995894909688,Low,0,43921305.79,0,Normal,No action needed,7
CUST047142,Mass,0.0023330683624801,Low,0,11084797.53,0,Normal,No action needed,7
CUST013395,HNI,0.0030397727272727,Low,0,64199118.33,1,Other anomaly,No action needed,7
CUST043813,HNI,0.162992447041731,Low,1,30953665.380000003,0,Normal,No action needed,7
CUST016384,Affluent,0.161923654482276,Low,0,15464608.430000002,0,Normal,No action needed,7
CUST043994,Affluent,0.0,,0,13672627.66,0,Normal,No action needed,7
CUST046372,Affluent,0.0,,0,13620651.99,0,Normal,No action needed,7
CUST041919,Affluent,0.0009302325581395,Low,0,19221053.53,0,Normal,No action needed,7
CUST031536,Affluent,0.0,,0,20677408.39,0,Normal,No action needed,7
CUST035949,Mass,0.0009802647951819,Low,0,7166989.649999999,0,Normal,No action needed,7
CUST009836,Affluent,0.0,,0,15349993.09,0,Normal,No action needed,7
CUST012137,Mass,0.0041758241758241,Low,0,4236582.04,0,Normal,No action needed,7
CUST035788,Affluent,0.0,,0,11965690.02,0,Normal,No action needed,7
CUST013330,HNI,0.0006687693786494,Low,0,33397860.91,0,Normal,No action needed,7
CUST014042,HNI,0.002,Low,0,23700731.46,0,Normal,No action needed,7
CUST018833,Affluent,0.1315918603594727,Low,0,10145047.35,0,Normal,No action needed,7
CUST008959,Mass,0.0144756335282651,Low,0,3484160.86,0,Normal,No action needed,7
CUST000442,Affluent,0.0002083333333333,Low,0,21313831.6,0,Normal,No action needed,7
CUST025588,Mass,0.0057603663446054,Low,0,3366586.58,0,Normal,No action needed,7
CUST035212,Mass,0.0003206562266964,Low,0,4858393.0,0,Normal,No action needed,7
CUST007953,HNI,0.0019499999999999,Low,0,43642836.65,0,Normal,No action needed,7
CUST011078,Affluent,0.0,,0,12894841.3,0,Normal,No action needed,7
CUST035937,Mass,0.1027147426599228,Low,0,4579663.32,0,Normal,No action needed,7
CUST035299,Mass,0.0015466531440162,Low,0,12796075.37,0,Normal,No action needed,7
CUST028889,Mass,0.0004012345679012,Low,0,11042233.31,0,Normal,No action needed,7
CUST016894,Affluent,0.0093208472994416,Low,0,12125113.12,0,Normal,No action needed,7
CUST019115,Mass,0.0,,0,4139889.72,0,Normal,No action needed,7
CUST008025,Mass,0.0067764964920137,Low,0,11102312.18,0,Normal,No action needed,7
CUST019883,Affluent,0.0,,0,25866186.14,0,Normal,No action needed,7
CUST013843,Affluent,0.1338188033272581,Low,0,14810477.5,0,Normal,No action needed,7
CUST030400,Mass,0.0067781728075845,Low,0,6617701.73,0,Normal,No action needed,7
CUST023376,Mass,0.0005253623188405,Low,0,13120497.2,0,Normal,No action needed,7
CUST031850,Affluent,0.0,,0,22947169.13,0,Normal,No action needed,7
CUST046901,Mass,0.0009375,Low,0,7837943.4,0,Normal,No action needed,7
CUST021101,Affluent,0.0028260869565217,Low,0,19570113.23,0,Normal,No action needed,7
CUST020906,Affluent,0.0015257352941176,Low,0,24842842.8,0,Normal,No action needed,7
CUST048235,HNI,0.1523223328495094,Low,0,34857783.05,0,Normal,No action needed,7
CUST008157,Mass,0.0061132047832815,Low,0,5841440.01,0,Normal,No action needed,7
CUST001480,Mass,0.0,,0,7423504.62,0,Normal,No action needed,7
CUST020430,Affluent,0.0,,0,19797006.03,0,Normal,No action needed,7
CUST020285,Mass,0.0009607843137254,Low,0,11107554.33,0,Normal,No action needed,7
CUST020015,Affluent,0.0003333333333333,Low,0,11268614.34,0,Normal,No action needed,7
CUST002436,Mass,0.0042499393645403,Low,0,6614709.09,0,Normal,No action needed,7
CUST048714,Affluent,0.1709859075842852,Low,0,15931311.49,0,Normal,No action needed,7
CUST009915,Mass,0.1553770388221469,Low,0,3055813.83,0,Normal,No action needed,7
CUST036682,Mass,0.0054241587072707,Low,0,9644597.2,0,Normal,No action needed,7
CUST022965,Mass,0.0,,0,13002564.14,0,Normal,No action needed,7
CUST045844,HNI,0.0019656760243804,Low,0,35183606.91,0,Normal,No action needed,7
CUST014684,Mass,0.0016468253968253,Low,0,9754854.97,0,Normal,No action needed,7
CUST026429,Mass,0.0002941176470588,Low,0,6581562.640000001,0,Normal,No action needed,7
CUST022549,Mass,0.0001666666666666,Low,0,3899483.22,0,Normal,No action needed,7
CUST013965,Mass,0.0,,0,8283792.390000001,0,Normal,No action needed,7
CUST003388,HNI,0.0,,0,37030838.56,0,Normal,No action needed,7
CUST014376,Mass,0.0,,0,4826892.0200000005,0,Normal,No action needed,7
CUST033660,HNI,0.0009090909090909,Low,0,37901222.4,0,Normal,No action needed,7
CUST016897,Mass,0.0011304347826086,Low,0,6716446.98,0,Normal,No action needed,7
CUST034402,Affluent,3.0303030303030302e-05,Low,0,13633799.51,0,Normal,No action needed,7
CUST048023,HNI,0.0004383460982261,Low,0,42379554.11,0,Normal,No action needed,7
CUST012074,Mass,0.001294033069734,Low,0,4376554.61,0,Normal,No action needed,7
CUST035274,Affluent,0.0,,0,19854171.89,0,Normal,No action needed,7
CUST049242,Affluent,0.00032877882152,Low,0,17781943.900000002,0,Normal,No action needed,7
CUST027371,Mass,0.0003206562266964,Low,0,9049381.38,0,Normal,No action needed,7
CUST027846,Affluent,0.0,,0,18327361.3,0,Normal,No action needed,7
CUST019469,Affluent,0.0027846153846153,Low,0,24634481.09,0,Normal,No action needed,7
CUST048851,Affluent,0.0,,0,8744876.33,0,Normal,No action needed,7
CUST018335,Mass,0.0012156862745098,Low,0,9991284.38,0,Normal,No action needed,7
CUST018306,Affluent,0.0003333333333333,Low,0,17859214.71,0,Normal,No action needed,7
CUST031176,Mass,0.0064105392156862,Low,0,11737653.32,0,Normal,No action needed,7
CUST031457,Mass,0.0009456562266964,Low,0,9088404.64,0,Normal,No action needed,7
CUST048881,HNI,0.0,,0,46510560.2,0,Normal,No action needed,7
CUST031959,Mass,0.0038392857142857,Low,0,6069942.01,0,Normal,No action needed,7
CUST026532,Mass,0.0,,0,5037652.48,0,Normal,No action needed,7
CUST040661,Mass,0.021381189152867,Low,0,6817544.68,0,Normal,No action needed,7
CUST017456,Mass,0.0016666666666666,Low,0,6385922.24,0,Normal,No action needed,7
CUST005180,Mass,0.0,,0,10637165.77,0,Normal,No action needed,7
CUST003103,HNI,0.1545700630864782,Low,0,39172024.2,0,Normal,No action needed,7
CUST032183,Mass,0.0010349419409822,Low,0,5472469.39,0,Normal,No action needed,7
CUST001484,HNI,6.493506493506494e-05,Low,0,44034793.04,0,Normal,No action needed,7
CUST005424,Mass,0.0016862080944936,Low,0,10518170.19,0,Normal,No action needed,7
CUST006455,HNI,0.0030572755417956,Low,0,55956414.9,1,High frequency trader,Flag for algo trading review — separate model needed,7
CUST011132,Affluent,0.0006666666666666,Low,0,15259570.11,0,Normal,No action needed,7
CUST009736,Mass,0.1607947873916987,Low,0,3486868.05,0,Normal,No action needed,7
CUST015117,Affluent,0.1907506786041584,Low,0,15787541.76,0,Normal,No action needed,7
CUST015988,Mass,0.0033991228070175,Low,0,3969939.02,0,Normal,No action needed,7
CUST026317,Mass,0.004031746031746,Low,0,8947625.44,0,Normal,No action needed,7
CUST021211,Mass,0.2434348745287119,Low,0,3626732.16,0,Normal,No action needed,7
CUST006935,Affluent,0.0,,0,19734447.39,0,Normal,No action needed,7
CUST006522,Affluent,0.0,,0,18875269.53,0,Normal,No action needed,7
CUST013211,Mass,0.1662710118220277,Low,0,2507279.41,0,Normal,No action needed,7
CUST038584,Affluent,0.1994066553088969,Low,0,16221962.64,0,Normal,No action needed,7
CUST039319,Mass,0.0,,0,7958505.090000001,0,Normal,No action needed,7
CUST023594,Mass,0.1652853810294661,Low,0,9468669.14,0,Normal,No action needed,7
CUST039591,Mass,0.0,,0,5951933.11,0,Normal,No action needed,7
CUST029726,Affluent,0.0004545454545454,Low,0,16666969.17,0,Normal,No action needed,7
CUST001440,Affluent,0.00032877882152,Low,0,15661365.04,0,Normal,No action needed,7
CUST019457,Affluent,0.0006724137931034,Low,0,20736082.28,0,Normal,No action needed,7
CUST042516,Mass,0.00296918767507,Low,0,3078587.37,0,Normal,No action needed,7
CUST010694,Affluent,0.0001412429378531,Low,0,18490479.64,0,Normal,No action needed,7
CUST021474,Affluent,0.0,,0,20123220.29,0,Normal,No action needed,7
CUST016418,Mass,0.1562857320050773,Low,0,4106155.16,0,Normal,No action needed,7
CUST014725,Affluent,0.0,,0,18370684.33,0,Normal,No action needed,7
CUST040295,Ultra HNI,0.1418384367489179,Low,0,56566181.81,1,High frequency trader,Flag for algo trading review — separate model needed,7
CUST018851,Affluent,0.0006818181818181,Low,0,18746676.32,0,Normal,No action needed,7
CUST029087,Mass,0.0007142857142857,Low,0,5493094.2,0,Normal,No action needed,7
CUST019136,Mass,0.0,,0,5245209.32,0,Normal,No action needed,7
CUST021612,HNI,0.1158607875369426,Low,0,38186527.31,0,Normal,No action needed,7
CUST010387,Affluent,0.0020238095238095,Low,0,26563096.57,0,Normal,No action needed,7
CUST032018,Mass,0.0020400641025641,Low,0,8618272.36,0,Normal,No action needed,7
CUST031436,Mass,0.1423990529331521,Low,0,7443115.07,0,Normal,No action needed,7
CUST027418,Affluent,0.0,,0,27929156.96,0,Normal,No action needed,7
CUST044502,Mass,0.0007828282828282,Low,0,4521497.28,0,Normal,No action needed,7
CUST025454,Affluent,0.2236057455834817,Low,0,20093979.96,0,Normal,No action needed,7
CUST014310,Mass,0.169524286748972,Low,0,3519930.1,0,Normal,No action needed,7
CUST008807,Mass,0.0022981442130613,Low,0,8568833.610000001,0,Normal,No action needed,7
CUST013283,Mass,0.0037362371445856,Low,0,3096301.37,0,Normal,No action needed,7
CUST032700,HNI,0.0003571428571428,Low,0,41843564.85,1,High frequency trader,Flag for algo trading review — separate model needed,7
CUST011561,Affluent,0.0009302325581395,Low,0,16597003.56,0,Normal,No action needed,7
CUST007949,Mass,0.0008097866614791,Low,0,5650271.25,0,Normal,No action needed,7
CUST031282,Mass,0.0030964912280701,Low,0,3673761.38,0,Normal,No action needed,7
CUST030261,Mass,0.0016666666666666,Low,0,6416299.78,0,Normal,No action needed,7
CUST002439,Affluent,0.0016176470588235,Low,0,18805602.56,0,Normal,No action needed,7
CUST034492,Affluent,0.0007155191530117,Low,0,20291510.62,0,Normal,No action needed,7
CUST047339,HNI,0.0013223148265264,Low,0,48267345.72,0,Normal,No action needed,7
CUST032054,Mass,0.146239648829299,Low,0,4566020.5,0,Normal,No action needed,7
CUST043011,Affluent,0.0007709429380817,Low,0,24007326.56,0,Normal,No action needed,7
CUST048758,Affluent,0.1125661263320895,Low,0,10979173.34,0,Normal,No action needed,7
CUST019278,Affluent,0.000479302832244,Low,0,14462155.08,0,Normal,No action needed,7
CUST002931,Affluent,0.0,,0,26842289.09,0,Normal,No action needed,7
CUST046335,Affluent,0.0,,0,19968617.21,0,Normal,No action needed,7
CUST001731,Affluent,0.0006399048884537,Low,0,22457531.4,0,Normal,No action needed,7
CUST029827,HNI,0.0002272727272727,Low,0,44292133.14,0,Normal,No action needed,7
CUST026022,Affluent,0.0,,0,22172833.4,0,Normal,No action needed,7
CUST048797,Affluent,0.133643052056758,Low,1,12063718.3,0,Normal,No action needed,7
CUST036709,HNI,0.0018393848821261,Low,0,39908073.13,0,Normal,No action needed,7
CUST023323,Mass,0.0003206562266964,Low,0,5532105.96,0,Normal,No action needed,7
CUST029340,HNI,0.1744809961602065,Low,0,39762720.72,0,Normal,No action needed,7
CUST017709,Mass,0.0021395881006864,Low,0,8499067.66,0,Normal,No action needed,7
CUST027618,Mass,0.0023596256684491,Low,0,10836772.88,0,Normal,No action needed,7
CUST006822,Mass,0.000782208588957,Low,0,8380346.8,0,Normal,No action needed,7
CUST044331,Affluent,0.2641357987191444,Low,1,10716748.0,0,Normal,No action needed,7
CUST030098,Mass,0.0,,0,3333404.03,0,Normal,No action needed,7
CUST026995,Affluent,0.0,,0,12767395.9,0,Normal,No action needed,7
CUST001083,Mass,0.0036177536231884,Low,0,3733949.05,0,Normal,No action needed,7
CUST012517,Mass,0.0033257918552036,Low,0,8076268.899999999,0,Normal,No action needed,7
CUST027866,Mass,0.0003206562266964,Low,0,8161619.38,0,Normal,No action needed,7
CUST027611,Mass,0.0024404761904761,Low,0,6253934.8,0,Normal,No action needed,7
CUST015666,Affluent,0.0016666666666666,Low,0,14687113.72,0,Normal,No action needed,7
CUST005320,Affluent,0.1981510547017417,Low,0,9338188.17,0,Normal,No action needed,7
CUST011806,Mass,0.0012040133779264,Low,0,3802094.71,0,Normal,No action needed,7
CUST022145,HNI,0.0026785714285714,Low,0,32093719.04,0,Normal,No action needed,7
CUST033968,Mass,0.0033226537948743,Low,0,5274019.75,0,Normal,No action needed,7
CUST007747,Affluent,0.0001666666666666,Low,0,13410252.76,0,Normal,No action needed,7
CUST030282,HNI,0.0027087524654832,Low,0,43702937.87,1,Other anomaly,No action needed,7
CUST028510,Mass,0.2116563307601673,Low,0,11015540.06,0,Normal,No action needed,7
CUST048909,Affluent,0.2575804653315302,Low,0,15511298.930000002,0,Normal,No action needed,7
CUST033526,HNI,0.0,,0,46364490.23,0,Normal,No action needed,7
CUST012014,Affluent,0.0,,0,12128459.36,0,Normal,No action needed,7
CUST035433,Affluent,0.0012,Low,0,12824571.6,0,Normal,No action needed,7
CUST037948,Affluent,0.0008676677104089,Low,0,7988184.229999999,0,Normal,No action needed,7
CUST028556,Affluent,0.1509766099485224,Low,0,17134410.47,0,Normal,No action needed,7
CUST007533,Affluent,0.0018807118807118,Low,0,13047482.11,0,Normal,No action needed,7
CUST017978,HNI,0.0014398899326311,Low,0,30477178.37,0,Normal,No action needed,7
CUST046301,Affluent,0.0015846153846153,Low,0,15835609.97,0,Normal,No action needed,7
CUST004717,Affluent,5.6657223796034e-05,Low,0,19104927.57,0,Normal,No action needed,7
CUST027249,Mass,0.0008051948051948,Low,0,6175710.08,0,Normal,No action needed,7
CUST011766,Mass,0.0006776836357871,Low,0,7929078.21,0,Normal,No action needed,7
CUST039675,Affluent,0.0801586941522946,Low,0,16834728.78,0,Normal,No action needed,7
CUST002357,Mass,0.0009487179487179,Low,0,7445895.74,0,Normal,No action needed,7
CUST002109,Affluent,0.0005139640067052,Low,0,13491554.12,0,Normal,No action needed,7
CUST029229,Mass,0.0001132686084142,Low,0,5543932.91,0,Normal,No action needed,7
CUST019458,Mass,0.0,,0,4609928.86,0,Normal,No action needed,7
CUST045255,Affluent,0.0003846153846153,Low,0,10249832.83,0,Normal,No action needed,7
CUST003772,Affluent,0.0004444444444444,Low,0,17271603.48,0,Normal,No action needed,7
CUST019201,HNI,0.0021581196581196,Low,0,52259860.14,1,Other anomaly,No action needed,7
CUST005909,Affluent,0.0032026993389938,Low,0,15858235.29,0,Normal,No action needed,7
CUST025364,Mass,0.0,,0,4565889.41,0,Normal,No action needed,7
CUST013440,Mass,0.0,,0,8328735.82,0,Normal,No action needed,7
CUST002827,HNI,0.002973292765382,Low,0,44459519.77,0,Normal,No action needed,7
CUST017037,Mass,0.2362023724827689,Low,0,4438141.12,0,Normal,No action needed,7
CUST034398,Affluent,0.1984925340729163,Low,0,17112311.15,0,Normal,No action needed,7
CUST040814,HNI,0.0001412429378531,Low,0,33328854.6,0,Normal,No action needed,7
CUST014000,Mass,0.001625,Low,0,4037923.07,0,Normal,No action needed,7
CUST041679,Mass,0.117932965137474,Low,0,9134611.74,0,Normal,No action needed,7
CUST027388,Affluent,0.0002272727272727,Low,0,15060358.63,0,Normal,No action needed,7
CUST033050,Affluent,0.0004,Low,0,13868996.68,0,Normal,No action needed,7
CUST019274,Affluent,0.0009657481328869,Low,0,16416983.06,0,Normal,No action needed,7
CUST002335,Mass,0.018109316932694,Low,0,11217822.19,0,Normal,No action needed,7
CUST012273,Mass,0.2234098051853952,Low,0,8865229.58,0,Normal,No action needed,7
CUST029098,HNI,0.0022183908045977,Low,0,46229978.48,0,Normal,No action needed,7
CUST006541,HNI,0.0,,0,35640238.2,0,Normal,No action needed,7
CUST024995,Affluent,0.0,,0,17206614.59,0,Normal,No action needed,7
CUST004596,Mass,0.0,,0,4080630.69,0,Normal,No action needed,7
CUST035715,Mass,0.0015662924032489,Low,0,1980718.34,0,Normal,No action needed,7
CUST027886,Mass,0.0022514153746965,Low,0,4625733.38,0,Normal,No action needed,7
CUST017510,HNI,0.0003816888744301,Low,0,45231287.51,0,Normal,No action needed,7
CUST015003,Affluent,0.1417690529596527,Low,0,16154001.63,0,Normal,No action needed,7
CUST021727,Affluent,0.0021875,Low,0,12181619.81,0,Normal,No action needed,7
CUST005827,Affluent,0.0099404761904761,Low,0,10844374.69,0,Normal,No action needed,7
CUST033022,Mass,0.0041176470588235,Low,0,4690022.4,0,Normal,No action needed,7
CUST039989,Mass,0.0037174001179419,Low,0,4766639.67,0,Normal,No action needed,7
CUST047008,Affluent,0.1582702513586932,Low,0,15449221.39,0,Normal,No action needed,7
CUST011177,Affluent,0.1160512627731721,Low,1,12784763.65,0,Normal,No action needed,7
CUST019715,Affluent,0.0002631578947368,Low,0,25110660.8,0,Normal,No action needed,7
CUST018526,Affluent,0.0,,0,14676995.44,0,Normal,No action needed,7
CUST033385,Mass,0.0001401869158878,Low,0,8369701.209999999,0,Normal,No action needed,7
CUST031040,Mass,0.1222949127310387,Low,0,5964493.11,0,Normal,No action needed,7
CUST027046,Affluent,0.0003333333333333,Low,0,13966899.27,0,Normal,No action needed,7
CUST008960,Affluent,0.0011904761904761,Low,0,14357395.07,0,Normal,No action needed,7
CUST037656,Mass,0.0004456327985739,Low,0,6645005.19,0,Normal,No action needed,7
CUST037192,Mass,0.1437631669990621,Low,0,8138125.56,0,Normal,No action needed,7
CUST013442,HNI,8.249585172662096e-05,Low,0,35094741.46,0,Normal,No action needed,7
CUST036510,Ultra HNI,0.0025,Low,0,85257196.3,1,High frequency trader,Flag for algo trading review — separate model needed,7
CUST046011,HNI,0.0016594827586206,Low,0,37795300.57,0,Normal,No action needed,7
CUST023722,Affluent,0.0004545454545454,Low,0,18236623.71,0,Normal,No action needed,7
CUST023150,Affluent,0.1143781779378809,Low,0,13087679.59,0,Normal,No action needed,7
CUST018821,Mass,0.0034847652982664,Low,0,4751095.64,0,Normal,No action needed,7
CUST029597,HNI,0.0015384615384615,Low,0,36296660.53,0,Normal,No action needed,7
CUST023248,Mass,0.0001072607260726,Low,0,9870055.1,0,Normal,No action needed,7
CUST021771,Mass,0.0011538461538461,Low,0,5845255.7,0,Normal,No action needed,7
CUST035812,HNI,0.001060606060606,Low,0,31385864.48,0,Normal,No action needed,7
CUST011296,Mass,0.2812281643225278,Low,0,3473581.3,0,Normal,No action needed,7
CUST028514,Mass,0.0014285714285714,Low,0,6775139.03,0,Normal,No action needed,7
CUST011360,Affluent,0.0,,0,22349214.35,0,Normal,No action needed,7
CUST039818,Affluent,0.1241618957634404,Low,0,8491519.96,0,Normal,No action needed,7
CUST023686,HNI,0.0026796536796536,Low,0,27696075.2,0,Normal,No action needed,7
CUST038408,Mass,0.0004411764705882,Low,0,7274783.4,0,Normal,No action needed,7
CUST029709,Ultra HNI,0.0,,0,70377972.67,1,High frequency trader,Flag for algo trading review — separate model needed,7
CUST020987,Mass,0.1955012076274082,Low,0,5047520.9,0,Normal,No action needed,7
CUST031968,Mass,0.0109656084656084,Low,0,3153392.11,0,Normal,No action needed,7
CUST026190,Mass,0.0,,0,4142206.19,0,Normal,No action needed,7
CUST029732,Mass,0.0018421052631578,Low,0,7392095.52,0,Normal,No action needed,7
CUST044919,Mass,0.0,,0,5827013.87,0,Normal,No action needed,7
CUST024705,Mass,0.1065815069376163,Low,0,6691945.57,0,Normal,No action needed,7
CUST016032,HNI,0.0,,0,36514275.33,0,Normal,No action needed,7
CUST001730,Mass,0.0011111111111111,Low,0,4923777.7700000005,0,Normal,No action needed,7
CUST007106,Affluent,0.0009270040304523,Low,0,11444766.25,0,Normal,No action needed,7
CUST026660,Mass,0.0097925046830326,Low,0,3245378.88,0,Normal,No action needed,7
CUST046507,HNI,0.0006601890779303,Low,0,32423245.75,0,Normal,No action needed,7
CUST011393,Affluent,0.1872188885901038,Low,1,14266850.02,0,Normal,No action needed,7
CUST018914,Mass,0.0009375,Low,0,7234241.15,0,Normal,No action needed,7
CUST025291,Mass,0.0002829402765786,Low,0,7956179.73,0,Normal,No action needed,7
CUST026821,Mass,0.0004567307692307,Low,0,8712538.149999999,0,Normal,No action needed,7
CUST005223,Mass,0.003435779430925,Low,0,12723842.03,0,Normal,No action needed,7
CUST011209,Mass,0.1903516295601721,Low,0,3416459.84,0,Normal,No action needed,7
CUST044825,HNI,0.001060606060606,Low,0,28673071.93,0,Normal,No action needed,7
CUST017536,Mass,0.2233233807767759,Low,0,12322745.28,0,Normal,No action needed,7
CUST042888,HNI,0.222057675831839,Low,0,22392334.39,0,Normal,No action needed,7
CUST000366,Affluent,0.005,Low,0,15154620.27,0,Normal,No action needed,7
CUST033869,Mass,0.0015217391304347,Low,0,7892213.5,0,Normal,No action needed,7
CUST031355,Affluent,0.0010267857142857,Low,0,19154637.96,0,Normal,No action needed,7
CUST019399,Mass,0.1349099295683765,Low,1,9184154.71,0,Normal,No action needed,7
CUST032136,Mass,0.00032877882152,Low,0,13845966.91,0,Normal,No action needed,7
CUST005258,Mass,0.0,,0,10380932.88,0,Normal,No action needed,7
CUST024423,Mass,0.1550837118521293,Low,0,8526229.83,0,Normal,No action needed,7
CUST008944,Mass,0.0001072607260726,Low,0,10189608.989999998,0,Normal,No action needed,7
CUST024954,Mass,4.1666666666666665e-05,Low,0,4212366.2,0,Normal,No action needed,7
CUST044365,Mass,0.0017782485875706,Low,0,6909552.67,0,Normal,No action needed,7
CUST035698,Affluent,0.0,,0,16196432.840000002,0,Normal,No action needed,7
CUST035402,Mass,0.0,,0,5728375.399999999,0,Normal,No action needed,7
CUST003993,Mass,0.002162742009495,Low,0,8410496.53,0,Normal,No action needed,7
CUST026050,HNI,0.2107188945613214,Low,0,33336831.51,0,Normal,No action needed,7
CUST007577,Affluent,0.0,,0,22060586.42,0,Normal,No action needed,7
CUST031492,Affluent,0.0049375,Low,0,14455943.33,0,Normal,No action needed,7
CUST045165,Mass,6.134969325153375e-05,Low,0,9954379.56,0,Normal,No action needed,7
CUST007705,Affluent,0.0001010101010101,Low,0,16082569.83,0,Normal,No action needed,7
CUST041011,Affluent,0.1405516626461929,Low,0,12627370.07,0,Normal,No action needed,7
CUST016313,Affluent,0.0038659147869674,Low,0,23501345.62,0,Normal,No action needed,7
CUST041599,Mass,0.1318206147377609,Low,0,6823303.48,0,Normal,No action needed,7
CUST049088,Affluent,0.0,,0,16945128.57,0,Normal,No action needed,7
CUST040578,Affluent,0.0020243249342049,Low,0,16189274.64,0,Normal,No action needed,7
CUST013929,Mass,0.0013905503895451,Low,0,14894370.46,0,Normal,No action needed,7
CUST019922,HNI,0.0,,0,29759770.26,0,Normal,No action needed,7
CUST041666,Mass,0.0,,0,5492236.03,0,Normal,No action needed,7
CUST001637,Mass,0.0,,0,3826498.34,0,Normal,No action needed,7
CUST043767,Mass,0.0080631868131868,Low,0,3375246.47,0,Normal,No action needed,7
CUST001399,Mass,0.0044633838383838,Low,0,4953548.0,0,Normal,No action needed,7
CUST015831,Mass,0.003125,Low,0,5279438.2,0,Normal,No action needed,7
CUST009339,Mass,0.1591811638302403,Low,0,5841775.96,0,Normal,No action needed,7
CUST020114,Mass,0.0001072607260726,Low,0,8072629.35,0,Normal,No action needed,7
CUST047885,Affluent,0.2626376710517107,Low,0,10204091.65,0,Normal,No action needed,7
CUST015564,Affluent,0.2007485167870775,Low,0,22758539.27,0,Normal,No action needed,7
CUST037381,Mass,0.1338607658838879,Low,0,9795732.91,0,Normal,No action needed,7
CUST022494,Mass,0.0037988209285187,Low,0,7936483.67,0,Normal,No action needed,7
CUST011193,Affluent,0.0,,0,16095995.53,0,Normal,No action needed,7
CUST025959,Mass,0.0021460530520933,Low,0,6513008.580000001,0,Normal,No action needed,7
CUST031454,HNI,0.0036583333333333,Low,0,47793852.56,0,Normal,No action needed,7
CUST021306,Mass,0.0015217391304347,Low,0,4746237.18,0,Normal,No action needed,7
CUST043930,Mass,0.0014238441607092,Low,0,7807592.07,0,Normal,No action needed,7
CUST032414,Mass,0.1601001815292957,Low,0,9996938.23,0,Normal,No action needed,7
CUST018567,Mass,0.0010320048309178,Low,0,4146094.94,0,Normal,No action needed,7
CUST042138,Affluent,0.0001923076923076,Low,0,17071111.43,0,Normal,No action needed,7
CUST021637,Affluent,0.0,,0,16310979.73,0,Normal,No action needed,7
CUST009265,Mass,0.1614525459307321,Low,1,2453179.74,0,Normal,No action needed,7
CUST005989,Affluent,0.0,,0,17777794.78,0,Normal,No action needed,7
CUST033958,Affluent,0.0064714334009465,Low,0,10274036.009999998,0,Normal,No action needed,7
CUST048791,Mass,0.000782208588957,Low,0,11445858.03,0,Normal,No action needed,7
CUST037363,Mass,0.0025,Low,0,3834556.97,0,Normal,No action needed,7
CUST019169,Affluent,0.269795347651689,Low,0,22637370.81,0,Normal,No action needed,7
CUST044108,HNI,0.0032940108892921,Low,0,41953121.52,0,Normal,No action needed,7
CUST019421,Mass,0.0,,0,5788502.73,0,Normal,No action needed,7
CUST002505,Mass,0.0053110395351774,Low,0,2430706.2,0,Normal,No action needed,7
CUST029309,Affluent,0.1744629729104239,Low,0,13366800.29,0,Normal,No action needed,7
CUST027373,Mass,0.0003132686084142,Low,0,7762203.13,0,Normal,No action needed,7
CUST017081,Affluent,0.0022596153846153,Low,0,10413087.29,0,Normal,No action needed,7
CUST045291,Mass,0.0017067307692307,Low,0,6519392.28,0,Normal,No action needed,7
CUST039312,Mass,0.0084593329246204,Low,0,3981496.54,0,Normal,No action needed,7
CUST013341,Affluent,0.0,,0,16736871.98,0,Normal,No action needed,7
CUST003180,HNI,0.00048607052406,Low,0,37746003.9,0,Normal,No action needed,7
CUST008456,Affluent,0.0,,0,22256095.48,0,Normal,No action needed,7
CUST044887,Affluent,0.0,,0,15834850.06,0,Normal,No action needed,7
CUST013468,Affluent,0.0,,0,22398791.67,0,Normal,No action needed,7
CUST009116,Mass,0.0007894736842105,Low,0,10429690.1,0,Normal,No action needed,7
CUST019644,Mass,0.0001289134438305,Low,0,9898527.64,0,Normal,No action needed,7
CUST015140,Mass,0.0044196428571428,Low,0,5831880.13,0,Normal,No action needed,7
CUST028077,Mass,0.0037156862745098,Low,0,6737772.83,0,Normal,No action needed,7
CUST004675,Affluent,0.0,,0,10509271.17,0,Normal,No action needed,7
CUST024659,Mass,0.0015501253132832,Low,0,8949893.17,0,Normal,No action needed,7
CUST047107,Mass,0.0013704438830747,Low,0,8408047.46,0,Normal,No action needed,7
CUST022108,Mass,0.0,,0,5418484.88,0,Normal,No action needed,7
CUST019724,Mass,0.0015441176470588,Low,0,3920362.22,0,Normal,No action needed,7
CUST031616,HNI,0.1141256641972756,Low,0,30714292.47,0,Normal,No action needed,7
CUST035669,Mass,0.0019711538461538,Low,0,10657593.48,0,Normal,No action needed,7
CUST036770,Mass,0.0026785714285714,Low,0,8579398.68,0,Normal,No action needed,7
CUST001441,Mass,0.1781392101594472,Low,0,3246706.8,0,Normal,No action needed,7
CUST005519,Mass,0.0014077669902912,Low,0,14011302.81,0,Normal,No action needed,7
CUST007684,Mass,0.0156388465363849,Low,0,3655351.74,0,Normal,No action needed,7
CUST008169,Mass,0.0017142857142857,Low,0,7801440.62,0,Normal,No action needed,7
CUST005467,Mass,0.0059161381796189,Low,0,2975674.99,0,Normal,No action needed,7
CUST019539,Mass,0.0005398102182409,Low,0,5994035.99,0,Normal,No action needed,7
CUST013318,Affluent,0.0005263157894736,Low,0,18872546.05,0,Normal,No action needed,7
CUST040111,Mass,0.0001289134438305,Low,0,11412094.01,0,Normal,No action needed,7
CUST041212,Mass,0.012758554663727,Low,0,6533038.989999998,0,Normal,No action needed,7
CUST043073,Mass,0.1545293401501364,Low,0,9381883.8,0,Normal,No action needed,7
CUST007102,Mass,0.0,,0,9796044.49,0,Normal,No action needed,7
CUST000246,Mass,0.005776923076923,Low,0,3589821.25,0,Normal,No action needed,7
CUST026324,Affluent,0.1697706971163086,Low,0,19840119.5,0,Normal,No action needed,7
CUST010949,HNI,0.1516613249867359,Low,0,32607757.78,0,Normal,No action needed,7
CUST000358,Mass,0.0078700012229424,Low,0,5449521.260000001,0,Normal,No action needed,7
CUST005725,Mass,0.0003206562266964,Low,0,8628956.21,0,Normal,No action needed,7
CUST001707,Affluent,0.000625,Low,0,12932057.74,0,Normal,No action needed,7
CUST041429,Affluent,0.0,,0,20583807.22,0,Normal,No action needed,7
CUST044897,Affluent,0.0026068376068376,Low,0,15125490.46,0,Normal,No action needed,7
CUST012874,Mass,0.1227311659237739,Low,0,7481994.73,0,Normal,No action needed,7
CUST001869,Affluent,0.0,,0,18612569.27,0,Normal,No action needed,7
CUST029209,Affluent,0.000253164556962,Low,0,14018362.37,0,Normal,No action needed,7
CUST024497,Mass,0.0003223662346294,Low,0,6274854.5,0,Normal,No action needed,7
CUST005236,Mass,0.0019213583556747,Low,0,6014809.17,0,Normal,No action needed,7
CUST002232,Affluent,0.0004,Low,0,13524574.74,0,Normal,No action needed,7
CUST033672,Mass,0.0,,0,9800555.56,0,Normal,No action needed,7
CUST006663,Mass,0.0023312356979405,Low,0,10152691.91,0,Normal,No action needed,7
CUST006514,Mass,0.0032456140350877,Low,0,3029363.26,0,Normal,No action needed,7
CUST031531,Mass,0.0014885625666375,Low,0,5370389.96,0,Normal,No action needed,7
CUST011624,Affluent,0.1341472006602762,Low,0,12489059.99,0,Normal,No action needed,7
CUST025212,Mass,0.0006070663811563,Low,0,6895499.34,0,Normal,No action needed,7
CUST007068,Mass,0.0037554112554112,Low,0,5589683.28,0,Normal,No action needed,7
CUST016383,Mass,0.0001666666666666,Low,0,4926155.77,0,Normal,No action needed,7
CUST023996,Affluent,0.0039451566951566,Low,0,20077403.35,0,Normal,No action needed,7
CUST006174,Mass,0.1457125148854314,Low,0,2938920.27,0,Normal,No action needed,7
CUST037498,Ultra HNI,0.0008823529411764,Low,0,66063866.85,1,High frequency trader,Flag for algo trading review — separate model needed,7
CUST023102,Mass,0.0008285203870759,Low,0,7808466.88,0,Normal,No action needed,7
CUST009964,Mass,0.002,Low,0,4169279.84,0,Normal,No action needed,7
CUST042617,Mass,0.0004166666666666,Low,0,5536420.03,0,Normal,No action needed,7
CUST022098,Mass,0.1481882302794966,Low,0,7084297.05,0,Normal,No action needed,7
CUST034343,Affluent,0.2215122016627018,Low,0,9607300.2,0,Normal,No action needed,7
CUST033463,Mass,0.1127146466980039,Low,0,2857784.35,0,Normal,No action needed,7
CUST029778,HNI,0.0006545857988165,Low,0,31006203.74,0,Normal,No action needed,7
CUST031289,Mass,0.0060858452692818,Low,0,8895005.02,0,Normal,No action needed,7
CUST031900,HNI,0.0,,0,39371885.1,0,Normal,No action needed,7
CUST024128,Mass,0.0,,0,11463080.81,0,Normal,No action needed,7
CUST019351,Mass,0.0,,0,3581766.34,0,Normal,No action needed,7
CUST008761,HNI,0.143749862123107,Low,0,30541800.3,0,Normal,No action needed,7
CUST027136,Mass,0.2396494020683992,Low,0,7065018.67,0,Normal,No action needed,7
CUST010513,Mass,0.0,,0,6585275.86,0,Normal,No action needed,7
CUST000593,Mass,0.0,,0,5446032.05,0,Normal,No action needed,7
CUST013989,Mass,0.0167436213615881,Low,0,1979754.02,0,Normal,No action needed,7
CUST032846,Mass,0.0012030091678729,Low,0,6249153.28,0,Normal,No action needed,7
CUST039754,Affluent,0.0004347826086956,Low,0,15438267.73,0,Normal,No action needed,7
CUST030803,Mass,0.163286322895233,Low,0,5270581.7,0,Normal,No action needed,7
CUST044829,Mass,0.0022052401746724,Low,0,7251944.390000001,0,Normal,No action needed,7
CUST039526,Mass,0.0,,0,5496260.97,0,Normal,No action needed,7
CUST019272,Mass,0.0931229983490957,Low,1,4475511.04,0,Normal,No action needed,7
CUST020739,HNI,0.1728157328858814,Low,0,31899492.48,0,Normal,No action needed,7
CUST043171,HNI,0.0019085921325051,Low,0,37482552.89,0,Normal,No action needed,7
CUST047738,Mass,0.0001289134438305,Low,0,6394084.33,0,Normal,No action needed,7
CUST028979,Mass,0.0034052615259826,Low,0,3266251.02,0,Normal,No action needed,7
CUST026292,Mass,0.0003623228933631,Low,0,4148501.64,0,Normal,No action needed,7
CUST006698,Mass,0.022115711071126,Low,0,3078670.25,0,Normal,No action needed,7
CUST031376,Mass,0.0080235042735042,Low,0,6677595.699999999,0,Normal,No action needed,7
CUST020824,Mass,0.000782208588957,Low,0,9556524.92,0,Normal,No action needed,7
CUST003883,Mass,0.0,,0,10245603.96,0,Normal,No action needed,7
CUST017675,Mass,0.0015716112531969,Low,0,10334329.34,0,Normal,No action needed,7
CUST049075,Affluent,0.1712989901672116,Low,0,13795326.67,0,Normal,No action needed,7
CUST015725,Mass,0.1176153090206879,Low,1,1576732.9400000002,0,Normal,No action needed,7
CUST017700,HNI,0.0,,0,37425162.62,0,Normal,No action needed,7
CUST008802,Mass,0.0037297297297297,Low,0,4143320.040000001,0,Normal,No action needed,7
CUST015668,Mass,0.0,,0,5149889.5600000005,0,Normal,No action needed,7
CUST010130,Ultra HNI,0.005562710750558,Low,0,74622234.71,1,High frequency trader,Flag for algo trading review — separate model needed,7
CUST046930,Mass,0.2721320275712642,Low,0,10549416.07,0,Normal,No action needed,7
CUST020815,Mass,0.1536865409801741,Low,0,10581154.0,0,Normal,No action needed,7
CUST036529,Mass,0.0033187134502923,Low,0,6323231.33,0,Normal,No action needed,7
CUST026083,Mass,0.0048995098039215,Low,0,9348876.67,0,Normal,No action needed,7
CUST041153,Affluent,0.0,,0,24993264.08,0,Normal,No action needed,7
CUST006741,Mass,0.1421708181564862,Low,0,5122683.359999999,0,Normal,No action needed,7
CUST010526,Affluent,0.0,,0,13033187.39,0,Normal,No action needed,7
CUST036122,Affluent,0.0007445887445887,Low,0,16102033.96,0,Normal,No action needed,7
CUST010914,Mass,0.0019791666666666,Low,0,13156754.69,0,Normal,No action needed,7
CUST001814,Mass,0.0030555555555555,Low,0,7502138.9,0,Normal,No action needed,7
CUST036832,Affluent,0.0,,0,30634231.79,0,Normal,No action needed,7
CUST010879,Affluent,0.0,,0,18432769.96,0,Normal,No action needed,7
CUST010455,Mass,0.1882929555687102,Low,0,7446134.35,0,Normal,No action needed,7
CUST042364,Affluent,0.0059564633300121,Low,0,29580400.45,0,Normal,No action needed,7
CUST022758,Mass,0.1600485372639718,Low,0,3742392.58,0,Normal,No action needed,7
CUST027450,Affluent,0.0,,0,27649686.45,0,Normal,No action needed,7
CUST007926,Mass,0.2402717808450258,Low,0,6324664.12,0,Normal,No action needed,7
CUST006358,Mass,0.002037037037037,Low,0,6947695.130000001,0,Normal,No action needed,7
CUST048701,Mass,0.0001851851851851,Low,0,3312341.8400000003,0,Normal,No action needed,7
CUST029702,HNI,0.0,,0,48801348.61,0,Normal,No action needed,7
CUST018572,Affluent,0.0,,0,22187779.18,0,Normal,No action needed,7
CUST026726,Affluent,0.0,,0,12794943.45,0,Normal,No action needed,7
CUST046290,Affluent,0.1220747057272539,Low,0,12351035.16,0,Normal,No action needed,7
CUST023592,Affluent,0.0013809523809523,Low,0,25986009.8,0,Normal,No action needed,7
CUST025749,Mass,0.008475629313571,Low,0,5822487.77,0,Normal,No action needed,7
CUST001638,Ultra HNI,0.0,,0,86593636.51,1,High frequency trader,Flag for algo trading review — separate model needed,7
CUST004143,Affluent,0.000253164556962,Low,0,20000633.03,0,Normal,No action needed,7
CUST021902,Mass,0.0,,0,5122001.86,0,Normal,No action needed,7
CUST037440,Mass,0.0013836051328386,Low,0,12453018.42,0,Normal,No action needed,7
CUST007032,Mass,0.0007142857142857,Low,0,6251566.97,0,Normal,No action needed,7
CUST015964,Mass,0.145609762703963,Low,0,5421317.16,0,Normal,No action needed,7
CUST031813,Mass,6.134969325153375e-05,Low,0,6452856.47,0,Normal,No action needed,7
CUST034164,Affluent,0.1788418411792891,Low,0,11371766.26,0,Normal,No action needed,7
CUST038909,Mass,0.0,,0,5343118.56,0,Normal,No action needed,7
CUST018864,Mass,0.0003125,Low,0,6370201.63,0,Normal,No action needed,7
CUST039272,Mass,0.0001072607260726,Low,0,11410782.63,0,Normal,No action needed,7
CUST022900,Affluent,0.001,Low,0,22844417.95,0,Normal,No action needed,7
CUST041709,HNI,0.0014285714285714,Low,0,39500634.61,0,Normal,No action needed,7
CUST048558,Affluent,0.0001412429378531,Low,0,19265948.17,0,Normal,No action needed,7
CUST040745,Mass,0.0011304347826086,Low,0,7565516.02,0,Normal,No action needed,7
CUST028167,Mass,0.0013013698630136,Low,0,4062722.58,0,Normal,No action needed,7
CUST024341,HNI,0.1562754095081979,Low,0,32435965.38,0,Normal,No action needed,7
CUST040846,Mass,0.0002380952380952,Low,0,2776279.34,0,Normal,No action needed,7
CUST025331,HNI,0.169416177533144,Low,0,45910236.48,0,Normal,No action needed,7
CUST032670,Ultra HNI,0.0002,Low,0,77672808.97,1,High frequency trader,Flag for algo trading review — separate model needed,7
CUST049390,Mass,0.0033304347826086,Low,0,10706229.12,0,Normal,No action needed,7
CUST033592,Mass,0.001314935064935,Low,0,4123779.46,0,Normal,No action needed,7
CUST003629,Mass,0.0058823529411764,Low,0,3967549.26,0,Normal,No action needed,7
CUST022917,HNI,6.493506493506494e-05,Low,0,38931458.85,0,Normal,No action needed,7
CUST012646,Mass,0.0,,0,4069419.18,0,Normal,No action needed,7
CUST033100,Affluent,0.1479123474475873,Low,0,26146172.32,0,Normal,No action needed,7
CUST042312,Mass,0.0048472719522591,Low,0,10966922.99,0,Normal,No action needed,7
CUST023575,Mass,0.0001072607260726,Low,0,6772525.86,0,Normal,No action needed,7
CUST044814,Mass,0.1387410888724224,Low,0,6697381.3,0,Normal,No action needed,7
CUST000659,HNI,0.0097358552180533,Low,0,31862018.95,1,High frequency trader,Flag for algo trading review — separate model needed,7
CUST022023,Mass,0.1405500715973008,Low,0,3521026.96,0,Normal,No action needed,7
CUST004999,Mass,0.0,,0,6832602.69,0,Normal,No action needed,7
CUST048312,HNI,5.6657223796034e-05,Low,0,26858752.0,0,Normal,No action needed,7
CUST006732,HNI,0.0033859649122807,Low,0,46991823.69,0,Normal,No action needed,7
CUST018879,Affluent,0.0017261904761904,Low,0,13041202.11,0,Normal,No action needed,7
CUST034958,Mass,0.0021428571428571,Low,0,9705931.28,0,Normal,No action needed,7
CUST029218,HNI,0.0042857142857142,Low,0,41835037.87,0,Normal,No action needed,7
CUST005791,Mass,0.0006451612903225,Low,0,9075952.71,0,Normal,No action needed,7
CUST035384,Affluent,0.2548573777689173,Low,0,28988842.94,0,Normal,No action needed,7
CUST013251,Mass,0.0037434649372683,Low,0,8519187.76,0,Normal,No action needed,7
CUST043346,Affluent,0.00325,Low,0,22432282.24,0,Normal,No action needed,7
CUST025608,HNI,0.0,,0,34096182.68,0,Normal,No action needed,7
CUST025327,Mass,0.0013157894736842,Low,0,5737651.53,0,Normal,No action needed,7
CUST040428,Mass,0.209021189235232,Low,1,1631391.33,0,Normal,No action needed,7
CUST047166,Mass,0.000641077170418,Low,0,5353289.8,0,Normal,No action needed,7
CUST026931,Affluent,0.0056243032329988,Low,0,24750013.94,0,Normal,No action needed,7
CUST020148,Affluent,0.0,,0,18407613.34,0,Normal,No action needed,7
CUST044149,Affluent,0.0,,0,29307567.85,0,Normal,No action needed,7
CUST035213,Mass,0.001501634901487,Low,0,5881155.76,0,Normal,No action needed,7
CUST040297,Mass,0.0001289134438305,Low,0,5728965.73,0,Normal,No action needed,7
CUST042050,Affluent,0.0,,0,10442639.74,0,Normal,No action needed,7
CUST032597,Mass,0.0008097866614791,Low,0,4074304.99,0,Normal,No action needed,7
CUST040462,Ultra HNI,0.141916914365447,Low,0,76899785.85,1,High frequency trader,Flag for algo trading review — separate model needed,7
CUST046306,Mass,0.1465087780225581,Low,0,1801933.36,0,Normal,No action needed,7
CUST019394,Affluent,0.0007142857142857,Low,0,15221605.98,0,Normal,No action needed,7
CUST001542,Mass,0.0,,0,5087869.75,0,Normal,No action needed,7
CUST042570,Mass,0.1276559689797285,Low,0,3960623.39,0,Normal,No action needed,7
CUST005484,Mass,0.0015635451505016,Low,0,5539855.92,0,Normal,No action needed,7
CUST004155,Mass,0.004000626566416,Low,0,7857261.3,0,Normal,No action needed,7
CUST029430,Mass,0.0025452898550724,Low,0,6370168.82,0,Normal,No action needed,7
CUST024686,HNI,5.6657223796034e-05,Low,0,39925916.85,1,Other anomaly,No action needed,7
CUST028775,Ultra HNI,0.1347260199734035,Low,0,73506943.95,1,High frequency trader,Flag for algo trading review — separate model needed,7
CUST024446,HNI,0.0,,0,32099040.8,0,Normal,No action needed,7
CUST012064,Mass,0.0016898148148148,Low,0,3138521.17,0,Normal,No action needed,7
CUST007257,Affluent,0.1599624244597735,Low,0,23076533.16,0,Normal,No action needed,7
CUST041668,Mass,0.0001289134438305,Low,0,9423671.62,0,Normal,No action needed,7
CUST049767,HNI,0.1503494102633863,Low,0,51019669.59,0,Normal,No action needed,7
CUST009041,Mass,0.0,,0,6812061.16,0,Normal,No action needed,7
CUST000374,HNI,0.0039659968666328,Low,0,30433467.64,0,Normal,No action needed,7
CUST046474,HNI,0.0,,0,47760405.620000005,0,Normal,No action needed,7
CUST002562,Mass,0.0,,0,9698063.61,0,Normal,No action needed,7
CUST029826,Mass,0.0033541666666666,Low,0,6491605.69,0,Normal,No action needed,7
CUST029752,Mass,0.0017337461300309,Low,0,10286448.91,0,Normal,No action needed,7
CUST040007,Affluent,9.09090909090909e-05,Low,0,14941507.79,0,Normal,No action needed,7
CUST019204,Mass,0.0001132686084142,Low,0,8078615.62,0,Normal,No action needed,7
CUST042170,Mass,0.0,,0,9400941.02,0,Normal,No action needed,7
CUST026477,Affluent,0.0005882352941176,Low,0,28779081.88,0,Normal,No action needed,7
CUST011866,Mass,0.00015625,Low,0,9190121.98,0,Normal,No action needed,7
CUST024260,Affluent,0.0003610231576333,Low,0,19700763.62,0,Normal,No action needed,7
CUST047151,Mass,0.1317458829467325,Low,0,8670359.389999999,0,Normal,No action needed,7
CUST000319,HNI,0.0001412429378531,Low,0,46634194.36,0,Normal,No action needed,7
CUST017559,Mass,0.0016190476190476,Low,0,6987059.390000001,0,Normal,No action needed,7
CUST012007,HNI,0.1151580076974796,Low,0,33242903.83,0,Normal,No action needed,7
CUST032121,Mass,0.0279453536043083,Low,0,3671403.75,0,Normal,No action needed,7
CUST008457,Affluent,0.0023916651300018,Low,0,19298238.68,0,Normal,No action needed,7
CUST049915,HNI,0.0,,0,38049764.01,0,Normal,No action needed,7
CUST013909,Affluent,0.0004166666666666,Low,0,23039614.74,0,Normal,No action needed,7
CUST044109,Mass,0.0,,0,11622422.22,0,Normal,No action needed,7
CUST012398,Mass,0.0,,0,10002411.72,0,Normal,No action needed,7
CUST015492,Affluent,0.0,,0,16689991.41,0,Normal,No action needed,7
CUST016786,Mass,0.1318668570356474,Low,0,5304671.63,0,Normal,No action needed,7
CUST035408,Mass,0.2226245988563192,Low,1,3397427.7,0,Normal,No action needed,7
CUST025745,Mass,0.000782208588957,Low,0,8112840.03,0,Normal,No action needed,7
CUST012098,Mass,0.1830462435032674,Low,0,3390554.25,0,Normal,No action needed,7
CUST040414,Mass,0.0362003927830489,Low,0,1239488.83,0,Normal,No action needed,7
CUST035757,Mass,0.0022211117456691,Low,0,7835197.72,0,Normal,No action needed,7
CUST017107,Mass,0.0020263157894736,Low,0,7826200.48,0,Normal,No action needed,7
CUST023317,Affluent,0.0,,0,26226058.39,0,Normal,No action needed,7
CUST036553,Affluent,0.1559621813025427,Low,0,16943187.81,0,Normal,No action needed,7
CUST016729,Mass,0.0011012605042016,Low,0,8687277.84,0,Normal,No action needed,7
CUST016856,Affluent,0.0007155191530117,Low,0,13181635.3,0,Normal,No action needed,7
CUST044362,Affluent,0.1045264622063352,Low,0,12511027.44,0,Normal,No action needed,7
CUST028157,HNI,0.0008333333333333,Low,0,44826653.48,1,Other anomaly,No action needed,7
CUST039154,Mass,0.000782208588957,Low,0,6014091.34,0,Normal,No action needed,7
CUST012815,Mass,0.0073673913043478,Low,0,3367275.06,0,Normal,No action needed,7
CUST010502,Mass,0.0,,0,4764882.8,0,Normal,No action needed,7
CUST023898,Mass,0.0007848654649956,Low,0,5378023.36,0,Normal,No action needed,7
CUST024502,Mass,0.0022107800175284,Low,0,7476118.79,0,Normal,No action needed,7
CUST022103,Affluent,0.0013467492260061,Low,0,18372783.08,0,Normal,No action needed,7
CUST005768,Mass,0.0,,0,5092434.8,0,Normal,No action needed,7
CUST021626,Mass,0.0,,0,5998420.62,0,Normal,No action needed,7
CUST026940,Affluent,0.0,,0,13763226.16,0,Normal,No action needed,7
CUST000288,Mass,0.0004609924246552,Low,0,8511288.18,0,Normal,No action needed,7
CUST020837,Affluent,0.0023426677104089,Low,0,9867745.06,0,Normal,No action needed,7
CUST011310,Mass,0.1235703761739511,Low,0,4736348.59,0,Normal,No action needed,7
CUST036818,Mass,0.0016585671075678,Low,0,4992792.4,0,Normal,No action needed,7
CUST011035,Mass,0.0064683302808302,Low,0,2926484.27,0,Normal,No action needed,7
CUST004667,Mass,0.0004437997782708,Low,0,7057756.720000001,0,Normal,No action needed,7
CUST028559,Mass,0.1049086106973811,Low,1,3020599.05,0,Normal,No action needed,7
CUST032921,Affluent,0.0001724137931034,Low,0,15813051.6,0,Normal,No action needed,7
CUST025184,Mass,0.0,,0,8002843.57,0,Normal,No action needed,7
CUST022193,Mass,0.0,,0,10755286.99,0,Normal,No action needed,7
CUST022707,Mass,0.0007407407407407,Low,0,5095748.68,0,Normal,No action needed,7
CUST042657,Affluent,0.0,,0,12275793.37,0,Normal,No action needed,7
CUST045493,Mass,0.0,,0,9952296.12,0,Normal,No action needed,7
CUST036655,Mass,0.0001086956521739,Low,0,8980780.969999999,0,Normal,No action needed,7
CUST032216,Mass,0.0020714285714285,Low,0,15537327.33,0,Normal,No action needed,7
CUST023393,Mass,0.1309926785825245,Low,0,9797601.58,0,Normal,No action needed,7
CUST016018,Mass,0.1493488483524606,Low,0,4267691.61,0,Normal,No action needed,7
CUST022091,HNI,0.0003846153846153,Low,0,46439585.7,0,Normal,No action needed,7
CUST049751,Ultra HNI,0.0211989311842791,Low,0,63752518.7,1,High frequency trader,Flag for algo trading review — separate model needed,7
CUST043431,Mass,0.0004279169527691,Low,0,8751545.530000001,0,Normal,No action needed,7
CUST031254,Mass,0.0,,0,6116489.23,0,Normal,No action needed,7
CUST023337,Affluent,0.0048248626373626,Low,0,10082762.82,0,Normal,No action needed,7
CUST036582,Mass,0.1349897155999371,Low,0,6347048.540000001,0,Normal,No action needed,7
CUST047026,Affluent,0.0,,0,19997059.29,0,Normal,No action needed,7
CUST040334,Mass,0.0009090909090909,Low,0,6338107.3,0,Normal,No action needed,7
CUST009905,Mass,0.0037297297297297,Low,0,5800543.7,0,Normal,No action needed,7
CUST041297,Affluent,0.0,,0,23298459.38,0,Normal,No action needed,7
CUST010314,Mass,0.1069460989932397,Low,1,11040657.66,0,Normal,No action needed,7
CUST013339,Ultra HNI,0.0233241077335117,Low,0,65952698.78,1,High frequency trader,Flag for algo trading review — separate model needed,7
CUST048891,Ultra HNI,0.0,,0,81903792.22,1,High frequency trader,Flag for algo trading review — separate model needed,7
CUST037792,Affluent,0.0,,0,21164384.2,0,Normal,No action needed,7
CUST023560,Affluent,0.0002631578947368,Low,0,20516093.71,0,Normal,No action needed,7
CUST015093,Affluent,0.0025107431749241,Low,0,15234061.26,0,Normal,No action needed,7
CUST018756,Mass,0.0011764705882352,Low,0,5767515.5200000005,0,Normal,No action needed,7
CUST044980,Mass,0.1638927597146343,Low,0,3264624.11,0,Normal,No action needed,7
CUST037760,Affluent,0.1887316627660124,Low,0,15873853.65,0,Normal,No action needed,7
CUST016297,Mass,0.1119414636809927,Low,0,8831863.07,0,Normal,No action needed,7
CUST030818,Mass,0.1811282546004335,Low,0,10726049.98,0,Normal,No action needed,7
CUST025308,Affluent,0.2965517337239561,Low,0,25941872.52,0,Normal,No action needed,7
CUST010983,Mass,0.1219280581785644,Low,1,7719799.57,0,Normal,No action needed,7
CUST012061,Affluent,0.0020534069981583,Low,0,19781663.16,0,Normal,No action needed,7
CUST020957,Mass,0.0,,0,3818181.36,0,Normal,No action needed,7
CUST046103,Affluent,0.0,,0,22111943.19,0,Normal,No action needed,7
CUST004917,Mass,0.0042269526595168,Low,0,11136175.19,0,Normal,No action needed,7
CUST011992,Mass,0.1115010366745837,Low,0,5243536.24,0,Normal,No action needed,7
CUST046538,Mass,0.1776092341743415,Low,0,5710321.99,0,Normal,No action needed,7
CUST010754,Mass,0.0003590527119938,Low,0,6623975.040000001,0,Normal,No action needed,7
CUST034384,Affluent,0.0057142857142857,Low,0,9981702.46,0,Normal,No action needed,7
CUST037896,HNI,0.002898923444976,Low,0,31992051.61,0,Normal,No action needed,7
CUST002020,Affluent,0.0,,0,18273137.06,0,Normal,No action needed,7
CUST024194,HNI,0.174322823078157,Low,1,37512167.02,0,Normal,No action needed,7
CUST031563,HNI,0.0003125,Low,0,28348841.06,0,Normal,No action needed,7
CUST034227,Mass,0.0022052401746724,Low,0,10892117.7,0,Normal,No action needed,7
CUST020079,Mass,0.000782208588957,Low,0,6731117.01,0,Normal,No action needed,7
CUST001259,Affluent,0.0056201749254161,Low,0,9848741.54,0,Normal,No action needed,7
CUST006730,HNI,5.6657223796034e-05,Low,0,47850888.89,0,Normal,No action needed,7
CUST011130,Mass,0.0024404761904761,Low,0,4732359.82,0,Normal,No action needed,7
CUST033476,Affluent,0.0002173913043478,Low,0,25990469.79,0,Normal,No action needed,7
CUST049554,Affluent,0.0013242403314917,Low,0,16830808.94,0,Normal,No action needed,7
CUST014535,Mass,0.006532212885154,Low,0,12173075.56,0,Normal,No action needed,7
CUST014999,HNI,0.0016875,Low,0,33105538.52,0,Normal,No action needed,7
CUST011142,Mass,0.0001851851851851,Low,0,12236272.8,0,Normal,No action needed,7
CUST049231,Affluent,0.002128164556962,Low,0,13973313.57,0,Normal,No action needed,7
CUST040101,HNI,0.0007079177279977,Low,0,42181186.8,0,Normal,No action needed,7
CUST011368,Mass,0.0,,0,10691034.79,0,Normal,No action needed,7
CUST012241,Affluent,0.0934779891612665,Low,0,13564624.53,0,Normal,No action needed,7
CUST011838,Mass,0.0039705355884741,Low,0,6994377.890000001,0,Normal,No action needed,7
CUST033289,Mass,0.1973298685419323,Low,0,4443123.97,0,Normal,No action needed,7
CUST008778,Mass,0.0025416666666666,Low,0,4230132.07,0,Normal,No action needed,7
CUST008670,Mass,0.0006127844115725,Low,0,9081222.03,0,Normal,No action needed,7
CUST036497,Mass,0.1298080308167583,Low,0,2808720.39,0,Normal,No action needed,7
CUST029902,Affluent,0.0003846153846153,Low,0,16646182.2,0,Normal,No action needed,7
CUST004752,Affluent,0.0,,0,10721406.0,0,Normal,No action needed,7
CUST034033,Ultra HNI,0.0045031055900621,Low,0,62949212.83,1,High frequency trader,Flag for algo trading review — separate model needed,7
CUST023079,HNI,0.1111564092562481,Low,0,31828311.54,0,Normal,No action needed,7
CUST040394,HNI,0.0036583333333333,Low,0,41837813.84,0,Normal,No action needed,7
CUST026269,Mass,0.0016228070175438,Low,0,3939879.21,0,Normal,No action needed,7
CUST008679,HNI,0.1918525926295959,Low,1,27027997.29,0,Normal,No action needed,7
CUST021388,Affluent,0.0,,0,24800581.49,0,Normal,No action needed,7
CUST013352,Mass,0.1995834988233926,Low,1,8225447.06,0,Normal,No action needed,7
CUST000908,Mass,0.0011304347826086,Low,0,8901505.47,0,Normal,No action needed,7
CUST021147,Affluent,0.2498689132858061,Low,0,29157169.08,0,Normal,No action needed,7
CUST008758,Affluent,0.0,,0,12013497.62,0,Normal,No action needed,7
CUST029720,Mass,0.0,,0,10819148.97,0,Normal,No action needed,7
CUST008032,Ultra HNI,0.01637166005291,Low,0,67670543.24,1,High frequency trader,Flag for algo trading review — separate model needed,7
CUST044020,Mass,0.1188953215915692,Low,0,7183280.26,0,Normal,No action needed,7
CUST025197,Affluent,0.00025,Low,0,23372488.87,0,Normal,No action needed,7
CUST014473,Affluent,0.0001010101010101,Low,0,17773646.63,0,Normal,No action needed,7
CUST038987,Affluent,0.0026780977643046,Low,0,18730218.54,0,Normal,No action needed,7
CUST043014,HNI,0.1280901389565502,Low,0,28558287.45,0,Normal,No action needed,7
CUST029458,Mass,0.1121222193318611,Low,0,3925250.01,0,Normal,No action needed,7
CUST046858,Mass,0.0009090909090909,Low,0,4126493.58,0,Normal,No action needed,7
CUST038358,Mass,0.0010094813162297,Low,0,6866993.94,0,Normal,No action needed,7
CUST040911,HNI,0.0027272727272727,Low,0,38611039.55,0,Normal,No action needed,7
CUST024812,Mass,0.003274359614239,Low,0,9965233.67,0,Normal,No action needed,7
CUST025891,Mass,0.0038015039025318,Low,0,4525166.8,0,Normal,No action needed,7
CUST042510,Mass,0.004214947089947,Low,0,2901312.11,0,Normal,No action needed,7
CUST049425,Affluent,0.0017307692307692,Low,0,29176481.47,0,Normal,No action needed,7
CUST006897,Mass,0.0004567307692307,Low,0,7916231.34,0,Normal,No action needed,7
CUST042046,Mass,0.006547794117647,Low,0,8513053.36,0,Normal,No action needed,7
CUST017375,Mass,0.0055887445887445,Low,0,9527208.36,0,Normal,No action needed,7
CUST047374,HNI,0.0052580314422419,Low,0,45232717.27,0,Normal,No action needed,7
CUST006201,Affluent,0.0,,0,10993051.44,0,Normal,No action needed,7
CUST028633,Mass,0.1487414238534722,Low,0,4435202.17,0,Normal,No action needed,7
CUST022072,Affluent,9.09090909090909e-05,Low,0,16514495.22,0,Normal,No action needed,7
CUST040794,Affluent,0.0003333333333333,Low,0,14617679.86,0,Normal,No action needed,7
CUST034891,Mass,0.1407392799435907,Low,1,7377703.18,0,Normal,No action needed,7
CUST025998,HNI,0.0006354360453161,Low,0,30132629.19,0,Normal,No action needed,7
CUST012882,Mass,0.0055787337662337,Low,0,3336365.15,0,Normal,No action needed,7
CUST001610,HNI,0.0003846153846153,Low,0,47164103.35,0,Normal,No action needed,7
CUST029993,Affluent,0.0,,0,8406583.32,0,Normal,No action needed,7
CUST009703,Mass,0.0042914979757085,Low,0,6514678.37,0,Normal,No action needed,7
CUST020776,Mass,0.0020390866040037,Low,0,5893427.819999999,0,Normal,No action needed,7
CUST044834,Mass,0.0004567307692307,Low,0,8559120.33,0,Normal,No action needed,7
CUST018120,Mass,0.145105620206909,Low,0,2500745.49,0,Normal,No action needed,7
CUST015068,Mass,0.1181297319024706,Low,0,4506409.65,0,Normal,No action needed,7
CUST030737,Mass,0.0007954545454545,Low,0,6861164.42,0,Normal,No action needed,7
CUST026209,Affluent,0.0041987865020116,Low,0,14251513.18,0,Normal,No action needed,7
CUST031413,HNI,0.0,,0,35876955.71,0,Normal,No action needed,7
CUST011629,Mass,0.2241261328205716,Low,0,2797928.86,0,Normal,No action needed,7
CUST037066,HNI,0.0047411764705882,Low,0,32829202.450000003,0,Normal,No action needed,7
CUST034563,Mass,0.0013157894736842,Low,0,6315117.2700000005,0,Normal,No action needed,7
CUST000256,Mass,0.1360521080961789,Low,1,3400174.15,0,Normal,No action needed,7
CUST013085,Affluent,0.0006818181818181,Low,0,11184215.45,0,Normal,No action needed,7
CUST048923,HNI,0.0036071428571428,Low,0,34310076.4,0,Normal,No action needed,7
CUST020196,Affluent,0.0,,0,12415426.97,0,Normal,No action needed,7
CUST012546,Affluent,0.0,,0,20134923.92,0,Normal,No action needed,7
CUST041246,Mass,0.0022051282051282,Low,0,8228232.880000001,0,Normal,No action needed,7
CUST023548,Affluent,0.185008138352087,Low,0,10153809.56,0,Normal,No action needed,7
CUST014063,Mass,4.1666666666666665e-05,Low,0,4389976.15,0,Normal,No action needed,7
CUST025216,Affluent,0.0,,0,20525448.21,0,Normal,No action needed,7
CUST014683,Mass,0.0015324074074074,Low,0,4208512.12,0,Normal,No action needed,7
CUST044953,Mass,0.0,,0,7138210.7700000005,0,Normal,No action needed,7
CUST044965,Mass,0.0025,Low,0,4944864.649999999,0,Normal,No action needed,7
CUST013226,Mass,0.000254691689008,Low,0,6412501.82,0,Normal,No action needed,7
CUST018698,Mass,0.2242858003535107,Low,0,5633120.779999999,0,Normal,No action needed,7
CUST049712,Mass,0.0016935483870967,Low,0,5140051.98,0,Normal,No action needed,7
CUST004771,Mass,0.0001070663811563,Low,0,3071956.67,0,Normal,No action needed,7
CUST037886,Mass,0.1294951342336049,Low,0,10015500.62,0,Normal,No action needed,7
CUST009919,Ultra HNI,0.2169261592466067,Low,0,63861500.44,1,High frequency trader,Flag for algo trading review — separate model needed,7
CUST016838,Mass,0.1523811714472778,Low,0,1435512.24,0,Normal,No action needed,7
CUST045008,Mass,0.005451998001998,Low,0,4619365.27,0,Normal,No action needed,7
CUST046199,Mass,0.0,,0,8758687.32,0,Normal,No action needed,7
CUST041313,HNI,0.0034782608695652,Low,0,36714137.29,0,Normal,No action needed,7
CUST031936,Affluent,0.0026190476190476,Low,0,12518302.23,0,Normal,No action needed,7
CUST045280,Ultra HNI,0.0033922466422466,Low,0,79516777.07000001,1,High frequency trader,Flag for algo trading review — separate model needed,7
CUST042057,Mass,0.0040263270655195,Low,0,5471119.39,0,Normal,No action needed,7
CUST007911,Mass,0.1808054071238812,Low,0,6441522.81,0,Normal,No action needed,7
CUST045644,Mass,0.2139558723527124,Low,0,5309953.28,0,Normal,No action needed,7
CUST033582,Affluent,0.0,,0,22851317.04,0,Normal,No action needed,7
CUST048809,Mass,0.0011222866614791,Low,0,8745041.22,0,Normal,No action needed,7
CUST040155,Affluent,0.0,,0,17497274.01,0,Normal,No action needed,7
CUST020954,Mass,0.0,,0,3404846.7800000003,0,Normal,No action needed,7
CUST004225,Affluent,0.0003867403314917,Low,0,17815627.01,0,Normal,No action needed,7
CUST015755,HNI,8.624302261260205e-05,Low,0,36998822.45,0,Normal,No action needed,7
CUST021292,Mass,0.1244095606162949,Low,0,6686517.34,0,Normal,No action needed,7
CUST013581,Mass,0.1840252299363858,Low,0,3929541.35,0,Normal,No action needed,7
CUST014662,Mass,0.0003125,Low,0,4450490.0,0,Normal,No action needed,7
CUST034238,Affluent,0.1232996722894196,Low,0,13703082.87,0,Normal,No action needed,7
CUST018935,Mass,0.0034775641025641,Low,0,6909919.83,0,Normal,No action needed,7
CUST028534,Mass,0.0013333333333333,Low,0,3794088.6,0,Normal,No action needed,7
CUST032428,Mass,0.0070694336089873,Low,0,3270701.81,0,Normal,No action needed,7
CUST017377,Affluent,0.00032877882152,Low,0,12724966.61,0,Normal,No action needed,7
CUST018904,Affluent,0.0015780998389694,Low,0,8872228.95,0,Normal,No action needed,7
CUST006256,Affluent,0.0,,0,20347743.01,0,Normal,No action needed,7
CUST011036,Mass,0.0017058612010068,Low,0,2619847.34,0,Normal,No action needed,7
CUST049018,Mass,0.0,,0,3985626.81,0,Normal,No action needed,7
CUST022469,HNI,0.16456019791454,Low,0,34748995.96,0,Normal,No action needed,7
CUST001785,Mass,0.0,,0,5215499.66,0,Normal,No action needed,7
CUST041378,Mass,0.0025502481993381,Low,0,5463391.37,0,Normal,No action needed,7
CUST049230,Affluent,0.2233713873904168,Low,0,9160725.21,0,Normal,No action needed,7
CUST022054,Mass,0.0001923076923076,Low,0,9369012.83,0,Normal,No action needed,7
CUST008686,Mass,0.1240184277864827,Low,0,6148867.52,0,Normal,No action needed,7
CUST010331,Affluent,0.0008333333333333,Low,0,30353483.27,0,Normal,No action needed,7
CUST047213,Mass,1.607717041800643e-05,Low,0,6264980.8100000005,0,Normal,No action needed,7
CUST019670,Mass,0.2017718532974952,Low,0,3334169.96,0,Normal,No action needed,7
CUST036158,Affluent,0.0002380952380952,Low,0,12466774.91,0,Normal,No action needed,7
CUST028459,Affluent,0.0033640552995391,Low,0,14881151.26,0,Normal,No action needed,7
CUST033219,Mass,0.0,,0,6118672.68,0,Normal,No action needed,7
CUST017221,Mass,0.0737717119790148,Low,1,4156481.71,0,Normal,No action needed,7
CUST035983,Affluent,0.0,,0,15929140.23,0,Normal,No action needed,7
CUST036740,Mass,0.0022303921568627,Low,0,8422997.9,0,Normal,No action needed,7
CUST015962,Mass,0.0017499999999999,Low,0,5303524.85,0,Normal,No action needed,7
CUST002165,Mass,0.1717941618082608,Low,0,5181632.38,0,Normal,No action needed,7
CUST030045,Mass,0.0004567307692307,Low,0,7053079.97,0,Normal,No action needed,7
CUST042325,HNI,0.0015192307692307,Low,0,29175045.52,0,Normal,No action needed,7
CUST009631,Affluent,0.0058269653575212,Low,0,17857265.09,0,Normal,No action needed,7
CUST025118,HNI,0.0,,0,29124330.11,0,Normal,No action needed,7
CUST004262,Mass,0.0009375,Low,0,3892311.38,0,Normal,No action needed,7
CUST048037,HNI,0.0,,0,30918742.14,0,Normal,No action needed,7
CUST013132,Mass,0.1718991621758115,Low,1,7182004.080000001,0,Normal,No action needed,7
CUST003420,Mass,0.2155711503977172,Low,0,6357383.91,0,Normal,No action needed,7
CUST035378,Mass,0.0042092670401493,Low,0,4398017.39,0,Normal,No action needed,7
CUST009954,Mass,0.0004487179487179,Low,0,6758174.16,0,Normal,No action needed,7
CUST034076,Mass,0.0033339598997493,Low,0,7559056.21,0,Normal,No action needed,7
CUST013641,Mass,0.1990396791942349,Low,0,6680416.18,0,Normal,No action needed,7
CUST041272,HNI,0.0,,0,37978915.34,0,Normal,No action needed,7
CUST032317,Mass,0.1805051181429152,Low,0,2962598.38,0,Normal,No action needed,7
CUST014214,Mass,0.1377948450842009,Low,0,4848105.92,0,Normal,No action needed,7
CUST031394,Mass,0.0,,0,5140334.02,0,Normal,No action needed,7
CUST039538,Affluent,0.0004166666666666,Low,0,20818193.39,0,Normal,No action needed,7
CUST006570,Affluent,0.121336210688194,Low,0,13980614.2,0,Normal,No action needed,7
CUST042091,Mass,0.0,,0,6054046.01,0,Normal,No action needed,7
CUST013449,Mass,0.0092183515830574,Low,0,3094973.07,0,Normal,No action needed,7
CUST049391,Affluent,0.0828607028503626,Low,0,16232475.01,0,Normal,No action needed,7
CUST031555,Affluent,0.00375,Low,0,16273193.05,0,Normal,No action needed,7
CUST033023,Affluent,0.2252069445904903,Low,0,14351267.010000002,0,Normal,No action needed,7
CUST033711,HNI,0.0,,0,41143447.51,0,Normal,No action needed,7
CUST046356,Mass,0.0017857142857142,Low,0,10472394.69,0,Normal,No action needed,7
CUST015269,Affluent,0.0002272727272727,Low,0,16081525.41,0,Normal,No action needed,7
CUST037488,Ultra HNI,0.0008333333333333,Low,0,64298905.08,1,High frequency trader,Flag for algo trading review — separate model needed,7
CUST000904,Mass,0.0022052401746724,Low,0,7400263.24,0,Normal,No action needed,7
CUST032729,Mass,0.0002941176470588,Low,0,6267296.43,0,Normal,No action needed,7
CUST046535,Mass,0.0,,0,6429251.79,0,Normal,No action needed,7
CUST032492,Mass,0.0014,Low,0,3829943.74,0,Normal,No action needed,7
CUST042353,Mass,0.0,,0,6905996.44,0,Normal,No action needed,7
CUST040445,Affluent,0.1305262827770492,Low,0,7748271.07,0,Normal,No action needed,7
CUST030031,Mass,0.0082239874928786,Low,0,6601775.68,0,Normal,No action needed,7
CUST036779,HNI,0.2194488946754007,Low,0,33944081.05,0,Normal,No action needed,7
CUST004595,Mass,0.0037508417508417,Low,0,5111895.49,0,Normal,No action needed,7
CUST031923,Affluent,0.0,,0,19193322.6,0,Normal,No action needed,7
CUST041955,Mass,0.0047789882396659,Low,0,3371321.65,0,Normal,No action needed,7
CUST049268,Mass,0.0,,0,3900869.54,0,Normal,No action needed,7
CUST017832,Affluent,0.2077512269457682,Low,0,14217164.25,0,Normal,No action needed,7
CUST044457,Mass,6.134969325153375e-05,Low,0,6103034.5,0,Normal,No action needed,7
CUST025986,Ultra HNI,0.1600041505144385,Low,0,54971071.88,1,High frequency trader,Flag for algo trading review — separate model needed,7
CUST011907,HNI,0.1488347462214844,Low,0,40596824.46,0,Normal,No action needed,7
CUST040944,Mass,0.0,,0,7241219.649999999,0,Normal,No action needed,7
CUST006936,Affluent,0.00032877882152,Low,0,11879200.09,0,Normal,No action needed,7
CUST001831,Mass,0.0,,0,4619891.12,0,Normal,No action needed,7
CUST046377,Mass,0.0,,0,4877373.06,0,Normal,No action needed,7
CUST004559,Mass,0.0906687595509883,Low,1,5358407.82,0,Normal,No action needed,7
CUST012718,Mass,0.0009456562266964,Low,0,6318727.32,0,Normal,No action needed,7
CUST042531,Affluent,0.0020588235294117,Low,0,12480648.03,0,Normal,No action needed,7
CUST015066,Affluent,0.1340756590017849,Low,0,18293211.08,0,Normal,No action needed,7
CUST041138,Mass,0.0005544450790024,Low,0,5312014.47,0,Normal,No action needed,7
CUST006061,Affluent,0.0007142857142857,Low,0,11709108.82,0,Normal,No action needed,7
CUST018121,Affluent,0.0,,0,17534030.81,0,Normal,No action needed,7
CUST021231,HNI,0.0008555286521388,Low,0,26249566.88,0,Normal,No action needed,7
CUST025633,HNI,0.0001388888888888,Low,0,34621154.68,0,Normal,No action needed,7
CUST003843,Mass,0.1870478974838442,Low,0,11923101.4,0,Normal,No action needed,7
CUST032917,Mass,0.0002302647951819,Low,0,5213968.18,0,Normal,No action needed,7
CUST014382,Mass,0.0005964912280701,Low,0,7556912.56,0,Normal,No action needed,7
CUST049568,Affluent,0.0,,0,16199307.93,0,Normal,No action needed,7
CUST026867,Affluent,0.0,,0,17408033.31,0,Normal,No action needed,7
CUST023752,Mass,0.0055504385964912,Low,0,9047393.8,0,Normal,No action needed,7
CUST012887,Affluent,0.0001851851851851,Low,0,13964213.1,0,Normal,No action needed,7
CUST034501,HNI,0.1197794921888887,Low,0,31995998.57,0,Normal,No action needed,7
CUST011243,Mass,0.0042064393939393,Low,0,4103135.23,0,Normal,No action needed,7
CUST004910,Mass,0.0021938485087656,Low,0,8288789.3,0,Normal,No action needed,7
CUST037686,Mass,0.000625,Low,0,7303116.99,0,Normal,No action needed,7
CUST047235,Mass,0.0042949832456396,Low,0,8130824.8,0,Normal,No action needed,7
CUST039363,Mass,0.0012088815789473,Low,0,5724973.26,0,Normal,No action needed,7
CUST030235,Mass,0.1325844239616769,Low,0,9000395.68,0,Normal,No action needed,7
CUST047695,Mass,0.1836170523127132,Low,0,4566249.46,0,Normal,No action needed,7
CUST041747,Mass,0.0020775058275058,Low,0,7008799.140000001,0,Normal,No action needed,7
CUST032280,Mass,0.00125,Low,0,3017360.7800000003,0,Normal,No action needed,7
CUST034099,Mass,0.1955973027637433,Low,1,9533642.48,0,Normal,No action needed,7
CUST021568,HNI,0.0032658075505934,Low,0,26132154.14,0,Normal,No action needed,7
CUST012198,Ultra HNI,0.0069494179192455,Low,0,78711601.32000001,1,High frequency trader,Flag for algo trading review — separate model needed,7
CUST014029,HNI,0.0,,0,44376934.47,0,Normal,No action needed,7
CUST006784,HNI,0.160808490246847,Low,0,31231896.41,0,Normal,No action needed,7
CUST025497,Mass,0.0014077669902912,Low,0,11363436.33,0,Normal,No action needed,7
CUST001447,Mass,6.493506493506494e-05,Low,0,6868987.79,0,Normal,No action needed,7
CUST004302,Affluent,0.2086935692086578,Low,0,23342050.6,0,Normal,No action needed,7
CUST001665,Mass,0.0,,0,4368331.71,0,Normal,No action needed,7
CUST020397,Mass,0.0061522040578017,Low,0,11737075.920000002,0,Normal,No action needed,7
CUST007541,HNI,0.1275698048284828,Low,0,30460844.0,0,Normal,No action needed,7
CUST013494,Affluent,0.165385463301248,Low,0,15410611.48,0,Normal,No action needed,7
CUST002496,Affluent,0.000625,Low,0,12513505.54,0,Normal,No action needed,7
CUST037954,Mass,0.1210035822030285,Low,1,2350992.63,0,Normal,No action needed,7
CUST004144,Mass,0.0001072607260726,Low,0,8953918.65,0,Normal,No action needed,7
CUST042583,Affluent,0.1312181529065152,Low,0,19007735.1,0,Normal,No action needed,7
CUST019743,Ultra HNI,0.0070798691563309,Low,0,94839674.21,1,High frequency trader,Flag for algo trading review — separate model needed,7
CUST023621,Affluent,2.9585798816568047e-05,Low,0,30322002.4,0,Normal,No action needed,7
CUST049175,Mass,0.0002,Low,0,7881648.350000001,0,Normal,No action needed,7
CUST020828,Affluent,0.2232532345005994,Low,0,11298800.61,0,Normal,No action needed,7
CUST015086,Affluent,0.0890118065636857,Low,0,12441726.82,0,Normal,No action needed,7
CUST022592,HNI,0.0002833333333333,Low,0,38302118.47,0,Normal,No action needed,7
CUST006626,Mass,0.0,,0,4803135.75,0,Normal,No action needed,7
CUST046463,Mass,0.0008690934233573,Low,0,10962001.66,0,Normal,No action needed,7
CUST003422,Mass,0.0007912788516599,Low,0,6421118.21,0,Normal,No action needed,7
CUST048968,Affluent,0.1190834920526077,Low,0,11097542.07,0,Normal,No action needed,7
CUST009446,Mass,0.0023294829482948,Low,0,14960295.31,0,Normal,No action needed,7
CUST018545,Mass,0.2056357349314495,Low,0,3760668.75,0,Normal,No action needed,7
CUST009250,Affluent,0.0006185383244206,Low,0,14197265.71,0,Normal,No action needed,7
CUST006418,Mass,0.1611518007930991,Low,0,3190312.41,0,Normal,No action needed,7
CUST019725,Mass,0.1232066206793359,Low,1,7690834.479999999,0,Normal,No action needed,7
CUST041055,Mass,0.1279562329436494,Low,1,6099011.76,0,Normal,No action needed,7
CUST038109,Affluent,0.0037037037037037,Low,0,13179440.12,0,Normal,No action needed,7
CUST043976,Mass,0.0024404761904761,Low,0,5324155.01,0,Normal,No action needed,7
CUST018873,Mass,0.0,,0,4946994.07,0,Normal,No action needed,7
CUST045853,HNI,0.0,,0,43383158.74,0,Normal,No action needed,7
CUST021315,Mass,0.1092480794798529,Low,0,8089836.729999999,0,Normal,No action needed,7
CUST018598,Mass,0.1154935908834255,Low,0,2442103.02,0,Normal,No action needed,7
CUST036784,HNI,0.0036583333333333,Low,0,36135296.1,0,Normal,No action needed,7
CUST042037,Affluent,0.1161409694603474,Low,0,8044353.54,0,Normal,No action needed,7
CUST038115,Affluent,0.0,,0,15260019.83,0,Normal,No action needed,7
CUST044948,Mass,0.0022970085470085,Low,0,2967026.52,0,Normal,No action needed,7
CUST026725,Mass,6.134969325153375e-05,Low,0,6255009.09,0,Normal,No action needed,7
CUST012789,HNI,0.1804737916180375,Low,0,34155150.79,0,Normal,No action needed,7
CUST035429,Mass,0.0,,0,6270446.45,0,Normal,No action needed,7
CUST006194,Mass,0.000254691689008,Low,0,16811461.02,0,Normal,No action needed,7
CUST013199,Mass,0.0070194572724354,Low,0,2860657.64,0,Normal,No action needed,7
CUST030834,Mass,0.1590950890687633,Low,0,2434469.59,0,Normal,No action needed,7
CUST022709,Affluent,0.0003333333333333,Low,0,8796850.15,0,Normal,No action needed,7
CUST037963,Mass,0.0821051039000898,Low,0,3152422.5,0,Normal,No action needed,7
CUST016466,Affluent,0.0048482593410005,Low,0,19041440.91,0,Normal,No action needed,7
CUST043616,Affluent,0.0005,Low,0,11308529.1,0,Normal,No action needed,7
CUST010417,Affluent,0.0023724181142511,Low,0,17245809.310000002,0,Normal,No action needed,7
CUST014115,Affluent,0.0067364893171344,Low,0,26690547.89,0,Normal,No action needed,7
CUST033390,Mass,0.1052778340403814,Low,1,6658778.949999999,0,Normal,No action needed,7
CUST049766,Mass,0.000782208588957,Low,0,8323300.449999999,0,Normal,No action needed,7
CUST023962,Mass,0.0062989581797631,Low,0,19484078.880000003,0,Normal,No action needed,7
CUST032210,HNI,0.0018217948717948,Low,0,56309950.87,0,Normal,No action needed,7
CUST005437,Affluent,0.0010144927536231,Low,0,17001926.98,0,Normal,No action needed,7
CUST043693,Affluent,0.0,,0,18288229.15,0,Normal,No action needed,7
CUST033408,Affluent,0.1456739967301702,Low,0,13429255.54,0,Normal,No action needed,7
CUST032587,Ultra HNI,0.0030703703703703,Low,0,76956528.82,1,High frequency trader,Flag for algo trading review — separate model needed,7
CUST030104,HNI,0.2000308361873827,Low,0,51244666.73,0,Normal,No action needed,7
CUST033683,Affluent,0.1363498533597346,Low,0,9835700.46,0,Normal,No action needed,7
CUST007562,Affluent,0.1531337513189638,Low,0,10974081.01,0,Normal,No action needed,7
CUST032650,HNI,0.1126020305708568,Low,0,26198784.99,0,Normal,No action needed,7
CUST045960,Affluent,0.0,,0,19437665.6,0,Normal,No action needed,7
CUST022978,Mass,0.00112877882152,Low,0,5107500.09,0,Normal,No action needed,7
CUST026519,Ultra HNI,0.0028456221198156,Low,0,64427367.31,1,High frequency trader,Flag for algo trading review — separate model needed,7
CUST045104,Affluent,0.0016071428571428,Low,0,19965032.13,0,Normal,No action needed,7
CUST048019,Mass,0.001407208588957,Low,0,6239768.82,0,Normal,No action needed,7
CUST037932,Mass,0.0043695195469492,Low,0,3786566.67,0,Normal,No action needed,7
CUST024694,Ultra HNI,0.0100716911764705,Low,0,79412161.03999999,1,High frequency trader,Flag for algo trading review — separate model needed,7
CUST031213,HNI,0.0008620689655172,Low,0,43727897.68,1,Other anomaly,No action needed,7
CUST011383,Affluent,0.0028846153846153,Low,0,15312100.52,0,Normal,No action needed,7
CUST035701,HNI,0.0,,0,41647127.82,0,Normal,No action needed,7
CUST017236,Mass,0.0,,0,4613055.12,0,Normal,No action needed,7
CUST032515,Affluent,0.1709928931182757,Low,0,17705429.2,0,Normal,No action needed,7
CUST017056,Affluent,0.0,,0,15752243.31,0,Normal,No action needed,7
CUST011380,Affluent,0.0,,0,14814818.08,0,Normal,No action needed,7
CUST032113,Mass,0.0066782479899814,Low,0,5743430.12,0,Normal,No action needed,7
CUST004623,Mass,0.0021891534391534,Low,0,5224672.11,0,Normal,No action needed,7
CUST043061,Affluent,0.0028910220214568,Low,0,17669583.71,0,Normal,No action needed,7
CUST037816,Mass,0.0025771299197682,Low,0,5652415.38,0,Normal,No action needed,7
CUST034781,Mass,0.0001072607260726,Low,0,7529806.4,0,Normal,No action needed,7
CUST008253,Mass,0.0007478632478632,Low,0,5543851.56,0,Normal,No action needed,7
CUST022937,HNI,0.0025199362041467,Low,0,31574410.49,0,Normal,No action needed,7
CUST025259,HNI,0.1879032843940541,Low,0,39357353.33,0,Normal,No action needed,7
CUST032021,Affluent,0.0006399048884537,Low,0,20311044.51,0,Normal,No action needed,7
CUST041505,Mass,0.0013142857142857,Low,0,4006030.28,0,Normal,No action needed,7
CUST035638,Affluent,0.0002197802197802,Low,0,18664398.03,0,Normal,No action needed,7
CUST048760,Mass,0.0034502385821404,Low,0,4669711.76,0,Normal,No action needed,7
CUST032960,HNI,0.0,,0,40291742.41,1,Other anomaly,No action needed,7
CUST006697,Mass,0.001358232874091,Low,0,5832502.76,0,Normal,No action needed,7
CUST021753,Affluent,0.0,,0,16412653.65,0,Normal,No action needed,7
CUST001593,Mass,0.143400695057724,Low,0,5443137.279999999,0,Normal,No action needed,7
CUST022195,Mass,0.1003172418532329,Low,0,1766558.76,0,Normal,No action needed,7
CUST049158,Mass,0.0051148638942756,Low,0,11317229.25,0,Normal,No action needed,7
CUST003051,Mass,0.0021413438256658,Low,0,7999209.920000001,0,Normal,No action needed,7
CUST032010,Mass,0.0004420289855072,Low,0,8095387.2,0,Normal,No action needed,7
CUST049381,Mass,0.0,,0,4190544.77,0,Normal,No action needed,7
CUST030278,Mass,0.2449172541184573,Low,1,5513626.09,0,Normal,No action needed,7
CUST034450,Mass,0.0006325105661327,Low,0,7037879.63,0,Normal,No action needed,7
CUST045459,Affluent,0.0013043478260869,Low,0,24325382.4,0,Normal,No action needed,7
CUST018997,Affluent,0.00032877882152,Low,0,21986745.34,0,Normal,No action needed,7
CUST002150,Mass,0.240753700467035,Low,0,3581410.2,0,Normal,No action needed,7
CUST000810,Mass,0.0004720483658414,Low,0,6254659.47,0,Normal,No action needed,7
CUST008526,HNI,0.0006980519480519,Low,0,40840698.62,0,Normal,No action needed,7
CUST022521,Affluent,0.1837669337688671,Low,0,13621906.41,0,Normal,No action needed,7
CUST019894,Affluent,0.2031396251658586,Low,0,15389846.12,0,Normal,No action needed,7
CUST005842,Affluent,0.000625,Low,0,18003001.45,0,Normal,No action needed,7
CUST022189,HNI,0.0029761904761904,Low,0,45623007.68,0,Normal,No action needed,7
CUST004439,Affluent,0.0,,0,14785397.57,0,Normal,No action needed,7
CUST029169,Affluent,0.0007692307692307,Low,0,10736925.7,0,Normal,No action needed,7
CUST025310,Mass,0.0024812030075187,Low,0,7023678.25,0,Normal,No action needed,7
CUST044032,Affluent,0.0004411764705882,Low,0,16551302.04,0,Normal,No action needed,7
CUST045274,Mass,0.0016666666666666,Low,0,6734498.529999999,0,Normal,No action needed,7
CUST011998,Affluent,0.0061805555555555,Low,0,27956406.4,0,Normal,No action needed,7
CUST025340,Affluent,0.0063549857549857,Low,0,22741014.52,0,Normal,No action needed,7
CUST006069,Mass,0.0,,0,9606978.74,0,Normal,No action needed,7
CUST008626,Mass,0.0098063340168603,Low,0,4919198.07,0,Normal,No action needed,7
CUST047130,Mass,0.0015823287142305,Low,0,14163210.340000002,0,Normal,No action needed,7
CUST004876,Mass,0.0003333333333333,Low,0,7772980.81,0,Normal,No action needed,7
CUST026824,Mass,0.0,,0,5539540.49,0,Normal,No action needed,7
CUST006298,Mass,0.0,,0,3358865.03,0,Normal,No action needed,7
CUST021841,HNI,0.0006040669856459,Low,0,54810333.65,0,Normal,No action needed,7
CUST016044,Mass,1.607717041800643e-05,Low,0,6706321.12,0,Normal,No action needed,7
CUST041403,Affluent,0.0001412429378531,Low,0,16140255.29,0,Normal,No action needed,7
CUST007371,Mass,0.0,,0,5651264.07,0,Normal,No action needed,7
CUST020670,Mass,0.001764304888544,Low,0,8513571.63,0,Normal,No action needed,7
CUST034758,Mass,0.0003489048142671,Low,0,10128606.2,0,Normal,No action needed,7
CUST049446,Mass,0.0001289134438305,Low,0,11136022.68,0,Normal,No action needed,7
CUST029550,Mass,0.230178034413706,Low,1,8842517.77,0,Normal,No action needed,7
CUST017205,Mass,0.0034615384615384,Low,0,3885123.35,0,Normal,No action needed,7
CUST021312,HNI,0.003719806763285,Low,0,29282207.43,0,Normal,No action needed,7
CUST047448,HNI,0.0006404761904761,Low,0,42562160.35,0,Normal,No action needed,7
CUST008943,Mass,0.0030869565217391,Low,0,7937659.47,0,Normal,No action needed,7
CUST017454,Mass,6.493506493506494e-05,Low,0,4969650.07,0,Normal,No action needed,7
CUST009636,Mass,0.0,,0,9549742.15,0,Normal,No action needed,7
CUST008061,Mass,0.0,,0,5330432.8100000005,0,Normal,No action needed,7
CUST018420,Mass,0.0,,0,6422080.7,0,Normal,No action needed,7
CUST033466,Mass,0.0,,0,7990725.22,0,Normal,No action needed,7
CUST033243,HNI,0.00036541005291,Low,0,46848658.02,0,Normal,No action needed,7
CUST046360,Mass,0.0,,0,4318520.35,0,Normal,No action needed,7
CUST026141,Mass,0.0056597222222222,Low,0,7160649.83,0,Normal,No action needed,7
CUST029039,Mass,0.0013157894736842,Low,0,5388157.99,0,Normal,No action needed,7
CUST028823,HNI,0.0036492790500424,Low,0,47293592.76,0,Normal,No action needed,7
CUST004881,Affluent,0.0008496732026143,Low,0,22233820.3,0,Normal,No action needed,7
CUST002620,Mass,0.013300256760783,Low,0,3540707.34,0,Normal,No action needed,7
CUST011120,Affluent,0.0947540751921866,Low,0,13476114.25,0,Normal,No action needed,7
CUST027177,Mass,0.1695985612185249,Low,0,5750296.24,0,Normal,No action needed,7
CUST030629,Ultra HNI,0.0046545284780578,Low,0,85020990.18,1,High frequency trader,Flag for algo trading review — separate model needed,7
CUST017228,Mass,0.1467871339276843,Low,0,4308880.73,0,Normal,No action needed,7
CUST042084,Affluent,0.0038197097020626,Low,0,24117978.95,0,Normal,No action needed,7
CUST013988,Mass,0.0011437908496732,Low,0,10395877.91,0,Normal,No action needed,7
CUST023882,Affluent,0.0012142857142857,Low,0,16794862.02,0,Normal,No action needed,7
CUST013936,Ultra HNI,0.0040289929854474,Low,0,68568461.94,1,High frequency trader,Flag for algo trading review — separate model needed,7
CUST019829,Mass,0.2648578567539394,Low,0,4082988.59,0,Normal,No action needed,7
CUST045070,Mass,0.006680960548885,Low,0,6092516.88,0,Normal,No action needed,7
CUST017799,Affluent,0.2102186730811767,Low,0,12845004.57,0,Normal,No action needed,7
CUST030826,Affluent,0.0011904761904761,Low,0,13286782.36,0,Normal,No action needed,7
CUST035123,HNI,0.0029906316593623,Low,0,48710480.68,0,Normal,No action needed,7
CUST020416,Mass,0.0,,0,4511322.390000001,0,Normal,No action needed,7
CUST031985,Affluent,0.0015742403314917,Low,0,24369825.88,0,Normal,No action needed,7
CUST030690,HNI,0.1563817978913511,Low,0,42145076.07,0,Normal,No action needed,7
CUST028794,Affluent,0.0010312426591496,Low,0,19409125.83,0,Normal,No action needed,7
CUST026554,Affluent,0.0,,0,21758689.41,0,Normal,No action needed,7
CUST005757,Mass,4.1666666666666665e-05,Low,0,4455201.81,0,Normal,No action needed,7
CUST015799,Mass,0.0021018518518518,Low,0,4422643.63,0,Normal,No action needed,7
CUST013426,Affluent,0.136785611370852,Low,0,11846008.99,0,Normal,No action needed,7
CUST014840,Affluent,0.0,,0,17731379.44,0,Normal,No action needed,7
CUST004513,Mass,0.0036784949525848,Low,0,3658064.97,0,Normal,No action needed,7
CUST049277,Mass,0.0004976851851851,Low,0,4238515.11,0,Normal,No action needed,7
CUST005177,Affluent,0.0,,0,20060803.88,0,Normal,No action needed,7
CUST028243,Mass,0.0056231884057971,Low,0,4811395.41,0,Normal,No action needed,7
CUST033145,Affluent,0.0,,0,15975468.63,0,Normal,No action needed,7
CUST042036,Affluent,0.0001412429378531,Low,0,15051425.03,0,Normal,No action needed,7
CUST018987,Mass,0.00125,Low,0,6298237.54,0,Normal,No action needed,7
CUST047158,HNI,0.0023076923076923,Low,0,30702413.07,0,Normal,No action needed,7
CUST025797,Mass,0.0020327669902912,Low,0,11945518.1,0,Normal,No action needed,7
CUST038365,Ultra HNI,0.0318043622078331,Low,0,77572879.6,1,High frequency trader,Flag for algo trading review — separate model needed,7
CUST012261,Mass,0.002128539707419,Low,0,6103359.18,0,Normal,No action needed,7
CUST026626,Affluent,0.0012,Low,0,14074355.14,0,Normal,No action needed,7
CUST027534,HNI,0.1077313835661642,Low,0,31755964.35,0,Normal,No action needed,7
CUST041220,Ultra HNI,0.0,,0,99334492.33,1,High frequency trader,Flag for algo trading review — separate model needed,7
CUST044792,Affluent,0.0,,0,22141804.79,0,Normal,No action needed,7
CUST014087,Affluent,0.0004976851851851,Low,0,14748723.750000002,0,Normal,No action needed,7
CUST003613,Mass,0.0036935483870967,Low,0,5771182.7,0,Normal,No action needed,7
CUST025038,Mass,0.0005034000637811,Low,0,5551969.07,0,Normal,No action needed,7
CUST022870,Mass,0.0004411764705882,Low,0,4831107.7,0,Normal,No action needed,7
CUST036092,Mass,0.0020039134438305,Low,0,4574228.84,0,Normal,No action needed,7
CUST021197,HNI,0.000806657223796,Low,0,42415931.36,0,Normal,No action needed,7
CUST011940,Mass,0.0,,0,9284379.52,0,Normal,No action needed,7
CUST015985,Mass,0.0006393298059964,Low,0,13436140.09,0,Normal,No action needed,7
CUST037959,HNI,0.0,,0,33567476.11,0,Normal,No action needed,7
CUST009910,Mass,0.2989841519876467,Low,0,3657808.09,0,Normal,No action needed,7
CUST039649,Mass,0.0002777777777777,Low,0,7918371.850000001,0,Normal,No action needed,7
CUST000724,Affluent,0.0005,Low,0,12508924.44,0,Normal,No action needed,7
CUST009594,Mass,0.001258504610197,Low,0,6171587.97,0,Normal,No action needed,7
CUST038134,Affluent,0.0010416666666666,Low,0,24886998.59,0,Normal,No action needed,7
CUST005061,HNI,0.0001412429378531,Low,0,41449747.96,0,Normal,No action needed,7
CUST011192,Mass,0.0001070663811563,Low,0,8889631.74,0,Normal,No action needed,7
CUST043237,HNI,0.0024007936507936,Low,0,39002238.02,1,Other anomaly,No action needed,7
CUST000247,HNI,0.0056229946524064,Low,0,34022639.54,0,Normal,No action needed,7
CUST003501,Mass,0.0020588235294117,Low,0,4189856.96,0,Normal,No action needed,7
CUST024987,Mass,0.0002941176470588,Low,0,5469174.12,0,Normal,No action needed,7
CUST036039,HNI,0.0,,0,39944256.44,0,Normal,No action needed,7
CUST009970,Affluent,0.0,,0,10906492.5,0,Normal,No action needed,7
CUST030379,Affluent,0.0004347826086956,Low,0,18910355.48,0,Normal,No action needed,7
CUST046459,Mass,0.1747100485072202,Low,0,5195751.41,0,Normal,No action needed,7
CUST016873,Affluent,0.1311593848349287,Low,0,22345952.15,0,Normal,No action needed,7
CUST006223,Mass,0.0007655714809337,Low,0,8514660.14,0,Normal,No action needed,7
CUST012924,HNI,0.1763100057072121,Low,0,29560110.700000003,0,Normal,No action needed,7
CUST037753,Affluent,0.1602821312924528,Low,0,15125689.52,0,Normal,No action needed,7
CUST017251,Affluent,0.0038125,Low,0,16480462.83,0,Normal,No action needed,7
CUST032835,Affluent,0.0,,0,17027978.61,0,Normal,No action needed,7
CUST004897,HNI,0.002056657223796,Low,0,32998366.03,0,Normal,No action needed,7
CUST011477,Mass,0.0020201238390092,Low,0,5017656.53,0,Normal,No action needed,7
CUST037295,Mass,0.159560757620877,Low,0,3671326.76,0,Normal,No action needed,7
CUST020470,Mass,0.0001010101010101,Low,0,5936295.93,0,Normal,No action needed,7
CUST026452,Mass,0.0005680588058116,Low,0,6720641.92,0,Normal,No action needed,7
CUST022380,HNI,0.0003571428571428,Low,0,29083092.94,0,Normal,No action needed,7
CUST022729,HNI,0.1526602750913481,Low,0,30361596.53,0,Normal,No action needed,7
CUST043498,Mass,0.001098901098901,Low,0,13102856.75,0,Normal,No action needed,7
CUST041646,Affluent,0.0007142857142857,Low,0,11200672.43,0,Normal,No action needed,7
CUST005513,Mass,0.0025590062111801,Low,0,7414294.43,0,Normal,No action needed,7
CUST017794,Mass,0.0049297753459556,Low,0,5015411.47,0,Normal,No action needed,7
CUST047084,Mass,0.0,,0,4425066.0200000005,0,Normal,No action needed,7
CUST005675,Mass,0.0003846153846153,Low,0,5374032.32,0,Normal,No action needed,7
CUST046724,Mass,0.0013333333333333,Low,0,4876212.81,0,Normal,No action needed,7
CUST045709,Mass,0.0,,0,5935769.72,0,Normal,No action needed,7
CUST015956,Mass,0.0,,0,5689404.57,0,Normal,No action needed,7
CUST013282,Mass,0.0001470588235294,Low,0,9749968.73,0,Normal,No action needed,7
CUST016319,Mass,0.004551392259586,Low,0,10189767.06,0,Normal,No action needed,7
CUST020361,Affluent,0.0005139640067052,Low,0,16009287.09,0,Normal,No action needed,7
CUST033501,Mass,0.2246565896176058,Low,0,2786862.88,0,Normal,No action needed,7
CUST019052,Mass,0.1314959361171367,Low,0,7808346.0,0,Normal,No action needed,7
CUST005830,Affluent,0.0041858237547892,Low,0,17503341.44,0,Normal,No action needed,7
CUST041318,Affluent,0.0,,0,16443420.41,0,Normal,No action needed,7
CUST022632,Mass,0.0031696428571428,Low,0,9721922.8,0,Normal,No action needed,7
CUST014806,Mass,0.00125,Low,0,5788587.09,0,Normal,No action needed,7
CUST038390,Affluent,0.0024789915966386,Low,0,22763496.33,0,Normal,No action needed,7
CUST016360,HNI,0.2642657936004223,Low,0,29965994.55,0,Normal,No action needed,7
CUST030436,HNI,0.0027804510623227,Low,0,37003422.31,0,Normal,No action needed,7
CUST030349,Affluent,0.0002601156069364,Low,0,18733981.97,0,Normal,No action needed,7
CUST046614,Mass,0.0011666666666666,Low,0,5490078.98,0,Normal,No action needed,7
CUST020384,Mass,0.1783680296856785,Low,0,4610085.1,0,Normal,No action needed,7
CUST047623,Affluent,0.1121043442211351,Low,0,18424079.34,0,Normal,No action needed,7
CUST032461,Mass,0.1679131929190109,Low,1,5896828.79,0,Normal,No action needed,7
CUST045710,Mass,0.0,,0,6394671.24,0,Normal,No action needed,7
CUST027778,Mass,0.0931289802911677,Low,0,7072573.51,0,Normal,No action needed,7
CUST029437,Ultra HNI,0.0083019182348465,Low,0,81652528.71,1,High frequency trader,Flag for algo trading review — separate model needed,7
CUST012493,Mass,0.0003367333971145,Low,0,8222001.52,0,Normal,No action needed,7
CUST031602,HNI,0.0045421547599406,Low,0,53046340.3,0,Normal,No action needed,7
CUST039323,Mass,0.1475631585866754,Low,1,8321397.0,0,Normal,No action needed,7
CUST013632,Affluent,0.0102749766573295,Low,0,24596002.87,0,Normal,No action needed,7
CUST007701,Mass,0.0004012345679012,Low,0,7930819.47,0,Normal,No action needed,7
CUST008392,Mass,2.824858757062147e-05,Low,0,6599398.93,0,Normal,No action needed,7
CUST031452,Affluent,0.0003854360453161,Low,0,16472422.58,0,Normal,No action needed,7
CUST034542,Affluent,0.0005882352941176,Low,0,20137478.65,0,Normal,No action needed,7
CUST024661,Mass,0.0007816486513517,Low,0,7411487.44,0,Normal,No action needed,7
CUST029030,Affluent,0.0,,0,18691520.61,0,Normal,No action needed,7
CUST038846,Mass,0.0,,0,8214379.640000001,0,Normal,No action needed,7
CUST007059,Affluent,0.001633126647607,Low,0,24044875.37,0,Normal,No action needed,7
CUST041921,Mass,0.0001072607260726,Low,0,11701044.23,0,Normal,No action needed,7
CUST007940,Mass,0.0158710962526751,Low,0,2505886.54,0,Normal,No action needed,7
CUST011668,Mass,0.002320077070077,Low,0,10553089.01,0,Normal,No action needed,7
CUST004927,Mass,0.1720132948613472,Low,0,4726561.39,0,Normal,No action needed,7
CUST006037,HNI,0.0002941176470588,Low,0,41508470.92,0,Normal,No action needed,7
CUST028845,Mass,0.191452468604488,Low,0,14378952.47,0,Normal,No action needed,7
CUST034474,Mass,0.0005544450790024,Low,0,4754178.9,0,Normal,No action needed,7
CUST016284,Mass,0.1086781086717134,Low,0,8335533.91,0,Normal,No action needed,7
CUST019042,Affluent,0.0003846153846153,Low,0,15009750.99,0,Normal,No action needed,7
CUST048414,HNI,0.0961857487153238,Low,0,35248437.86,0,Normal,No action needed,7
CUST007651,Affluent,0.0021777574277574,Low,0,14391662.41,0,Normal,No action needed,7
CUST002154,Affluent,0.1250108520156367,Low,1,13432500.12,0,Normal,No action needed,7
CUST001138,Mass,0.0021875,Low,0,4305691.350000001,0,Normal,No action needed,7
CUST009193,Mass,0.0022052401746724,Low,0,10045474.46,0,Normal,No action needed,7
CUST020117,HNI,0.2392559562516039,Low,0,33615380.47,0,Normal,No action needed,7
CUST038569,HNI,0.0048080870279146,Low,0,49885931.36,1,Other anomaly,No action needed,7
CUST034370,Mass,0.0004545454545454,Low,0,4038212.75,0,Normal,No action needed,7
CUST045922,Mass,0.0,,0,3966826.87,0,Normal,No action needed,7
CUST042591,HNI,0.0048370098039215,Low,0,34139064.54,0,Normal,No action needed,7
CUST001241,Mass,4.1666666666666665e-05,Low,0,4379684.61,0,Normal,No action needed,7
CUST024360,Ultra HNI,0.0125597652728659,Low,0,91018243.7,1,High frequency trader,Flag for algo trading review — separate model needed,7
CUST020188,Affluent,0.0,,0,11910043.01,0,Normal,No action needed,7
CUST006212,Mass,0.1937075109732998,Low,0,17056062.64,0,Normal,No action needed,7
CUST014937,Mass,0.0042720588235294,Low,0,7886073.9,0,Normal,No action needed,7
CUST027304,Mass,0.0042495723362658,Low,0,6667088.24,0,Normal,No action needed,7
CUST004007,Affluent,0.2508638536567311,Low,1,16587051.25,0,Normal,No action needed,7
CUST001313,Mass,0.2353104866842688,Low,0,3924673.39,0,Normal,No action needed,7
CUST032171,Affluent,0.2026453262592247,Low,0,15567943.19,0,Normal,No action needed,7
CUST019389,Mass,0.0,,0,7226909.890000001,0,Normal,No action needed,7
CUST047801,Mass,0.0019274568700584,Low,0,7083612.55,0,Normal,No action needed,7
CUST028326,Mass,0.001192191689008,Low,0,10446427.07,0,Normal,No action needed,7
CUST027468,Mass,0.1459624285506171,Low,0,9106393.77,0,Normal,No action needed,7
CUST029816,HNI,0.0124322994987468,Low,0,43572335.77,1,Other anomaly,No action needed,7
CUST019798,Affluent,0.1539635987559198,Low,0,16190792.7,0,Normal,No action needed,7
CUST012714,Mass,0.0003206562266964,Low,0,5533356.0,0,Normal,No action needed,7
CUST009373,Mass,0.00015625,Low,0,9570842.71,0,Normal,No action needed,7
CUST032970,Mass,0.0,,0,11855514.28,0,Normal,No action needed,7
CUST034759,Affluent,0.001,Low,0,21751427.18,0,Normal,No action needed,7
CUST006610,Mass,0.0001289134438305,Low,0,9517999.47,0,Normal,No action needed,7
CUST037356,Mass,0.002138463641334,Low,0,8201148.89,0,Normal,No action needed,7
CUST000435,Mass,0.0009937245903041,Low,0,7840091.05,0,Normal,No action needed,7
CUST001363,Affluent,0.1653643951856058,Low,0,15398793.87,0,Normal,No action needed,7
CUST005784,Mass,0.0023662736099119,Low,0,7762857.74,0,Normal,No action needed,7
CUST029097,Affluent,0.1180316473633339,Low,0,13974357.83,0,Normal,No action needed,7
CUST015361,Affluent,0.1506909293199023,Low,1,10681840.43,0,Normal,No action needed,7
CUST002758,Affluent,0.0054347826086956,Low,0,16888663.7,0,Normal,No action needed,7
CUST042698,Mass,9.09090909090909e-05,Low,0,13511939.93,0,Normal,No action needed,7
CUST014993,Affluent,0.0034999999999999,Low,0,15428725.61,0,Normal,No action needed,7
CUST037490,HNI,0.0068374650804991,Low,0,32048948.51,0,Normal,No action needed,7
CUST028152,Mass,0.0004449152542372,Low,0,6988175.220000001,0,Normal,No action needed,7
CUST028808,Mass,0.0024166666666666,Low,0,7348455.92,0,Normal,No action needed,7
CUST031806,HNI,0.0023399905571293,Low,0,46093044.84,0,Normal,No action needed,7
CUST031039,Mass,0.220787851210378,Low,0,2727264.24,0,Normal,No action needed,7
CUST017132,Mass,0.0003367333971145,Low,0,5795350.27,0,Normal,No action needed,7
CUST013716,Mass,0.1449218896563507,Low,0,13283147.23,0,Normal,No action needed,7
CUST011274,Mass,0.0021595149253731,Low,0,6809093.72,0,Normal,No action needed,7
CUST028055,HNI,0.1844731458597109,Low,0,30250680.75,0,Normal,No action needed,7
CUST048559,Mass,0.1683819757177055,Low,0,1909560.04,0,Normal,No action needed,7
CUST019675,Mass,0.1658288367977841,Low,0,3268310.14,0,Normal,No action needed,7
CUST010470,Mass,4.1666666666666665e-05,Low,0,4776695.5600000005,0,Normal,No action needed,7
CUST006360,Affluent,0.001801282051282,Low,0,19120665.73,0,Normal,No action needed,7
CUST024692,Mass,0.0001289134438305,Low,0,7864370.37,0,Normal,No action needed,7
CUST046438,Mass,0.0016935483870967,Low,0,6175065.67,0,Normal,No action needed,7
CUST005952,Mass,0.0108176764755712,Low,0,3466041.59,0,Normal,No action needed,7
CUST046829,Mass,0.0024404761904761,Low,0,5745736.36,0,Normal,No action needed,7
CUST007210,Mass,0.0022052401746724,Low,0,5894969.7700000005,0,Normal,No action needed,7
CUST035341,Mass,0.2439683519269949,Low,0,5619109.430000001,0,Normal,No action needed,7
CUST014400,Mass,0.0039783281733746,Low,0,8046941.22,0,Normal,No action needed,7
CUST047857,Mass,0.0,,0,7409720.939999999,0,Normal,No action needed,7
CUST032069,Mass,0.0001289134438305,Low,0,15862553.83,0,Normal,No action needed,7
CUST027475,Affluent,0.0,,0,20883399.73,0,Normal,No action needed,7
CUST049160,Affluent,0.2157282610957716,Low,0,13804379.14,0,Normal,No action needed,7
CUST018273,Mass,0.0003571428571428,Low,0,8596838.33,0,Normal,No action needed,7
CUST004446,Mass,0.205283804242579,Low,0,5958391.07,0,Normal,No action needed,7
CUST000152,Mass,0.1474785041255177,Low,1,9010298.73,0,Normal,No action needed,7
CUST011424,Affluent,0.0015931356803289,Low,0,17781487.57,0,Normal,No action needed,7
CUST020461,Mass,0.1405627948993144,Low,0,3502508.46,0,Normal,No action needed,7
CUST007734,HNI,0.0001388888888888,Low,0,45498624.77,0,Normal,No action needed,7
CUST001887,HNI,0.0,,0,39006108.44,0,Normal,No action needed,7
CUST003491,Mass,0.0043830599225336,Low,0,2797934.96,0,Normal,No action needed,7
CUST028517,Mass,0.000537540169442,Low,0,7478691.9,0,Normal,No action needed,7
CUST011653,HNI,0.004203839869281,Low,0,41078362.75,0,Normal,No action needed,7
CUST034341,Affluent,0.0,,0,18523005.52,0,Normal,No action needed,7
CUST027599,Affluent,0.1572141208714579,Low,0,10162882.94,0,Normal,No action needed,7
CUST006117,Mass,0.0020543478260869,Low,0,4736302.3,0,Normal,No action needed,7
CUST036407,HNI,0.0,,0,32464292.69,0,Normal,No action needed,7
CUST006224,Affluent,0.00032877882152,Low,0,16957207.02,0,Normal,No action needed,7
CUST040625,Mass,0.0004567307692307,Low,0,7399400.47,0,Normal,No action needed,7
CUST023945,HNI,0.1715846355620752,Low,0,26525851.26,1,Other anomaly,No action needed,7
CUST045571,Affluent,0.0,,0,16682208.19,0,Normal,No action needed,7
CUST043065,Mass,0.0002941176470588,Low,0,6532104.34,0,Normal,No action needed,7
CUST030775,Affluent,0.121171210177356,Low,1,10762208.74,0,Normal,No action needed,7
CUST015356,Affluent,0.000359081851823,Low,0,13857169.1,0,Normal,No action needed,7
CUST020131,Affluent,0.0737779241393329,Low,0,15594941.3,0,Normal,No action needed,7
CUST008422,Mass,0.0031578947368421,Low,0,9256503.73,0,Normal,No action needed,7
CUST027481,Mass,0.00032877882152,Low,0,15224950.28,0,Normal,No action needed,7
CUST002434,Mass,0.0043639891272593,Low,0,17194736.17,0,Normal,No action needed,7
CUST008247,Mass,0.0024404761904761,Low,0,4209949.97,0,Normal,No action needed,7
CUST018689,Mass,0.0066896645021645,Low,0,2082036.19,0,Normal,No action needed,7
CUST028407,HNI,0.1733939348956117,Low,0,32394342.39,0,Normal,No action needed,7
CUST035596,HNI,0.0002833333333333,Low,0,32560584.630000003,0,Normal,No action needed,7
CUST034515,Mass,0.0,,0,4492484.97,0,Normal,No action needed,7
CUST026438,Affluent,0.004090909090909,Low,0,19030856.880000003,0,Normal,No action needed,7
CUST002761,Mass,0.123996388081932,Low,1,8227822.37,0,Normal,No action needed,7
CUST025763,Ultra HNI,0.0038717948717948,Low,0,87595444.6,1,High frequency trader,Flag for algo trading review — separate model needed,7
CUST024030,Mass,0.0003206562266964,Low,0,7737933.34,0,Normal,No action needed,7
CUST022405,Ultra HNI,0.003788147993311,Low,0,75568395.03999999,1,High frequency trader,Flag for algo trading review — separate model needed,7
CUST030492,Mass,0.0010294117647058,Low,0,5624052.68,0,Normal,No action needed,7
CUST022325,Mass,0.000625,Low,0,8420205.69,0,Normal,No action needed,7
CUST008261,Mass,0.1201235293278518,Low,0,5412558.109999999,0,Normal,No action needed,7
CUST049929,Mass,0.0001231435515743,Low,0,5494340.76,0,Normal,No action needed,7
CUST030064,Mass,0.1617142246375476,Low,0,5233306.88,0,Normal,No action needed,7
CUST044646,Ultra HNI,0.0006666666666666,Low,0,85352150.67,1,High frequency trader,Flag for algo trading review — separate model needed,7
CUST025928,Mass,0.0003571428571428,Low,0,5558445.63,0,Normal,No action needed,7
CUST038842,Mass,0.0042067307692307,Low,0,4205544.05,0,Normal,No action needed,7
CUST023983,Mass,0.0011738746690203,Low,0,9979871.7,0,Normal,No action needed,7
CUST027345,Affluent,0.0013847117794486,Low,0,10913002.58,0,Normal,No action needed,7
CUST033174,Affluent,0.0011666666666666,Low,0,21227038.59,0,Normal,No action needed,7
CUST030387,Ultra HNI,0.003125,Low,0,76532435.95,1,High frequency trader,Flag for algo trading review — separate model needed,7
CUST000902,Affluent,0.0,,0,9419291.93,0,Normal,No action needed,7
CUST025041,HNI,0.1952487432035262,Low,0,33896170.92,0,Normal,No action needed,7
CUST022935,HNI,9.09090909090909e-05,Low,0,25427071.11,0,Normal,No action needed,7
CUST009766,Ultra HNI,0.0,,0,63260175.38,1,High frequency trader,Flag for algo trading review — separate model needed,7
CUST046532,HNI,0.1053964944959297,Low,0,43537074.36,0,Normal,No action needed,7
CUST011117,Affluent,0.0012946428571428,Low,0,13446459.74,0,Normal,No action needed,7
CUST038379,Affluent,0.1803163798989744,Low,0,15991885.26,0,Normal,No action needed,7
CUST049393,Mass,0.0007816486513517,Low,0,8194542.65,0,Normal,No action needed,7
CUST010946,Affluent,0.1271939752737206,Low,0,9272656.22,0,Normal,No action needed,7
CUST041854,Mass,0.0010714285714285,Low,0,8962376.979999999,0,Normal,No action needed,7
CUST035421,HNI,0.1676156582991698,Low,0,43111491.05,0,Normal,No action needed,7
CUST019312,HNI,0.002,Low,0,50971969.74,1,Other anomaly,No action needed,7
CUST011676,Affluent,0.0020951107715813,Low,0,16383891.85,0,Normal,No action needed,7
CUST007062,HNI,0.2131550013847896,Low,0,24990494.06,1,High frequency trader,Flag for algo trading review — separate model needed,7
CUST001285,Mass,0.0015789359293732,Low,0,2805909.51,0,Normal,No action needed,7
CUST020843,Affluent,0.0007142857142857,Low,0,16208094.29,0,Normal,No action needed,7
CUST005033,Mass,0.1247017768648732,Low,0,1819878.21,0,Normal,No action needed,7
CUST039770,HNI,0.141794193052228,Low,1,34228876.57,0,Normal,No action needed,7
CUST000485,Mass,0.0036546161264458,Low,0,7681916.66,0,Normal,No action needed,7
CUST031693,Mass,0.0024162864162864,Low,0,10408173.65,0,Normal,No action needed,7
CUST028302,Mass,0.0007655714809337,Low,0,6170467.85,0,Normal,No action needed,7
CUST013955,Affluent,0.0062031630859928,Low,0,10670816.2,0,Normal,No action needed,7
CUST019897,HNI,0.0,,0,41390446.63,0,Normal,No action needed,7
CUST000863,Mass,0.0025246710526315,Low,0,6664319.3,0,Normal,No action needed,7
CUST003450,Mass,0.0007142857142857,Low,0,7480102.63,0,Normal,No action needed,7
CUST027060,Mass,0.0,,0,9486984.82,0,Normal,No action needed,7
CUST000486,Mass,0.0072351750261233,Low,0,10791211.39,0,Normal,No action needed,7
CUST022431,Mass,0.003125,Low,0,5008874.79,0,Normal,No action needed,7
CUST028304,HNI,0.0,,0,39088549.1,0,Normal,No action needed,7
CUST049017,Mass,0.1054185044320833,Low,0,1594392.09,0,Normal,No action needed,7
CUST048555,Mass,0.0001401869158878,Low,0,6529530.11,0,Normal,No action needed,7
CUST042744,Mass,0.0122202975110189,Low,0,1512102.22,0,Normal,No action needed,7
CUST009773,Mass,0.0025305944055944,Low,0,4765408.37,0,Normal,No action needed,7
CUST029806,Mass,0.00325,Low,0,6525553.17,0,Normal,No action needed,7
CUST012916,Mass,0.0018292886033785,Low,0,2631930.38,0,Normal,No action needed,7
CUST025447,Mass,0.001875,Low,0,5661189.0,0,Normal,No action needed,7
CUST047575,Mass,0.0017955801104972,Low,0,10003238.33,0,Normal,No action needed,7
CUST000518,Affluent,0.1584475362192218,Low,0,17415816.439999998,0,Normal,No action needed,7
CUST010300,Affluent,0.0,,0,17496004.11,0,Normal,No action needed,7
CUST044187,Affluent,0.0,,0,20576881.79,0,Normal,No action needed,7
CUST045465,Mass,3.0303030303030302e-05,Low,0,15897596.88,0,Normal,No action needed,7
CUST003207,Mass,0.0012215909090909,Low,0,5950308.54,0,Normal,No action needed,7
CUST021966,Mass,0.0002829402765786,Low,0,8032139.470000001,0,Normal,No action needed,7
CUST013062,Mass,0.1662174683297609,Low,0,6419012.95,0,Normal,No action needed,7
CUST014006,Ultra HNI,0.0009375,Low,0,89114961.10000001,1,High frequency trader,Flag for algo trading review — separate model needed,7
CUST026014,Mass,0.0019293478260869,Low,0,3068531.47,0,Normal,No action needed,7
CUST017419,Mass,0.0001072607260726,Low,0,11613447.89,0,Normal,No action needed,7
CUST022490,HNI,0.1762055887478133,Low,0,49700540.68,1,High frequency trader,Flag for algo trading review — separate model needed,7
CUST020441,Mass,0.0004012345679012,Low,0,10367469.23,0,Normal,No action needed,7
CUST019051,Affluent,0.0027272727272727,Low,0,12738328.57,0,Normal,No action needed,7
CUST045396,Mass,0.0013888888888888,Low,0,6471929.71,0,Normal,No action needed,7
CUST019823,Mass,0.0009622467771639,Low,0,4551495.97,0,Normal,No action needed,7
CUST000063,HNI,0.0045735922574157,Low,0,41238866.09,0,Normal,No action needed,7
CUST037969,Mass,0.0822800163310745,Low,0,6734953.04,0,Normal,No action needed,7
CUST043038,Mass,0.0061577073024441,Low,0,5248737.63,0,Normal,No action needed,7
CUST024099,Mass,0.0025237191650853,Low,0,10743568.89,0,Normal,No action needed,7
CUST003962,Mass,0.0085121993016729,Low,0,3650015.29,0,Normal,No action needed,7
CUST013295,Affluent,0.00032877882152,Low,0,11751068.26,0,Normal,No action needed,7
CUST022097,Mass,0.0017096255575147,Low,0,5377493.9,0,Normal,No action needed,7
CUST000690,Mass,0.0,,0,5241173.06,0,Normal,No action needed,7
CUST007056,Mass,0.0042987472766884,Low,0,3067763.14,0,Normal,No action needed,7
CUST038935,HNI,0.1912036634381335,Low,0,28998128.7,0,Normal,No action needed,7
CUST031460,Affluent,0.0006399048884537,Low,0,18683558.14,0,Normal,No action needed,7
CUST039366,Mass,0.1321913224232861,Low,0,3277761.21,0,Normal,No action needed,7
CUST021690,Mass,0.1020953765882477,Low,0,6514890.47,0,Normal,No action needed,7
CUST010199,Mass,0.0043055555555555,Low,0,4687340.47,0,Normal,No action needed,7
CUST011808,HNI,0.1656922551091459,Low,0,32468667.26,0,Normal,No action needed,7
CUST028746,Mass,0.0,,0,6367126.830000001,0,Normal,No action needed,7
CUST028986,Mass,0.0,,0,4828886.92,0,Normal,No action needed,7
CUST026850,Mass,0.0,,0,5942872.4,0,Normal,No action needed,7
CUST020327,Mass,0.0,,0,3159450.89,0,Normal,No action needed,7
CUST015885,Mass,0.0004567307692307,Low,0,8256382.63,0,Normal,No action needed,7
CUST015243,HNI,0.0040060851926977,Low,0,42001288.28,0,Normal,No action needed,7
CUST007421,Mass,0.0023809523809523,Low,0,4791512.0,0,Normal,No action needed,7
CUST039949,Mass,0.1226582993791463,Low,0,8284033.72,0,Normal,No action needed,7
CUST039797,Ultra HNI,0.0,,0,91737885.85,1,High frequency trader,Flag for algo trading review — separate model needed,7
CUST022311,Affluent,0.0001010101010101,Low,0,17220370.14,0,Normal,No action needed,7
CUST030746,Affluent,0.1045737782984515,Low,0,18205976.23,0,Normal,No action needed,7
CUST012986,Mass,0.0,,0,7519743.66,0,Normal,No action needed,7
CUST037386,Affluent,0.1505142514121971,Low,0,12300882.48,0,Normal,No action needed,7
CUST028192,HNI,0.0016974783481143,Low,0,46380296.79,0,Normal,No action needed,7
CUST039187,Affluent,0.0013846153846153,Low,0,16127491.17,0,Normal,No action needed,7
CUST041766,Mass,0.0029860563009734,Low,0,9200223.14,0,Normal,No action needed,7
CUST042738,Mass,0.0,,0,3337579.23,0,Normal,No action needed,7
CUST029712,Mass,0.0,,0,7487454.49,0,Normal,No action needed,7
CUST034491,Mass,0.1095498853454293,Low,0,6151400.43,0,Normal,No action needed,7
CUST039228,Affluent,0.0,,0,19956150.01,0,Normal,No action needed,7
CUST012450,HNI,0.094783094078227,Low,0,32725181.77,0,Normal,No action needed,7
CUST002983,Mass,0.0018954689984101,Low,0,5597289.81,0,Normal,No action needed,7
CUST015633,HNI,0.0013853070175438,Low,0,59214692.03,1,High frequency trader,Flag for algo trading review — separate model needed,7
CUST001188,Mass,0.1345890775253445,Low,0,3919200.03,0,Normal,No action needed,7
CUST015339,Mass,0.0018928571428571,Low,0,5419974.24,0,Normal,No action needed,7
CUST026358,Mass,4.1666666666666665e-05,Low,0,4957964.08,0,Normal,No action needed,7
CUST043100,Mass,0.004508970127782,Low,0,10240946.3,0,Normal,No action needed,7
CUST006596,Mass,0.0,,0,4267372.24,0,Normal,No action needed,7
CUST008600,Mass,0.0033724476828287,Low,0,7566562.130000001,0,Normal,No action needed,7
CUST036463,Mass,0.1865479677861669,Low,0,3126382.1500000004,0,Normal,No action needed,7
CUST006857,Mass,0.0003125,Low,0,7493727.65,0,Normal,No action needed,7
CUST010163,Mass,0.008773170368279,Low,0,2467352.21,0,Normal,No action needed,7
CUST008882,HNI,0.1711998845027711,Low,0,23311371.53,0,Normal,No action needed,7
CUST041328,Mass,0.2308441588041956,Low,0,3526979.92,0,Normal,No action needed,7
CUST013746,Mass,0.1109316867192598,Low,0,4979219.59,0,Normal,No action needed,7
CUST029402,Mass,0.2450074590622707,Low,0,3128648.44,0,Normal,No action needed,7
CUST029044,HNI,0.0011841082041881,Low,0,30959477.61,0,Normal,No action needed,7
CUST027133,Mass,0.0055950158409355,Low,0,7847225.63,0,Normal,No action needed,7
CUST043559,HNI,5.6657223796034e-05,Low,0,32887607.96,0,Normal,No action needed,7
CUST024578,HNI,0.1731409081370536,Low,1,35817089.15,0,Normal,No action needed,7
CUST007121,Affluent,0.1296472578162633,Low,0,9123011.2,0,Normal,No action needed,7
CUST046411,Mass,0.0013809523809523,Low,0,5016490.42,0,Normal,No action needed,7
CUST009382,Mass,0.0103886554621848,Low,0,3755168.89,0,Normal,No action needed,7
CUST008586,Affluent,0.1265923020788161,Low,0,11341125.37,0,Normal,No action needed,7
CUST042165,Affluent,0.0009090909090909,Low,0,15092180.11,0,Normal,No action needed,7
CUST017169,Mass,0.0025,Low,0,6473464.68,0,Normal,No action needed,7
CUST046104,Affluent,0.2062662727696541,Low,0,12027249.66,0,Normal,No action needed,7
CUST018053,HNI,0.0035933001107419,Low,0,32030214.18,0,Normal,No action needed,7
CUST035435,HNI,3.816793893129771e-05,Low,0,37201627.6,0,Normal,No action needed,7
CUST002179,Mass,0.0059204260651629,Low,0,3776927.12,0,Normal,No action needed,7
CUST045546,Affluent,0.0,,0,13008483.72,0,Normal,No action needed,7
CUST026455,Mass,0.0015966386554621,Low,0,11741528.85,0,Normal,No action needed,7
CUST033301,Mass,0.0005555555555555,Low,0,3292107.63,0,Normal,No action needed,7
CUST047723,Affluent,0.0005844155844155,Low,0,19654786.58,0,Normal,No action needed,7
CUST040442,Affluent,0.0012,Low,0,23233962.96,0,Normal,No action needed,7
CUST037556,HNI,0.0006601890779303,Low,0,34227472.9,0,Normal,No action needed,7
CUST033561,HNI,0.0038392857142857,Low,0,67536822.83,0,Normal,No action needed,7
CUST013521,Ultra HNI,0.0014141281512605,Low,0,76803163.65,1,High frequency trader,Flag for algo trading review — separate model needed,7
CUST029753,HNI,5.6657223796034e-05,Low,0,47287127.72,0,Normal,No action needed,7
CUST002071,Mass,0.1500323050398734,Low,1,2243756.33,0,Normal,No action needed,7
CUST014367,Mass,0.0001086956521739,Low,0,8829577.72,0,Normal,No action needed,7
CUST015215,Affluent,0.0,,0,17367900.22,0,Normal,No action needed,7
CUST041876,Mass,0.0001289134438305,Low,0,8700651.91,0,Normal,No action needed,7
CUST021762,HNI,4.807692307692308e-05,Low,0,33779313.01,0,Normal,No action needed,7
CUST006873,Mass,0.0,,0,4053920.33,0,Normal,No action needed,7
CUST008352,Affluent,0.1268060808491868,Low,0,10632709.26,0,Normal,No action needed,7
CUST049210,Affluent,0.000359081851823,Low,0,13859879.79,0,Normal,No action needed,7
CUST012994,Affluent,0.1295349078973424,Low,1,14150408.57,0,Normal,No action needed,7
CUST046282,Mass,0.0008285203870759,Low,0,6377106.42,0,Normal,No action needed,7
CUST005509,Mass,0.0001289134438305,Low,0,10344235.58,0,Normal,No action needed,7
CUST039415,HNI,0.0001412429378531,Low,0,41770582.34,0,Normal,No action needed,7
CUST043885,HNI,0.0017195767195767,Low,0,38527181.53,0,Normal,No action needed,7
CUST011061,Mass,0.0008843343770756,Low,0,5277627.36,0,Normal,No action needed,7
CUST001300,Mass,0.0058333333333333,Low,0,5454752.32,0,Normal,No action needed,7
CUST019764,Mass,0.0083202226113903,Low,0,4536189.92,0,Normal,No action needed,7
CUST003955,Affluent,0.1738058784285069,Low,1,13371204.27,0,Normal,No action needed,7
CUST027328,Mass,0.0015,Low,0,6161453.33,0,Normal,No action needed,7
CUST032604,Mass,0.0011304347826086,Low,0,7325216.35,0,Normal,No action needed,7
CUST000685,Affluent,0.0028506493506493,Low,0,27563326.71,0,Normal,No action needed,7
CUST031962,Affluent,0.0042095359366157,Low,0,20030576.44,0,Normal,No action needed,7
CUST034826,Mass,0.0003649819846851,Low,0,7423646.3,0,Normal,No action needed,7
CUST025900,Affluent,0.0,,0,10874387.45,0,Normal,No action needed,7
CUST037931,Affluent,0.0012272727272727,Low,0,9973070.89,0,Normal,No action needed,7
CUST039473,Mass,0.0174369509129037,Low,0,1610752.79,0,Normal,No action needed,7
CUST014057,Mass,0.0015277777777777,Low,0,12786377.36,0,Normal,No action needed,7
CUST025008,HNI,0.0,,0,44120452.89,0,Normal,No action needed,7
CUST016712,Mass,0.1566480188763366,Low,0,8976070.52,0,Normal,No action needed,7
CUST008459,Mass,0.0053055555555555,Low,0,9368025.41,0,Normal,No action needed,7
CUST039899,HNI,0.0004667393675027,Low,0,45751848.05,0,Normal,No action needed,7
CUST003230,Affluent,0.130640974468917,Low,0,10334036.48,0,Normal,No action needed,7
CUST047688,Mass,0.0036293113891629,Low,0,12555158.61,0,Normal,No action needed,7
CUST001598,Affluent,0.2922005157135394,Low,0,17374163.65,0,Normal,No action needed,7
CUST013145,Mass,0.0039976087091986,Low,0,3397479.07,0,Normal,No action needed,7
CUST011289,Mass,0.0001086956521739,Low,0,12341437.92,0,Normal,No action needed,7
CUST046022,Affluent,0.0059375,Low,0,8053272.88,0,Normal,No action needed,7
CUST005708,Affluent,0.1181336581580212,Low,1,19838359.88,0,Normal,No action needed,7
CUST010033,Affluent,0.2439368028509029,Low,1,11083189.75,0,Normal,No action needed,7
CUST017701,Mass,0.0045681818181818,Low,0,3545147.7,0,Normal,No action needed,7
CUST032856,Mass,0.0005972222222222,Low,0,4861366.99,0,Normal,No action needed,7
CUST034453,Affluent,0.0005,Low,0,13469639.54,0,Normal,No action needed,7
CUST001308,HNI,0.0004446640316205,Low,0,40788483.86,0,Normal,No action needed,7
CUST044005,Mass,0.1264013887807691,Low,0,5143056.53,0,Normal,No action needed,7
CUST034433,Mass,0.2143502874966515,Low,0,6408061.42,0,Normal,No action needed,7
CUST026504,Affluent,0.0,,0,15361226.24,0,Normal,No action needed,7
CUST032589,Affluent,0.0010714285714285,Low,0,17959960.46,0,Normal,No action needed,7
CUST049173,Affluent,0.0032017543859649,Low,0,19976653.89,0,Normal,No action needed,7
CUST007314,Mass,0.0022444444444444,Low,0,7090723.32,0,Normal,No action needed,7
CUST039692,Mass,0.1766007226531546,Low,0,3038278.39,0,Normal,No action needed,7
CUST047592,Affluent,0.005243841610367,Low,0,11827381.1,0,Normal,No action needed,7
CUST011168,Mass,0.0045976125996437,Low,0,2209538.0300000003,0,Normal,No action needed,7
CUST037275,Mass,0.0015416666666666,Low,0,10558218.1,0,Normal,No action needed,7
CUST033318,HNI,0.1558599141715893,Low,0,27188738.96,0,Normal,No action needed,7
CUST015465,Mass,0.0022915512186144,Low,0,8684800.16,0,Normal,No action needed,7
CUST009239,Mass,0.0024222767648433,Low,0,3542716.1,0,Normal,No action needed,7
CUST008794,Ultra HNI,0.0,,0,72309351.22,1,High frequency trader,Flag for algo trading review — separate model needed,7
CUST019015,Mass,0.0003345334533453,Low,0,11583467.99,0,Normal,No action needed,7
CUST025380,Mass,0.0009972259908643,Low,0,6466749.83,0,Normal,No action needed,7
CUST020892,Mass,0.0058031079350097,Low,0,3260746.91,0,Normal,No action needed,7
CUST038137,Affluent,0.0005555555555555,Low,0,17888393.48,0,Normal,No action needed,7
CUST013248,Mass,0.0004761904761904,Low,0,10181703.41,0,Normal,No action needed,7
CUST036474,HNI,0.0001282051282051,Low,0,29978013.84,0,Normal,No action needed,7
CUST029211,HNI,0.1876913920811698,Low,0,37672186.39,0,Normal,No action needed,7
CUST038142,Mass,0.0057464503419565,Low,0,10464358.8,0,Normal,No action needed,7
CUST003352,Mass,0.0013935574229691,Low,0,6666426.28,0,Normal,No action needed,7
CUST017348,Mass,0.0110311355311355,Low,0,6793912.36,0,Normal,No action needed,7
CUST029895,Affluent,0.0,,0,16451887.16,0,Normal,No action needed,7
CUST016234,Affluent,0.0007142857142857,Low,0,34623379.36,0,Normal,No action needed,7
CUST013221,Mass,0.1737160823662883,Low,0,5608556.03,0,Normal,No action needed,7
CUST022235,Affluent,0.00032877882152,Low,0,19447218.72,0,Normal,No action needed,7
CUST009494,Mass,0.1714414494753709,Low,0,6349598.15,0,Normal,No action needed,7
CUST004357,Mass,0.0041732804232804,Low,0,4896393.79,0,Normal,No action needed,7
CUST047373,Affluent,0.207536745943451,Low,0,14265829.18,0,Normal,No action needed,7
CUST009787,Mass,0.0005932062089674,Low,0,10116441.09,0,Normal,No action needed,7
CUST036790,Mass,0.0004567307692307,Low,0,10795099.02,0,Normal,No action needed,7
CUST016645,Affluent,0.0915182995289018,Low,0,7079965.97,0,Normal,No action needed,7
CUST005018,Mass,0.0,,0,3699891.94,0,Normal,No action needed,7
CUST039927,Mass,0.0010613496932515,Low,0,4493242.44,0,Normal,No action needed,7
CUST033284,HNI,3.816793893129771e-05,Low,0,39454613.77,0,Normal,No action needed,7
CUST027480,Affluent,0.0,,0,13338690.45,0,Normal,No action needed,7
CUST013659,Mass,0.2214394236181271,Low,0,5020380.81,0,Normal,No action needed,7
CUST002224,HNI,0.00254934318555,Low,0,49322404.15,0,Normal,No action needed,7
CUST040648,Affluent,0.0042105263157894,Low,0,17142199.82,0,Normal,No action needed,7
CUST018258,HNI,0.2279206515710458,Low,0,34403981.59,0,Normal,No action needed,7
CUST002476,Mass,0.0081324417037892,Low,0,1697407.37,0,Normal,No action needed,7
CUST009826,Ultra HNI,0.0011846153846153,Low,0,89813836.28999999,1,High frequency trader,Flag for algo trading review — separate model needed,7
CUST019181,Mass,0.0025,Low,0,4074504.34,0,Normal,No action needed,7
CUST025315,Mass,0.1384937499956732,Low,0,4423763.14,0,Normal,No action needed,7
CUST027711,HNI,0.0026411040226829,Low,0,43826888.07,1,Other anomaly,No action needed,7
CUST005369,Affluent,0.0004580891663476,Low,0,23600079.99,0,Normal,No action needed,7
CUST007828,Mass,0.0309460206023361,Low,0,7403060.18,0,Normal,No action needed,7
CUST016958,Affluent,0.1707099426976472,Low,0,11749285.91,0,Normal,No action needed,7
CUST021328,Mass,0.0002886224205242,Low,0,5406126.67,0,Normal,No action needed,7
CUST047677,Affluent,0.286044893141002,Low,0,6689614.28,0,Normal,No action needed,7
CUST018696,Mass,0.1416244505275275,Low,0,6714918.2,0,Normal,No action needed,7
CUST037829,HNI,0.0008142329813717,Low,0,30512881.35,0,Normal,No action needed,7
CUST010307,Mass,0.000876634901487,Low,0,6974451.77,0,Normal,No action needed,7
CUST039096,Affluent,0.0,,0,10710289.32,0,Normal,No action needed,7
CUST029352,Mass,0.0004644035832154,Low,0,8275279.38,0,Normal,No action needed,7
CUST001015,Affluent,0.0023904761904761,Low,0,13755845.26,0,Normal,No action needed,7
CUST004658,HNI,5.2910052910052905e-05,Low,0,36298788.760000005,0,Normal,No action needed,7
CUST010731,Affluent,0.0062140282131661,Low,0,22626041.33,0,Normal,No action needed,7
CUST000178,Affluent,0.0024789915966386,Low,0,24954604.31,0,Normal,No action needed,7
CUST047415,Mass,0.0,,0,5588008.01,0,Normal,No action needed,7
CUST041374,Mass,0.000782208588957,Low,0,6439816.8100000005,0,Normal,No action needed,7
CUST027299,Affluent,0.0004190207156308,Low,0,19820304.64,0,Normal,No action needed,7
CUST043256,Mass,0.143925092516318,Low,0,3113128.95,0,Normal,No action needed,7
CUST003172,Affluent,0.124095243617607,Low,0,12751267.89,0,Normal,No action needed,7
CUST013709,HNI,0.0004383460982261,Low,0,41434628.92,0,Normal,No action needed,7
CUST045663,HNI,0.0003333333333333,Low,0,44758073.8,0,Normal,No action needed,7
CUST046072,Affluent,0.0003333333333333,Low,0,14656630.31,0,Normal,No action needed,7
CUST034900,Mass,0.0,,0,5703849.08,0,Normal,No action needed,7
CUST002961,Mass,0.0043542188805346,Low,0,9661339.87,0,Normal,No action needed,7
CUST010677,Affluent,0.0,,0,17792982.669999998,0,Normal,No action needed,7
CUST022940,Mass,0.0025595238095238,Low,0,8327133.81,0,Normal,No action needed,7
CUST030938,Mass,0.002801282051282,Low,0,7236347.04,0,Normal,No action needed,7
CUST028726,Affluent,0.002219535124041,Low,0,12558802.98,0,Normal,No action needed,7
CUST016258,Mass,0.1779635323874034,Low,0,7758157.99,0,Normal,No action needed,7
CUST035278,HNI,0.1418670742356061,Low,0,25638187.91,0,Normal,No action needed,7
CUST032602,Affluent,0.1710420466019862,Low,1,21479283.720000003,0,Normal,No action needed,7
CUST036557,HNI,0.1690628267709039,Low,1,41414877.59,0,Normal,No action needed,7
CUST037233,Affluent,0.1530385170167096,Low,0,7203896.23,0,Normal,No action needed,7
CUST037451,HNI,0.0917156707885402,Low,0,26555551.38,0,Normal,No action needed,7
CUST015476,Mass,0.0003333333333333,Low,0,13296833.54,0,Normal,No action needed,7
CUST048260,Mass,0.0002829402765786,Low,0,6668915.24,0,Normal,No action needed,7
CUST008840,Affluent,0.0,,0,14756251.74,0,Normal,No action needed,7
CUST023678,Affluent,0.0008677685950413,Low,0,15906027.17,0,Normal,No action needed,7
CUST040934,Mass,0.0017788461538461,Low,0,6130872.86,0,Normal,No action needed,7
CUST010859,HNI,0.0002762631770265,Low,0,48132019.5,1,Other anomaly,No action needed,7
CUST021049,HNI,0.0001412429378531,Low,0,37789651.67,0,Normal,No action needed,7
CUST012444,Mass,0.0024393939393939,Low,0,4973978.94,0,Normal,No action needed,7
CUST012711,Affluent,0.0043093801623213,Low,0,15705218.57,0,Normal,No action needed,7
CUST013758,Affluent,0.000253164556962,Low,0,19724563.92,0,Normal,No action needed,7
CUST003799,Mass,0.0004545454545454,Low,0,5519404.5,0,Normal,No action needed,7
CUST043252,Mass,0.0025555555555555,Low,0,10623360.24,0,Normal,No action needed,7
CUST036668,Mass,0.194961761297634,Low,0,9691412.0,0,Normal,No action needed,7
CUST037953,Affluent,0.0006859216786629,Low,0,13251733.15,0,Normal,No action needed,7
CUST032876,Mass,0.2399228524854356,Low,0,15415251.21,0,Normal,No action needed,7
CUST026497,Affluent,0.154920957191826,Low,1,18763048.96,0,Normal,No action needed,7
CUST029633,Affluent,0.0016161616161616,Low,0,16434503.94,0,Normal,No action needed,7
CUST012055,Mass,0.1559947646656278,Low,1,6809882.28,0,Normal,No action needed,7
CUST047605,Affluent,0.2372179774767941,Low,0,13366789.05,0,Normal,No action needed,7
CUST030468,Mass,0.0006521739130434,Low,0,12375594.15,0,Normal,No action needed,7
CUST013098,Mass,0.0017241379310344,Low,0,4728533.69,0,Normal,No action needed,7
CUST048792,Mass,0.0005544450790024,Low,0,5170237.49,0,Normal,No action needed,7
CUST028284,Mass,0.0038928571428571,Low,0,6930534.44,0,Normal,No action needed,7
CUST015392,Affluent,0.0,,0,18943707.88,0,Normal,No action needed,7
CUST037846,Affluent,0.0003867403314917,Low,0,20157377.13,0,Normal,No action needed,7
CUST030038,Affluent,0.0,,0,16189009.01,0,Normal,No action needed,7
CUST011231,Mass,0.0014245524296675,Low,0,6824215.32,0,Normal,No action needed,7
CUST048386,Mass,0.0054410262809056,Low,0,5938786.03,0,Normal,No action needed,7
CUST041474,Mass,0.0041223250433776,Low,0,4317123.56,0,Normal,No action needed,7
CUST027203,Mass,0.0031672932330827,Low,0,9837258.11,0,Normal,No action needed,7
CUST026594,Affluent,0.0040555555555555,Low,0,24911778.15,0,Normal,No action needed,7
CUST020929,Affluent,0.1133288219891226,Low,0,11448275.67,0,Normal,No action needed,7
CUST022260,HNI,0.0020488721804511,Low,0,23654888.21,0,Normal,No action needed,7
CUST013493,Affluent,0.0,,0,14498194.61,0,Normal,No action needed,7
CUST030236,Mass,0.0,,0,3959697.6,0,Normal,No action needed,7
CUST047417,Mass,0.0,,0,7351871.430000001,0,Normal,No action needed,7
CUST004463,HNI,0.0025925925925925,Low,0,29018959.01,0,Normal,No action needed,7
CUST029958,Affluent,0.2793993007197766,Low,0,13836927.94,0,Normal,No action needed,7
CUST021336,Mass,0.0017653048256859,Low,0,5915127.27,0,Normal,No action needed,7
CUST027837,Mass,1.607717041800643e-05,Low,0,5646551.79,0,Normal,No action needed,7
CUST021714,Affluent,0.2820083222936191,Low,0,11110513.65,0,Normal,No action needed,7
CUST030286,Affluent,0.0033560606060606,Low,0,13897985.98,0,Normal,No action needed,7
CUST049190,Affluent,0.0,,0,21314908.72,0,Normal,No action needed,7
CUST029583,Affluent,0.0012955884695015,Low,0,11520093.14,0,Normal,No action needed,7
CUST044290,Mass,0.0,,0,5036142.83,0,Normal,No action needed,7
CUST010082,HNI,0.0004166666666666,Low,0,34002955.61,0,Normal,No action needed,7
CUST021799,Mass,0.0036587301587301,Low,0,9410408.48,0,Normal,No action needed,7
CUST011959,HNI,0.0003571428571428,Low,0,32912766.03,0,Normal,No action needed,7
CUST018354,Affluent,0.00075,Low,0,14987210.76,0,Normal,No action needed,7
CUST033856,Affluent,0.002297619047619,Low,0,18581323.26,0,Normal,No action needed,7
CUST043633,Mass,0.0,,0,6244255.890000001,0,Normal,No action needed,7
CUST007858,Mass,0.0049445160103054,Low,0,4717069.82,0,Normal,No action needed,7
CUST007243,Affluent,0.0,,0,11848181.71,0,Normal,No action needed,7
CUST017656,Affluent,0.0,,0,13233245.02,0,Normal,No action needed,7
CUST016936,Mass,0.0026470588235294,Low,0,4521830.82,0,Normal,No action needed,7
CUST007917,Affluent,0.0,,0,17593136.54,0,Normal,No action needed,7
CUST041512,HNI,0.0,,0,45128157.9,0,Normal,No action needed,7
CUST026433,Mass,0.0003206562266964,Low,0,8008985.1,0,Normal,No action needed,7
CUST047628,Affluent,0.1344807306953305,Low,0,13939186.75,0,Normal,No action needed,7
CUST029257,HNI,0.0020945745497696,Low,0,43682185.51,0,Normal,No action needed,7
CUST021985,Mass,0.0014237938663953,Low,0,6682400.93,0,Normal,No action needed,7
CUST044407,Affluent,0.0007142857142857,Low,0,19206763.98,0,Normal,No action needed,7
CUST021800,Affluent,0.0,,0,17019990.97,0,Normal,No action needed,7
CUST029377,Affluent,0.0049972157472157,Low,0,10077826.26,0,Normal,No action needed,7
CUST010225,Affluent,0.0006666666666666,Low,0,29501282.21,0,Normal,No action needed,7
CUST008415,Mass,0.0073200293441192,Low,0,2478118.8,0,Normal,No action needed,7
CUST034648,Ultra HNI,0.011951526222049,Low,0,65069129.03,1,High frequency trader,Flag for algo trading review — separate model needed,7
CUST039354,Mass,0.0970766833065389,Low,0,5666881.26,0,Normal,No action needed,7
CUST046217,Mass,0.0012264150943396,Low,0,4977693.47,0,Normal,No action needed,7
CUST003907,Mass,0.01007878562439,Low,0,9269356.75,0,Normal,No action needed,7
CUST023367,Mass,0.1062795936951288,Low,0,8091729.24,0,Normal,No action needed,7
CUST017125,Mass,0.0,,0,4422640.59,0,Normal,No action needed,7
CUST015529,Affluent,0.0,,0,15717827.26,0,Normal,No action needed,7
CUST028817,Mass,0.2707931520584221,Low,1,7291652.22,0,Normal,No action needed,7
CUST012671,Mass,0.0002302647951819,Low,0,7029811.2700000005,0,Normal,No action needed,7
CUST047018,Mass,0.1199212761918348,Low,1,2911206.14,0,Normal,No action needed,7
CUST005579,Mass,0.0,,0,5588851.85,0,Normal,No action needed,7
CUST039110,Affluent,0.1154526903200803,Low,0,24813656.62,0,Normal,No action needed,7
CUST027301,Mass,0.1439644710917629,Low,0,14345839.7,0,Normal,No action needed,7
CUST026128,Mass,0.0007692307692307,Low,0,4406525.31,0,Normal,No action needed,7
CUST035838,Mass,0.0005559786747905,Low,0,5513448.52,0,Normal,No action needed,7
CUST044392,Affluent,0.0027747252747252,Low,0,22278917.83,0,Normal,No action needed,7
CUST012243,HNI,0.0,,0,37036825.92,0,Normal,No action needed,7
CUST010135,Affluent,0.1597251223267876,Low,0,12573303.27,0,Normal,No action needed,7
CUST049379,Mass,0.0019642857142857,Low,0,13124814.420000002,0,Normal,No action needed,7
CUST030809,Mass,0.0003206562266964,Low,0,7410712.76,0,Normal,No action needed,7
CUST047765,Mass,0.0031235431235431,Low,0,5101497.73,0,Normal,No action needed,7
CUST035006,Mass,0.1869350137611825,Low,0,3389602.44,0,Normal,No action needed,7
CUST001249,Mass,0.0948223910697532,Low,0,3080446.45,0,Normal,No action needed,7
CUST037801,Affluent,0.0,,0,17378564.91,0,Normal,No action needed,7
CUST000776,Mass,0.001537742009495,Low,0,10718519.59,0,Normal,No action needed,7
CUST021121,Mass,0.1284147261129254,Low,0,4933519.01,0,Normal,No action needed,7
CUST038594,HNI,0.0,,0,26510136.72,0,Normal,No action needed,7
CUST000600,Mass,0.00275,Low,0,5639487.25,0,Normal,No action needed,7
CUST032825,Mass,0.0004567307692307,Low,0,7588267.75,0,Normal,No action needed,7
CUST011632,HNI,0.1832674747694667,Low,0,24143195.61,0,Normal,No action needed,7
CUST028092,Affluent,0.0,,0,21971591.3,0,Normal,No action needed,7
CUST011600,Mass,0.0036523809523809,Low,0,4418149.49,0,Normal,No action needed,7
CUST036772,Mass,0.1620944387401022,Low,0,4822530.69,0,Normal,No action needed,7
CUST034696,Affluent,0.0016666666666666,Low,0,23928466.62,0,Normal,No action needed,7
CUST047720,Affluent,0.0081276711057064,Low,0,17144363.87,0,Normal,No action needed,7
CUST003724,HNI,0.162800381317,Low,1,35220819.26,1,High frequency trader,Flag for algo trading review — separate model needed,7
CUST028277,Affluent,0.00032877882152,Low,0,16856763.95,0,Normal,No action needed,7
CUST004108,Mass,0.0017307692307692,Low,0,5128305.42,0,Normal,No action needed,7
CUST038391,Affluent,0.1253715150150858,Low,0,13366252.31,0,Normal,No action needed,7
CUST021104,Affluent,0.1306306462167525,Low,0,15315362.27,0,Normal,No action needed,7
CUST012295,HNI,0.0006,Low,0,29527121.37,0,Normal,No action needed,7
CUST049958,Affluent,0.1273358283662848,Low,0,20879839.94,0,Normal,No action needed,7
CUST005698,Affluent,0.2169954526927374,Low,0,6153370.73,0,Normal,No action needed,7
CUST034527,Affluent,0.0021428571428571,Low,0,15523529.43,0,Normal,No action needed,7
CUST042746,Affluent,0.0006349206349206,Low,0,24422986.19,0,Normal,No action needed,7
CUST047588,Mass,0.0001013513513513,Low,0,5187758.83,0,Normal,No action needed,7
CUST024006,Mass,4.1666666666666665e-05,Low,0,4180294.37,0,Normal,No action needed,7
CUST013451,Mass,0.001578947368421,Low,0,8721597.64,0,Normal,No action needed,7
CUST006279,Mass,0.0005718954248366,Low,0,7802841.109999999,0,Normal,No action needed,7
CUST020488,Mass,0.001813696218037,Low,0,5529737.27,0,Normal,No action needed,7
CUST014354,Affluent,0.0002173913043478,Low,0,26375740.0,0,Normal,No action needed,7
CUST006852,Mass,0.1317278533288752,Low,0,3734274.69,0,Normal,No action needed,7
CUST003437,Affluent,0.0045951417004048,Low,0,15160601.74,0,Normal,No action needed,7
CUST028214,Mass,0.1644216651863138,Low,0,6649562.02,0,Normal,No action needed,7
CUST019104,Mass,0.0233516284440197,Low,0,3685634.05,0,Normal,No action needed,7
CUST005402,Mass,0.0007692307692307,Low,0,7126773.52,0,Normal,No action needed,7
CUST038011,Mass,0.0,,0,4976326.58,0,Normal,No action needed,7
CUST013203,Mass,0.002,Low,0,3189039.2,0,Normal,No action needed,7
CUST004845,Mass,0.0007692307692307,Low,0,6334479.22,0,Normal,No action needed,7
CUST000352,Mass,0.0031034504808676,Low,0,10229046.32,0,Normal,No action needed,7
CUST037897,Mass,0.0,,0,4033013.48,0,Normal,No action needed,7
CUST013946,Mass,0.1747100323061789,Low,0,6688798.48,0,Normal,No action needed,7
CUST032798,Affluent,0.0028203530215914,Low,0,21813000.7,0,Normal,No action needed,7
CUST039598,Affluent,0.001582054309327,Low,0,15462774.05,0,Normal,No action needed,7
CUST037268,Mass,0.0071480938416422,Low,0,4950207.47,0,Normal,No action needed,7
CUST025279,Mass,0.1320064812383592,Low,0,4671309.11,0,Normal,No action needed,7
CUST047871,Affluent,0.0068939393939393,Low,0,10325805.68,0,Normal,No action needed,7
CUST021316,Mass,0.0,,0,4615409.15,0,Normal,No action needed,7
CUST033584,Mass,0.1178950628761973,Low,0,5399187.98,0,Normal,No action needed,7
CUST035919,Affluent,0.1951310524904948,Low,0,14087173.94,0,Normal,No action needed,7
CUST004395,Mass,6.134969325153375e-05,Low,0,6554315.95,0,Normal,No action needed,7
CUST042337,Mass,0.0949376510025022,Low,0,8312014.78,0,Normal,No action needed,7
CUST030718,Mass,0.0012962962962962,Low,0,9576104.45,0,Normal,No action needed,7
CUST014485,Mass,0.0002272727272727,Low,0,3571204.04,0,Normal,No action needed,7
CUST026487,Affluent,0.1520445144848625,Low,1,12307630.63,0,Normal,No action needed,7
CUST043920,Mass,0.0001289134438305,Low,0,7233810.890000001,0,Normal,No action needed,7
CUST015578,Mass,0.0020833333333333,Low,0,4421880.69,0,Normal,No action needed,7
CUST026393,HNI,0.0,,0,35073895.67,0,Normal,No action needed,7
CUST006892,HNI,0.1708784329474119,Low,1,44525767.62,0,Normal,No action needed,7
CUST016968,Affluent,0.0,,0,28893423.11,0,Normal,No action needed,7
CUST041715,Mass,0.0,,0,3192085.3000000003,0,Normal,No action needed,7
CUST033704,Affluent,0.1428106013321888,Low,0,15392007.68,0,Normal,No action needed,7
CUST028640,Affluent,0.0,,0,25787150.13,0,Normal,No action needed,7
CUST000938,Mass,0.0,,0,4022728.57,0,Normal,No action needed,7
CUST011411,Mass,0.0022052401746724,Low,0,7242773.07,0,Normal,No action needed,7
CUST009481,Mass,0.0030750256937307,Low,0,9716829.22,0,Normal,No action needed,7
CUST010270,Affluent,0.0,,0,17819583.52,0,Normal,No action needed,7
CUST027507,Affluent,0.0004166666666666,Low,0,18166345.58,0,Normal,No action needed,7
CUST032987,Mass,0.1338768831252674,Low,0,5093444.399999999,0,Normal,No action needed,7
CUST011253,Mass,0.0009908609908609,Low,0,4474860.44,0,Normal,No action needed,7
CUST005770,Affluent,0.0004545454545454,Low,0,23335266.1,0,Normal,No action needed,7
CUST049455,Mass,0.0,,0,2976727.95,0,Normal,No action needed,7
CUST001455,Mass,0.0012264150943396,Low,0,5821773.73,0,Normal,No action needed,7
CUST040780,Mass,0.0028535353535353,Low,0,5758066.48,0,Normal,No action needed,7
CUST011685,Affluent,0.0878575477168582,Low,1,22303356.45,0,Normal,No action needed,7
CUST048552,Mass,0.090335852994237,Low,0,5355612.54,0,Normal,No action needed,7
CUST024237,Mass,0.0,,0,9600746.03,0,Normal,No action needed,7
CUST014904,Mass,0.0,,0,5130175.38,0,Normal,No action needed,7
CUST018616,Mass,0.0017013888888888,Low,0,6183650.1,0,Normal,No action needed,7
CUST020744,Affluent,0.0001388888888888,Low,0,12507992.6,0,Normal,No action needed,7
CUST044128,Mass,0.0113623481781376,Low,0,3174317.76,0,Normal,No action needed,7
CUST008079,Affluent,0.2267249329768284,Low,0,12797466.51,0,Normal,No action needed,7
CUST017663,Mass,0.1325246195352673,Low,0,6619557.55,0,Normal,No action needed,7
CUST004904,Affluent,0.0007155191530117,Low,0,20057649.31,0,Normal,No action needed,7
CUST024553,HNI,0.0012331278120313,Low,0,42101888.93,0,Normal,No action needed,7
CUST044183,Mass,0.0091431882931882,Low,0,2801381.67,0,Normal,No action needed,7
CUST018969,Mass,0.0,,0,5452807.07,0,Normal,No action needed,7
CUST008118,Mass,0.0029090909090909,Low,0,4428821.03,0,Normal,No action needed,7
CUST032393,Mass,0.2042908477751658,Low,0,3170914.09,0,Normal,No action needed,7
CUST020320,Mass,0.0006506559458315,Low,0,6235920.25,0,Normal,No action needed,7
CUST014650,Affluent,3.0303030303030302e-05,Low,0,14853186.94,0,Normal,No action needed,7
CUST045469,Ultra HNI,0.0086231429932747,Low,0,91061813.59,1,High frequency trader,Flag for algo trading review — separate model needed,7
CUST036874,HNI,0.0017195054945054,Low,0,26318635.7,0,Normal,No action needed,7
CUST049116,Affluent,0.218535016889286,Low,0,9609435.14,0,Normal,No action needed,7
CUST033742,Mass,0.000625,Low,0,8211229.79,0,Normal,No action needed,7
CUST046228,Affluent,0.0010526315789473,Low,0,19239072.5,0,Normal,No action needed,7
CUST008251,Mass,0.0001938485087656,Low,0,7481966.41,0,Normal,No action needed,7
CUST002462,Mass,0.1224892233351687,Low,0,1705904.88,0,Normal,No action needed,7
CUST000978,Affluent,0.0005844155844155,Low,0,12906414.93,0,Normal,No action needed,7
CUST045243,Affluent,0.0002272727272727,Low,0,17658397.5,0,Normal,No action needed,7
CUST047609,Mass,0.0022052401746724,Low,0,6851203.14,0,Normal,No action needed,7
CUST023864,Mass,0.0022727272727272,Low,0,4993043.32,0,Normal,No action needed,7
CUST031965,Affluent,0.0001412429378531,Low,0,17040893.41,0,Normal,No action needed,7
CUST032476,HNI,0.0,,0,46958182.18,0,Normal,No action needed,7
CUST048777,Mass,0.0038392857142857,Low,0,6709522.98,0,Normal,No action needed,7
CUST011060,Affluent,0.0,,0,14812418.99,0,Normal,No action needed,7
CUST018669,Mass,0.0017949735449735,Low,0,3650886.13,0,Normal,No action needed,7
CUST025852,Mass,0.0006944444444444,Low,0,4119336.7,0,Normal,No action needed,7
CUST030078,Mass,0.0022619047619047,Low,0,5931041.55,0,Normal,No action needed,7
CUST039423,Mass,0.001972693032015,Low,0,8561466.25,0,Normal,No action needed,7
CUST001845,HNI,0.1160990699377154,Low,0,46932622.69,1,Other anomaly,No action needed,7
CUST034181,Mass,0.0008333333333333,Low,0,5134877.4,0,Normal,No action needed,7
CUST008862,Affluent,0.0018930020283975,Low,0,14847598.62,0,Normal,No action needed,7
CUST036902,Mass,0.0016666666666666,Low,0,5225965.74,0,Normal,No action needed,7
CUST011755,Affluent,0.0,,0,16661439.42,0,Normal,No action needed,7
CUST046111,Mass,0.0004277226078528,Low,0,4323630.44,0,Normal,No action needed,7
CUST048754,Mass,0.0016666666666666,Low,0,6330594.51,0,Normal,No action needed,7
CUST016261,Mass,0.0004922676466084,Low,0,6344641.31,0,Normal,No action needed,7
CUST022261,Mass,0.2448084796984228,Low,0,2646881.51,0,Normal,No action needed,7
CUST021678,Mass,0.0003649819846851,Low,0,7236215.140000001,0,Normal,No action needed,7
CUST043821,Affluent,0.0,,0,13044973.28,0,Normal,No action needed,7
CUST025286,Affluent,0.0,,0,21853755.14,0,Normal,No action needed,7
CUST016324,Mass,0.0006,Low,0,8788330.91,0,Normal,No action needed,7
CUST001778,Mass,0.0,,0,8723228.620000001,0,Normal,No action needed,7
CUST036710,Mass,0.0004166666666666,Low,0,6690219.5600000005,0,Normal,No action needed,7
CUST024116,Mass,0.1758477595830241,Low,0,10977010.12,0,Normal,No action needed,7
CUST020812,Mass,0.0019467787114845,Low,0,5635324.850000001,0,Normal,No action needed,7
CUST004663,Mass,0.1383925843229314,Low,0,5948452.25,0,Normal,No action needed,7
CUST008181,Mass,0.0016071428571428,Low,0,4828416.79,0,Normal,No action needed,7
CUST004954,Mass,0.0005803571428571,Low,0,7965324.880000001,0,Normal,No action needed,7
CUST030895,Mass,0.0183207054884686,Low,0,1596629.12,0,Normal,No action needed,7
CUST025643,Mass,0.0,,0,5668862.350000001,0,Normal,No action needed,7
CUST016134,Affluent,0.0029423076923076,Low,0,22901734.32,0,Normal,No action needed,7
CUST014783,Mass,0.174375289010858,Low,0,3614478.79,0,Normal,No action needed,7
CUST041185,Mass,0.1442450836098302,Low,0,10383430.55,0,Normal,No action needed,7
CUST012379,Mass,0.1203526268360147,Low,1,3375884.38,0,Normal,No action needed,7
CUST011123,Affluent,0.00032877882152,Low,0,10694884.06,0,Normal,No action needed,7
CUST027849,Affluent,0.2875145067111088,Low,1,18648601.57,0,Normal,No action needed,7
CUST018815,HNI,0.000340909090909,Low,0,37030898.52,0,Normal,No action needed,7
CUST037744,Mass,0.0035786365737822,Low,0,3802822.45,0,Normal,No action needed,7
CUST031229,Mass,0.0018181818181818,Low,0,5055695.22,0,Normal,No action needed,7
CUST045620,Affluent,0.1850842548105361,Low,0,13077773.11,0,Normal,No action needed,7
CUST002574,Mass,0.1373436491166745,Low,0,10395368.42,0,Normal,No action needed,7
CUST012210,Affluent,0.0009530929596719,Low,0,40243444.83,0,Normal,No action needed,7
CUST031238,Affluent,0.0008677685950413,Low,0,16071153.19,0,Normal,No action needed,7
CUST049219,Mass,0.0030555555555555,Low,0,8977349.030000001,0,Normal,No action needed,7
CUST006498,Mass,0.0014706323971029,Low,0,5863509.29,0,Normal,No action needed,7
CUST041762,Affluent,0.00032877882152,Low,0,18689028.49,0,Normal,No action needed,7
CUST024329,Mass,0.0110511286958655,Low,0,3678613.37,0,Normal,No action needed,7
CUST016937,Mass,0.0012071830265848,Low,0,3905481.32,0,Normal,No action needed,7
CUST046766,Mass,0.0046705304680794,Low,0,13020888.59,0,Normal,No action needed,7
CUST029800,Affluent,0.2045623873138527,Low,0,14933935.84,0,Normal,No action needed,7
CUST019584,HNI,0.0016666666666666,Low,0,23844079.17,0,Normal,No action needed,7
CUST022740,Mass,0.015812852833441,Low,0,1696115.0599999998,0,Normal,No action needed,7
CUST003279,Mass,0.0005882352941176,Low,0,8605951.6,0,Normal,No action needed,7
CUST020410,Mass,0.0,,0,5095047.58,0,Normal,No action needed,7
CUST004220,Mass,0.0,,0,7076100.93,0,Normal,No action needed,7
CUST032382,Affluent,0.0,,0,22535802.92,0,Normal,No action needed,7
CUST025346,Mass,0.1616897836409851,Low,0,5746014.41,0,Normal,No action needed,7
CUST010718,Affluent,0.1175972816479029,Low,0,11650704.73,0,Normal,No action needed,7
CUST037995,Mass,0.0005035971223021,Low,0,9602175.45,0,Normal,No action needed,7
CUST020134,Mass,0.0124979298130041,Low,0,3572181.86,0,Normal,No action needed,7
CUST008373,Affluent,0.1554333612696442,Low,1,9250066.22,0,Normal,No action needed,7
CUST013375,Affluent,0.0030555555555555,Low,0,14354139.96,0,Normal,No action needed,7
CUST045371,Affluent,0.0019954454881867,Low,0,19572714.29,0,Normal,No action needed,7
CUST020130,Affluent,0.0036663216011042,Low,0,12733848.56,0,Normal,No action needed,7
CUST014672,Mass,0.0027719298245614,Low,0,4530603.69,0,Normal,No action needed,7
CUST017758,Mass,0.0017737330478229,Low,0,3515945.37,0,Normal,No action needed,7
CUST028961,Mass,0.0,,0,5521851.22,0,Normal,No action needed,7
CUST047217,HNI,0.223209732524355,Low,0,27969194.82,0,Normal,No action needed,7
CUST021048,Mass,0.2243760429883317,Low,0,3502985.6,0,Normal,No action needed,7
CUST043298,HNI,0.0,,0,29679553.61,0,Normal,No action needed,7
CUST042816,Affluent,0.1564902601388229,Low,0,17239102.28,0,Normal,No action needed,7
CUST012617,Mass,0.000782208588957,Low,0,6981872.390000001,0,Normal,No action needed,7
CUST007424,Mass,0.0091167717086834,Low,0,9616772.72,0,Normal,No action needed,7
CUST038121,HNI,0.0006687693786494,Low,0,36551077.79,0,Normal,No action needed,7
CUST024215,HNI,0.0010969886053498,Low,0,43149398.62,0,Normal,No action needed,7
CUST018640,Mass,0.0047243107769423,Low,0,11753937.21,0,Normal,No action needed,7
CUST048549,Mass,0.0047863247863247,Low,0,5164082.08,0,Normal,No action needed,7
CUST017305,HNI,0.1239126083060465,Low,0,37045795.56,1,Other anomaly,No action needed,7
CUST005341,Mass,0.0015456572723818,Low,0,3130924.76,0,Normal,No action needed,7
CUST019620,Affluent,0.0,,0,23390197.82,0,Normal,No action needed,7
CUST011854,Mass,0.0017575757575757,Low,0,6357329.16,0,Normal,No action needed,7
CUST044349,Mass,0.0,,0,4190883.63,0,Normal,No action needed,7
CUST004991,HNI,0.222834389028436,Low,0,31310563.62,0,Normal,No action needed,7
CUST007486,Affluent,0.0,,0,12990359.88,0,Normal,No action needed,7
CUST034801,Affluent,0.1744153447016398,Low,0,14925287.94,0,Normal,No action needed,7
CUST022456,HNI,0.0,,0,33268118.61,0,Normal,No action needed,7
CUST017042,Affluent,0.0042,Low,0,15680760.31,0,Normal,No action needed,7
CUST048293,Mass,0.0,,0,6036785.67,0,Normal,No action needed,7
CUST036761,Mass,0.0165224221831672,Low,0,2836617.99,0,Normal,No action needed,7
CUST011478,Mass,0.2390873277767555,Low,1,3144067.1699999995,0,Normal,No action needed,7
CUST035894,Ultra HNI,0.0018977923205556,Low,0,91762232.04,1,High frequency trader,Flag for algo trading review — separate model needed,7
CUST006927,Affluent,0.0017156862745098,Low,0,21799378.33,0,Normal,No action needed,7
CUST019686,Mass,0.1663677890848012,Low,0,3295328.64,0,Normal,No action needed,7
CUST036704,Mass,0.1692650571753598,Low,0,5336889.2700000005,0,Normal,No action needed,7
CUST028099,HNI,0.0024833333333333,Low,0,42254523.38,1,High frequency trader,Flag for algo trading review — separate model needed,7
CUST034625,Affluent,0.0,,0,15324591.13,0,Normal,No action needed,7
CUST036016,Affluent,0.0006065565992978,Low,0,14979498.38,0,Normal,No action needed,7
CUST002915,Affluent,0.0011965474165613,Low,0,15860315.88,0,Normal,No action needed,7
CUST033693,Mass,0.1449349410958574,Low,0,6477831.0,0,Normal,No action needed,7
CUST009397,HNI,0.0004347826086956,Low,0,45494628.82,1,Other anomaly,No action needed,7
CUST034767,Mass,0.0025385735080058,Low,0,10242652.06,0,Normal,No action needed,7
CUST006802,Mass,0.006557486631016,Low,0,10252988.05,0,Normal,No action needed,7
CUST034065,Mass,0.0008101851851851,Low,0,5526597.71,0,Normal,No action needed,7
CUST040218,HNI,0.0006034844019229,Low,0,42990962.760000005,0,Normal,No action needed,7
CUST028596,Mass,0.0001013513513513,Low,0,8131691.140000001,0,Normal,No action needed,7
CUST048473,Mass,0.0008333333333333,Low,0,9009574.18,0,Normal,No action needed,7
CUST001333,Mass,0.0004567307692307,Low,0,6625142.44,0,Normal,No action needed,7
CUST012931,Mass,0.0039047619047619,Low,0,4804598.19,0,Normal,No action needed,7
CUST007847,Affluent,0.1446684562269531,Low,0,21388453.06,0,Normal,No action needed,7
CUST038207,Mass,0.0009090909090909,Low,0,3816886.55,0,Normal,No action needed,7
CUST011660,Affluent,0.0,,0,12858945.06,0,Normal,No action needed,7
CUST005383,Mass,0.0062824694667858,Low,0,5377898.55,0,Normal,No action needed,7
CUST020226,Mass,6.134969325153375e-05,Low,0,5734916.49,0,Normal,No action needed,7
CUST046337,Mass,0.0001981698169816,Low,0,8231181.5,0,Normal,No action needed,7
CUST012687,Affluent,0.000720073664825,Low,0,24985846.38,0,Normal,No action needed,7
CUST026595,Mass,0.0004653679653679,Low,0,3909260.93,0,Normal,No action needed,7
CUST049312,Mass,0.137922118503455,Low,0,8377905.100000001,0,Normal,No action needed,7
CUST013233,Affluent,0.0011820652173913,Low,0,13297367.84,0,Normal,No action needed,7
CUST002001,Affluent,0.1456494290690693,Low,0,13915053.79,0,Normal,No action needed,7
CUST021635,Affluent,0.0,,0,19428060.29,0,Normal,No action needed,7
CUST032312,Affluent,0.0035074074074074,Low,0,18461960.92,0,Normal,No action needed,7
CUST025764,Mass,0.0011174994258718,Low,0,3942400.43,0,Normal,No action needed,7
CUST012195,Mass,0.0031212044534412,Low,0,7740352.81,0,Normal,No action needed,7
CUST027624,Affluent,0.0,,0,14566698.72,0,Normal,No action needed,7
CUST005767,Mass,0.0027086707152496,Low,0,10119506.95,0,Normal,No action needed,7
CUST003967,Mass,0.0041919567062818,Low,0,4318218.71,0,Normal,No action needed,7
CUST014671,Mass,0.0069372776981472,Low,0,7826145.930000001,0,Normal,No action needed,7
CUST010353,Affluent,0.0,,0,20350812.87,0,Normal,No action needed,7
CUST006625,Affluent,6.493506493506494e-05,Low,0,19255892.91,0,Normal,No action needed,7
CUST001109,Mass,0.1666553729187613,Low,0,2864075.71,0,Normal,No action needed,7
CUST017483,Affluent,0.0007142857142857,Low,0,25406643.83,0,Normal,No action needed,7
CUST010214,Ultra HNI,0.148757567548316,Low,0,61012305.11,1,High frequency trader,Flag for algo trading review — separate model needed,7
CUST005962,Mass,0.005260987153482,Low,0,3568262.99,0,Normal,No action needed,7
CUST026160,Affluent,0.0034188409333213,Low,0,13286580.41,0,Normal,No action needed,7
CUST026388,Ultra HNI,0.0073442796350909,Low,0,77556557.03,1,High frequency trader,Flag for algo trading review — separate model needed,7
CUST037588,Affluent,0.0007894736842105,Low,0,11784081.37,0,Normal,No action needed,7
CUST038337,HNI,0.0001412429378531,Low,0,35213662.63,0,Normal,No action needed,7
CUST021410,Mass,0.1414363036392643,Low,0,3496773.49,0,Normal,No action needed,7
CUST009185,HNI,0.0,,0,45467671.1,0,Normal,No action needed,7
CUST021446,Affluent,0.1656402117989314,Low,0,16700906.8,0,Normal,No action needed,7
CUST003919,Affluent,0.0002601156069364,Low,0,15462903.33,0,Normal,No action needed,7
CUST016122,Affluent,0.0,,0,17355082.46,0,Normal,No action needed,7
CUST023462,Affluent,0.0,,0,19248745.31,0,Normal,No action needed,7
CUST041899,Mass,0.0072682795698924,Low,0,4051243.86,0,Normal,No action needed,7
CUST019488,Affluent,0.2318135193075088,Low,0,10759801.83,0,Normal,No action needed,7
CUST034009,Mass,0.0006830104923325,Low,0,6496594.58,0,Normal,No action needed,7
CUST043855,Affluent,0.0016071428571428,Low,0,27166674.12,0,Normal,No action needed,7
CUST048989,Mass,0.2872491737221591,Low,0,8484466.94,0,Normal,No action needed,7
CUST041261,Affluent,0.1531246865679274,Low,0,11845658.22,0,Normal,No action needed,7
CUST025672,HNI,0.2046107949481993,Low,0,35064815.64,0,Normal,No action needed,7
CUST038649,Mass,0.0051351851851851,Low,0,3658334.59,0,Normal,No action needed,7
CUST032503,Mass,0.0,,0,8275226.680000001,0,Normal,No action needed,7
CUST022454,Affluent,0.0,,0,15468224.67,0,Normal,No action needed,7
CUST013656,Mass,0.0004017505125374,Low,0,10408815.010000002,0,Normal,No action needed,7
CUST038376,Mass,0.0056308066026363,Low,0,10173658.39,0,Normal,No action needed,7
CUST019409,Mass,0.0007621082621082,Low,0,2739789.23,0,Normal,No action needed,7
CUST040422,Mass,0.0022566137566137,Low,0,3001495.25,0,Normal,No action needed,7
CUST019066,Ultra HNI,0.002037037037037,Low,0,79360042.76,1,High frequency trader,Flag for algo trading review — separate model needed,7
CUST009521,Affluent,0.1120191326336987,Low,0,9612022.45,0,Normal,No action needed,7
CUST010559,Ultra HNI,0.0025925925925925,Low,0,60854946.82,1,High frequency trader,Flag for algo trading review — separate model needed,7
CUST046312,Affluent,0.0030526315789473,Low,0,10056328.46,0,Normal,No action needed,7
CUST029339,HNI,5.2910052910052905e-05,Low,0,39265834.99,0,Normal,No action needed,7
CUST032693,Mass,0.0001470588235294,Low,0,11220496.94,0,Normal,No action needed,7
CUST048350,Affluent,0.2730931875278359,Low,0,8868868.58,0,Normal,No action needed,7
CUST006312,Mass,0.0007142857142857,Low,0,2851963.92,0,Normal,No action needed,7
CUST014225,Mass,0.0,,0,6215184.7,0,Normal,No action needed,7
CUST046653,HNI,0.0,,0,48862654.15,0,Normal,No action needed,7
CUST008743,Mass,0.0150500243575691,Low,0,2581927.58,0,Normal,No action needed,7
CUST012166,Mass,0.0,,0,7760642.01,0,Normal,No action needed,7
CUST017434,Mass,0.0002272727272727,Low,0,3395864.2,0,Normal,No action needed,7
CUST046545,HNI,0.0,,0,40307149.13,0,Normal,No action needed,7
CUST009186,Mass,0.0004567307692307,Low,0,8774469.55,0,Normal,No action needed,7
CUST027449,Mass,0.0009456562266964,Low,0,5115848.390000001,0,Normal,No action needed,7
CUST038764,Mass,0.0007655714809337,Low,0,6011991.260000001,0,Normal,No action needed,7
CUST046486,Mass,0.002328049577283,Low,0,4564821.35,0,Normal,No action needed,7
CUST046295,Affluent,0.1668021104319862,Low,0,17110679.91,0,Normal,No action needed,7
CUST012969,Mass,0.002,Low,0,7040919.83,0,Normal,No action needed,7
CUST017676,Affluent,0.1773727493347197,Low,0,16318619.59,0,Normal,No action needed,7
CUST006521,Mass,0.1177108041711831,Low,0,9797992.75,0,Normal,No action needed,7
CUST028774,Mass,0.0003125,Low,0,12172150.17,0,Normal,No action needed,7
CUST003224,Affluent,0.1037627057001926,Low,0,15927008.69,0,Normal,No action needed,7
CUST048926,Ultra HNI,0.1734190937784277,Low,1,64645673.22,1,High frequency trader,Flag for algo trading review — separate model needed,7
CUST013213,Affluent,0.0,,0,18201150.03,0,Normal,No action needed,7
CUST007427,Mass,0.0125730370205989,Low,0,2686866.02,0,Normal,No action needed,7
CUST025156,HNI,0.0009291443850267,Low,0,33950014.82,0,Normal,No action needed,7
CUST036141,Affluent,0.0018703703703703,Low,0,14459837.56,0,Normal,No action needed,7
CUST008254,Mass,0.0033481481481481,Low,0,9116117.63,0,Normal,No action needed,7
CUST019522,Mass,0.0004279169527691,Low,0,5785733.26,0,Normal,No action needed,7
CUST011220,Mass,0.0,,0,13770011.68,0,Normal,No action needed,7
CUST032028,HNI,0.0024305555555555,Low,0,47967930.9,0,Normal,No action needed,7
CUST026773,HNI,6.493506493506494e-05,Low,0,43708860.42,0,Normal,No action needed,7
CUST035432,Mass,0.0007655714809337,Low,0,11013450.49,0,Normal,No action needed,7
CUST013157,Mass,0.0,,0,7648347.279999999,0,Normal,No action needed,7
CUST023655,Affluent,0.0015384615384615,Low,0,10860068.45,0,Normal,No action needed,7
CUST010775,Affluent,0.0,,0,19603816.450000003,0,Normal,No action needed,7
CUST010219,HNI,0.1919720853565676,Low,0,36459256.71,0,Normal,No action needed,7
CUST020253,HNI,0.0002272727272727,Low,0,39182793.93,0,Normal,No action needed,7
CUST024511,Affluent,0.000253164556962,Low,0,17977229.4,0,Normal,No action needed,7
CUST025200,Mass,0.018936795962658,Low,0,3357958.6100000003,0,Normal,No action needed,7
CUST035929,Affluent,0.0009954454881867,Low,0,14544898.45,0,Normal,No action needed,7
CUST017187,Affluent,0.0,,0,11001544.95,0,Normal,No action needed,7
CUST024234,Mass,0.0,,0,8642824.01,0,Normal,No action needed,7
CUST010814,Mass,0.0001072607260726,Low,0,13223492.25,0,Normal,No action needed,7
CUST008412,Affluent,0.2218391353073204,Low,0,16436872.7,0,Normal,No action needed,7
CUST019506,HNI,0.0006040669856459,Low,0,46868741.94,0,Normal,No action needed,7
CUST003061,Affluent,0.0032692307692307,Low,0,22426553.7,0,Normal,No action needed,7
CUST021240,Affluent,0.2373648691938981,Low,0,21347635.41,0,Normal,No action needed,7
CUST047729,Affluent,0.2063488003595712,Low,0,16363686.29,0,Normal,No action needed,7
CUST004693,Affluent,0.0002197802197802,Low,0,19304378.08,0,Normal,No action needed,7
CUST017554,Affluent,0.0004166666666666,Low,0,25653144.11,0,Normal,No action needed,7
CUST027760,Affluent,0.1315743706416523,Low,0,13146550.25,0,Normal,No action needed,7
CUST005227,HNI,0.0036583333333333,Low,0,39443978.3,0,Normal,No action needed,7
CUST039722,Affluent,0.2617657318928203,Low,1,19571263.86,0,Normal,No action needed,7
CUST037742,Mass,0.0036403957234599,Low,0,6945025.57,0,Normal,No action needed,7
CUST043478,Mass,9.09090909090909e-05,Low,0,6165613.64,0,Normal,No action needed,7
CUST017174,Mass,0.1485274139536866,Low,0,13025309.31,0,Normal,No action needed,7
CUST020019,Affluent,0.0019198312236286,Low,0,18322755.26,0,Normal,No action needed,7
CUST045618,Affluent,0.0008677685950413,Low,0,14347249.25,0,Normal,No action needed,7
CUST018068,Affluent,0.0,,0,14150808.12,0,Normal,No action needed,7
CUST044868,Mass,0.0004567307692307,Low,0,6605958.43,0,Normal,No action needed,7
CUST034593,Mass,0.0023946078431372,Low,0,4126876.87,0,Normal,No action needed,7
CUST022753,Affluent,0.0,,0,18290458.83,0,Normal,No action needed,7
CUST046786,HNI,0.0010526315789473,Low,0,41954183.29,0,Normal,No action needed,7
CUST009276,Ultra HNI,0.0013894736842105,Low,0,78768496.88,1,High frequency trader,Flag for algo trading review — separate model needed,7
CUST006029,Mass,0.206444549996037,Low,0,2510517.41,0,Normal,No action needed,7
CUST038178,Mass,0.0018031123670473,Low,0,4411287.74,0,Normal,No action needed,7
CUST043389,Mass,0.0060049819231988,Low,0,12731986.78,0,Normal,No action needed,7
CUST001614,Mass,0.1948279117646127,Low,1,7153036.8100000005,0,Normal,No action needed,7
CUST007153,Mass,0.0029942209893666,Low,0,3806470.97,0,Normal,No action needed,7
CUST039913,Mass,0.0063803082585691,Low,0,3201385.47,0,Normal,No action needed,7
CUST041712,Mass,0.0050198412698412,Low,0,5669454.68,0,Normal,No action needed,7
CUST035226,Mass,0.0004166666666666,Low,0,4891148.38,0,Normal,No action needed,7
CUST047821,Mass,0.0075222383610541,Low,0,2365289.22,0,Normal,No action needed,7
CUST007948,Mass,0.005048319327731,Low,0,3737699.78,0,Normal,No action needed,7
CUST014755,Mass,0.0007894736842105,Low,0,6698231.72,0,Normal,No action needed,7
CUST012002,Affluent,0.0,,0,17984320.86,0,Normal,No action needed,7
CUST027691,Mass,0.0081190044075706,Low,0,1845619.91,0,Normal,No action needed,7
CUST018829,Ultra HNI,0.0124599655246714,Low,0,65410694.69,1,High frequency trader,Flag for algo trading review — separate model needed,7
CUST020965,Mass,0.0005970149253731,Low,0,5494787.46,0,Normal,No action needed,7
CUST015815,Affluent,0.1886167092635643,Low,0,8705774.05,0,Normal,No action needed,7
CUST025044,Mass,0.0018481252149982,Low,0,9974287.51,0,Normal,No action needed,7
CUST018023,Mass,4.1666666666666665e-05,Low,0,4873806.98,0,Normal,No action needed,7
CUST003904,Mass,0.0032750700280112,Low,0,6936037.0,0,Normal,No action needed,7
CUST032067,Mass,0.0007894736842105,Low,0,8544938.66,0,Normal,No action needed,7
CUST041931,Mass,0.001774193548387,Low,0,12110527.74,0,Normal,No action needed,7
CUST016653,Affluent,0.0036535303776683,Low,0,15074936.5,0,Normal,No action needed,7
CUST045479,Mass,0.0,,0,9027400.43,0,Normal,No action needed,7
CUST036101,Affluent,0.0007867403314917,Low,0,15097460.35,0,Normal,No action needed,7
CUST023982,Affluent,0.0,,0,11228468.36,0,Normal,No action needed,7
CUST028463,Mass,0.1552540180387884,Low,0,3863553.71,0,Normal,No action needed,7
CUST005846,Mass,0.004345238095238,Low,0,5314870.09,0,Normal,No action needed,7
CUST012015,Mass,0.0027894288150042,Low,0,3428547.79,0,Normal,No action needed,7
CUST015900,Affluent,0.0,,0,22933039.6,0,Normal,No action needed,7
CUST019915,Mass,0.0008823529411764,Low,0,4216019.51,0,Normal,No action needed,7
CUST049879,Mass,0.1722481404137244,Low,1,8102774.29,0,Normal,No action needed,7
CUST036480,Mass,0.0013525584844603,Low,0,7362799.37,0,Normal,No action needed,7
CUST004744,Mass,0.0,,0,5352409.25,0,Normal,No action needed,7
CUST038103,Mass,0.0025588235294117,Low,0,3912922.83,0,Normal,No action needed,7
CUST023048,Affluent,0.0,,0,25492547.48,0,Normal,No action needed,7
CUST023845,Affluent,0.0,,0,19318387.19,0,Normal,No action needed,7
CUST044385,HNI,0.0025925925925925,Low,0,31091153.98,0,Normal,No action needed,7
CUST031358,Mass,0.0037703038270522,Low,0,6801400.53,0,Normal,No action needed,7
CUST009701,Affluent,0.1682589524447781,Low,1,9271512.4,0,Normal,No action needed,7
CUST041969,Mass,0.0,,0,4315275.510000001,0,Normal,No action needed,7
CUST011495,Mass,0.1545636155758284,Low,0,2560064.54,0,Normal,No action needed,7
CUST033337,HNI,0.0,,0,45229250.83,0,Normal,No action needed,7
CUST033187,Mass,0.1046320304017965,Low,0,5414668.41,0,Normal,No action needed,7
CUST049208,Mass,0.0001785714285714,Low,0,3670697.98,0,Normal,No action needed,7
CUST014207,Mass,0.0045945836194357,Low,0,5044825.2,0,Normal,No action needed,7
CUST031240,Mass,0.0004545454545454,Low,0,8169417.8,0,Normal,No action needed,7
CUST041731,Ultra HNI,0.0003571428571428,Low,0,82116658.19,1,High frequency trader,Flag for algo trading review — separate model needed,7
CUST021677,Mass,0.0062004901960784,Low,0,3575304.57,0,Normal,No action needed,7
CUST008937,Affluent,0.0,,0,21843161.3,0,Normal,No action needed,7
CUST023106,Mass,0.0010349419409822,Low,0,5834711.069999999,0,Normal,No action needed,7
CUST046156,Mass,0.0058720238095238,Low,0,3209907.84,0,Normal,No action needed,7
CUST029161,Affluent,0.1286052013671511,Low,1,11053054.3,0,Normal,No action needed,7
CUST046644,HNI,5.2910052910052905e-05,Low,0,35795719.65,0,Normal,No action needed,7
CUST049520,Mass,0.0,,0,5550565.56,0,Normal,No action needed,7
CUST002985,Mass,0.0025816993464052,Low,0,8980864.280000001,0,Normal,No action needed,7
CUST041044,Mass,0.0003367333971145,Low,0,6058948.79,0,Normal,No action needed,7
CUST043398,Affluent,0.0997034600790158,Low,0,14171343.13,0,Normal,No action needed,7
CUST045534,Mass,0.0,,0,5392055.75,0,Normal,No action needed,7
CUST002209,Affluent,0.0003867403314917,Low,0,18069795.8,0,Normal,No action needed,7
CUST030454,HNI,0.0017337164750957,Low,0,42101042.02,0,Normal,No action needed,7
CUST044174,Mass,0.0010613496932515,Low,0,4666725.76,0,Normal,No action needed,7
CUST023807,Mass,0.2383651829434445,Low,1,4361923.41,0,Normal,No action needed,7
CUST025452,Mass,0.0001401869158878,Low,0,6732421.34,0,Normal,No action needed,7
CUST025733,Mass,0.0004279169527691,Low,0,5902188.63,0,Normal,No action needed,7
CUST004472,Mass,0.2107098246886392,Low,0,3942465.44,0,Normal,No action needed,7
CUST036186,Mass,0.2076548437304786,Low,0,4375768.74,0,Normal,No action needed,7
CUST035660,HNI,0.0,,0,27157743.44,0,Normal,No action needed,7
CUST001515,Mass,0.0011613272311212,Low,0,15543980.31,0,Normal,No action needed,7
CUST020272,Affluent,0.0017647058823529,Low,0,18095126.19,0,Normal,No action needed,7
CUST004606,Mass,0.0025803571428571,Low,0,5016813.890000001,0,Normal,No action needed,7
CUST014358,Mass,0.1444222160043445,Low,0,5215807.15,0,Normal,No action needed,7
CUST026731,Affluent,0.0,,0,14560149.12,0,Normal,No action needed,7
CUST014994,Mass,0.2546838964361251,Low,0,6094768.609999999,0,Normal,No action needed,7
CUST021731,Ultra HNI,0.0011996336996336,Low,0,72759014.17,1,High frequency trader,Flag for algo trading review — separate model needed,7
CUST007384,HNI,0.0008928571428571,Low,0,46921120.4,0,Normal,No action needed,7
CUST032556,Mass,0.0035046636819102,Low,0,6630679.65,0,Normal,No action needed,7
CUST010447,HNI,0.0024250782764276,Low,0,44836927.38,1,Other anomaly,No action needed,7
CUST028322,Affluent,0.0,,0,20482268.53,0,Normal,No action needed,7
CUST043991,Mass,0.0008129238733049,Low,0,5896966.19,0,Normal,No action needed,7
CUST016899,Mass,0.0,,0,3397590.12,0,Normal,No action needed,7
CUST002797,Affluent,0.0004163261303082,Low,0,28772218.96,0,Normal,No action needed,7
CUST020523,Mass,0.00225,Low,0,4471318.44,0,Normal,No action needed,7
CUST021618,Mass,0.002016806722689,Low,0,10136731.28,0,Normal,No action needed,7
CUST042720,Mass,0.0047061403508771,Low,0,3500159.59,0,Normal,No action needed,7
CUST039241,Mass,0.0087198079733565,Low,0,9888177.27,0,Normal,No action needed,7
CUST025294,Mass,0.1156803099211525,Low,0,4089148.15,0,Normal,No action needed,7
CUST044285,Mass,0.005496167911609,Low,0,3218212.29,0,Normal,No action needed,7
CUST038481,Mass,0.0233387645063341,Low,0,3685852.88,0,Normal,No action needed,7
CUST041047,Mass,0.0023803371769577,Low,0,14275276.21,0,Normal,No action needed,7
CUST031657,Mass,0.006224763293069,Low,0,2069940.68,0,Normal,No action needed,7
CUST046513,Mass,0.0015650368717853,Low,0,8697321.35,0,Normal,No action needed,7
CUST009173,Affluent,0.1230152223299234,Low,0,20617950.99,0,Normal,No action needed,7
CUST004523,HNI,0.0010144927536231,Low,0,36612759.82,0,Normal,No action needed,7
CUST013720,Mass,0.0,,0,7302711.53,0,Normal,No action needed,7
CUST014906,Mass,4.1666666666666665e-05,Low,0,4472563.74,0,Normal,No action needed,7
CUST013584,Mass,0.0055303624480095,Low,0,7682320.42,0,Normal,No action needed,7
CUST020332,Mass,0.0016666666666666,Low,0,4926395.37,0,Normal,No action needed,7
CUST033774,Mass,0.0,,0,4131090.14,0,Normal,No action needed,7
CUST001518,HNI,0.0039148351648351,Low,0,31083781.59,0,Normal,No action needed,7
CUST016933,Mass,0.0033524784182678,Low,0,9581301.15,0,Normal,No action needed,7
CUST001005,Mass,0.0004437997782708,Low,0,5868154.04,0,Normal,No action needed,7
CUST012400,Mass,0.0004567307692307,Low,0,8505761.74,0,Normal,No action needed,7
CUST014720,Mass,0.0019593787335722,Low,0,3539549.42,0,Normal,No action needed,7
CUST048589,Mass,0.1231206639808391,Low,0,3187522.78,0,Normal,No action needed,7
CUST048532,Affluent,0.002064935064935,Low,0,11777350.62,0,Normal,No action needed,7
CUST026805,Affluent,0.0,,0,17363451.22,0,Normal,No action needed,7
CUST006948,Mass,0.1203377991435438,Low,0,6310786.54,0,Normal,No action needed,7
CUST015118,Mass,0.0,,0,5646037.84,0,Normal,No action needed,7
CUST016427,Mass,0.0,,0,8704141.28,0,Normal,No action needed,7
CUST025130,Mass,0.0001289134438305,Low,0,12180671.44,0,Normal,No action needed,7
CUST002348,Mass,0.0001072607260726,Low,0,9245572.95,0,Normal,No action needed,7
CUST010628,Affluent,0.000359081851823,Low,0,15814163.25,0,Normal,No action needed,7
CUST032319,Mass,0.1615785900775979,Low,0,6669118.99,0,Normal,No action needed,7
CUST018688,Mass,0.0026341571277853,Low,0,3045868.4,0,Normal,No action needed,7
CUST042428,Mass,0.0009792816803096,Low,0,3552910.73,0,Normal,No action needed,7
CUST032635,Mass,0.0017857142857142,Low,0,7578648.1,0,Normal,No action needed,7
CUST035282,Affluent,0.0007155191530117,Low,0,20269260.54,0,Normal,No action needed,7
CUST024988,Mass,0.0004166666666666,Low,0,4525752.75,0,Normal,No action needed,7
CUST043682,Mass,0.0101283439340128,Low,0,2679638.63,0,Normal,No action needed,7
CUST000636,Mass,0.003,Low,0,4862242.27,0,Normal,No action needed,7
CUST014931,HNI,0.1432289735054795,Low,0,30952198.46,0,Normal,No action needed,7
CUST044913,Affluent,0.0015832877480531,Low,0,15464005.62,0,Normal,No action needed,7
CUST023175,Mass,0.0007799352750809,Low,0,5638087.2,0,Normal,No action needed,7
CUST012678,Affluent,0.0017878787878787,Low,0,13029672.29,0,Normal,No action needed,7
CUST003889,Mass,0.0,,0,4407513.7,0,Normal,No action needed,7
CUST018421,Affluent,0.0,,0,19723261.69,0,Normal,No action needed,7
CUST002477,Affluent,0.0003686868686868,Low,0,15425116.22,0,Normal,No action needed,7
CUST017887,Mass,0.0004761904761904,Low,0,9117787.18,0,Normal,No action needed,7
CUST016108,Affluent,0.0,,0,21511246.09,0,Normal,No action needed,7
CUST039623,Mass,0.1350435889102244,Low,0,3875877.45,0,Normal,No action needed,7
CUST045182,Mass,0.1209187198894213,Low,0,4054189.09,0,Normal,No action needed,7
CUST024021,Affluent,0.0,,0,19089717.06,0,Normal,No action needed,7
CUST005616,Mass,0.1014327791021369,Low,0,10483448.88,0,Normal,No action needed,7
CUST017901,Mass,0.1440799229756203,Low,0,2568303.8,0,Normal,No action needed,7
CUST033973,Mass,0.0004184925503943,Low,0,4048496.01,0,Normal,No action needed,7
CUST001798,HNI,0.0,,0,41329504.03,0,Normal,No action needed,7
CUST003456,Ultra HNI,0.0113891543239369,Low,0,110537423.14,1,High frequency trader,Flag for algo trading review — separate model needed,7
CUST035623,Mass,0.0004545454545454,Low,0,6593030.5,0,Normal,No action needed,7
CUST017729,Mass,0.0038684640522875,Low,0,3657148.9,0,Normal,No action needed,7
CUST030613,Mass,0.002,Low,0,8490214.3,0,Normal,No action needed,7
CUST020690,Mass,0.0006494350482165,Low,0,5475643.27,0,Normal,No action needed,7
CUST047602,HNI,0.0007142857142857,Low,0,41182586.32,0,Normal,No action needed,7
CUST046280,Mass,0.1960001762347572,Low,1,3673135.46,0,Normal,No action needed,7
CUST001003,HNI,0.1829334570219078,Low,0,31595009.31,0,Normal,No action needed,7
CUST043301,Affluent,0.2011073792124887,Low,0,17074502.080000002,0,Normal,No action needed,7
CUST042852,Affluent,0.1566200242229621,Low,0,15887455.96,0,Normal,No action needed,7
CUST047233,Mass,0.0,,0,8698313.540000001,0,Normal,No action needed,7
CUST008533,Affluent,0.0028260869565217,Low,0,19038057.1,0,Normal,No action needed,7
CUST042916,Mass,0.0020118282859182,Low,0,5715642.79,0,Normal,No action needed,7
CUST049044,Mass,0.0031988773937926,Low,0,6777861.5,0,Normal,No action needed,7
CUST029971,Affluent,0.0016666666666666,Low,0,17076945.7,0,Normal,No action needed,7
CUST039056,Mass,0.0079196729196729,Low,0,3406788.48,0,Normal,No action needed,7
CUST037972,Affluent,0.0,,0,15913979.86,0,Normal,No action needed,7
CUST022422,Affluent,0.1469363164950195,Low,0,13002118.42,0,Normal,No action needed,7
CUST017853,Mass,4.1666666666666665e-05,Low,0,4799741.1,0,Normal,No action needed,7
CUST033027,Mass,0.0033839285714285,Low,0,6027010.01,0,Normal,No action needed,7
CUST022771,Mass,0.0037581562266964,Low,0,5626687.04,0,Normal,No action needed,7
CUST020724,Mass,0.0004166666666666,Low,0,7042986.88,0,Normal,No action needed,7
CUST023019,Mass,0.1074365920105819,Low,1,12002838.94,0,Normal,No action needed,7
CUST017566,Mass,0.0009375,Low,0,8399001.52,0,Normal,No action needed,7
CUST000104,Affluent,0.00032877882152,Low,0,17514087.08,0,Normal,No action needed,7
CUST017255,HNI,0.0013333333333333,Low,0,29522773.53,0,Normal,No action needed,7
CUST030934,Mass,0.0019230769230769,Low,0,5746375.37,0,Normal,No action needed,7
CUST019247,Mass,0.0007142857142857,Low,0,6191791.68,0,Normal,No action needed,7
CUST033162,Affluent,0.0,,0,16711802.29,0,Normal,No action needed,7
CUST003030,HNI,0.0058571682946682,Low,0,38955197.0,0,Normal,No action needed,7
CUST019800,Mass,0.0,,0,6556608.75,0,Normal,No action needed,7
CUST023599,Mass,0.1513753656579311,Low,0,7588936.35,0,Normal,No action needed,7
CUST031747,Mass,0.0013704438830747,Low,0,6162082.87,0,Normal,No action needed,7
CUST049034,Mass,0.0021612915406072,Low,0,10495730.69,0,Normal,No action needed,7
CUST010475,Mass,0.0,,0,8662697.8,0,Normal,No action needed,7
CUST028084,Mass,0.0,,0,8790533.4,0,Normal,No action needed,7
CUST007163,Mass,0.0022052401746724,Low,0,7465662.04,0,Normal,No action needed,7
CUST042146,HNI,0.0035727969348659,Low,0,29880316.95,0,Normal,No action needed,7
CUST047855,Mass,0.0007738095238095,Low,0,8334223.31,0,Normal,No action needed,7
CUST010468,Mass,0.0001401869158878,Low,0,4787971.01,0,Normal,No action needed,7
CUST003865,Mass,0.0857810099261859,Low,0,1810357.42,0,Normal,No action needed,7
CUST044910,Mass,0.0031809474050853,Low,0,3790851.36,0,Normal,No action needed,7
CUST019078,Affluent,9.09090909090909e-05,Low,0,15593239.51,0,Normal,No action needed,7
CUST019222,Affluent,0.0002941176470588,Low,0,16204652.2,0,Normal,No action needed,7
CUST010478,Mass,0.2396947078852518,Low,0,7373331.45,0,Normal,No action needed,7
CUST032497,Affluent,0.001775641025641,Low,0,17715019.71,0,Normal,No action needed,7
CUST014898,Mass,0.0007465277777777,Low,0,4360413.24,0,Normal,No action needed,7
CUST007119,Mass,0.0007582888113102,Low,0,7358885.7,0,Normal,No action needed,7
CUST000321,Mass,0.0010561497326203,Low,0,6991337.63,0,Normal,No action needed,7
CUST017095,Mass,0.0016285714285714,Low,0,4459540.81,0,Normal,No action needed,7
CUST020528,Mass,0.1611186662964307,Low,0,5472372.1,0,Normal,No action needed,7
CUST027145,Mass,0.0003571428571428,Low,0,4935990.1,0,Normal,No action needed,7
CUST012531,Mass,0.0022535714285714,Low,0,7796559.169999999,0,Normal,No action needed,7
CUST024249,Mass,0.0005263157894736,Low,0,7269194.2,0,Normal,No action needed,7
CUST028396,Mass,0.0064597598794967,Low,0,9592345.01,0,Normal,No action needed,7
CUST029429,Affluent,0.0,,0,18057397.69,0,Normal,No action needed,7
CUST041607,Affluent,0.0010117403314917,Low,0,17081759.900000002,0,Normal,No action needed,7
CUST032263,Mass,0.0033496732026143,Low,0,5813561.91,0,Normal,No action needed,7
CUST034908,HNI,0.1719403016347026,Low,0,29389636.19,0,Normal,No action needed,7
CUST036026,Ultra HNI,0.0038383152173913,Low,0,81143668.66,1,High frequency trader,Flag for algo trading review — separate model needed,7
CUST001146,Mass,0.0103197446342757,Low,0,15269670.21,0,Normal,No action needed,7
CUST001059,Mass,0.0003489048142671,Low,0,6710938.65,0,Normal,No action needed,7
CUST010583,Affluent,0.002892156862745,Low,0,15807848.48,0,Normal,No action needed,7
CUST047129,Mass,0.0027280163599182,Low,0,6942216.79,0,Normal,No action needed,7
CUST019913,Affluent,0.0,,0,17626183.56,0,Normal,No action needed,7
CUST002053,Mass,0.0,,0,9152485.56,0,Normal,No action needed,7
CUST010691,HNI,0.0,,0,37812827.65,0,Normal,No action needed,7
CUST048062,Affluent,0.0056444532667876,Low,0,9688126.69,0,Normal,No action needed,7
CUST028863,Affluent,0.002719298245614,Low,0,22130523.64,0,Normal,No action needed,7
CUST013007,Affluent,0.0,,0,18302805.06,0,Normal,No action needed,7
CUST032928,Mass,0.000782208588957,Low,0,6195811.9,0,Normal,No action needed,7
CUST029105,Affluent,0.0,,0,12340028.23,0,Normal,No action needed,7
CUST003271,HNI,0.0002777777777777,Low,0,47794349.25,0,Normal,No action needed,7
CUST047115,Affluent,0.0002083333333333,Low,0,10056753.84,0,Normal,No action needed,7
CUST012114,Mass,0.0021991361334524,Low,0,5587703.58,0,Normal,No action needed,7
CUST040930,Mass,0.0014285714285714,Low,0,1921025.61,0,Normal,No action needed,7
CUST049543,HNI,0.0024128787878787,Low,0,37539710.1,0,Normal,No action needed,7
CUST038705,Affluent,0.0004166666666666,Low,0,15862988.51,0,Normal,No action needed,7
CUST028717,Mass,0.0022052401746724,Low,0,5846583.91,0,Normal,No action needed,7
CUST045775,Affluent,0.0,,0,15276675.52,0,Normal,No action needed,7
CUST008559,Affluent,0.0,,0,24506597.96,0,Normal,No action needed,7
CUST014895,Mass,0.0040833333333333,Low,0,3787852.33,0,Normal,No action needed,7
CUST015532,Mass,0.0022052401746724,Low,0,10298328.9,0,Normal,No action needed,7
CUST044202,Mass,0.1770555051579085,Low,0,5025367.59,0,Normal,No action needed,7
CUST020156,Mass,0.0028267973856209,Low,0,14760338.06,0,Normal,No action needed,7
CUST025572,Affluent,0.0,,0,15108781.39,0,Normal,No action needed,7
CUST035418,Mass,0.0008887150325081,Low,0,7593914.47,0,Normal,No action needed,7
CUST002694,Affluent,0.0,,0,14498892.38,0,Normal,No action needed,7
CUST039234,Ultra HNI,0.0029301619433198,Low,0,75008823.42,1,High frequency trader,Flag for algo trading review — separate model needed,7
CUST044819,Affluent,0.1413653147553667,Low,0,26541466.21,0,Normal,No action needed,7
CUST047286,Affluent,0.2233275974138127,Low,0,20137314.15,0,Normal,No action needed,7
CUST020860,Mass,0.0002,Low,0,5604669.38,0,Normal,No action needed,7
CUST010194,Ultra HNI,0.0195255537716971,Low,0,92993978.01,1,High frequency trader,Flag for algo trading review — separate model needed,7
CUST005674,Affluent,0.0017382617382617,Low,0,12271001.72,0,Normal,No action needed,7
CUST003355,Affluent,0.0,,0,22712084.28,0,Normal,No action needed,7
CUST014340,Affluent,0.275001537859206,Low,0,16940983.48,0,Normal,No action needed,7
CUST006760,Mass,0.1660581166738152,Low,0,3614115.53,0,Normal,No action needed,7
CUST005615,HNI,0.0012648809523809,Low,0,41206902.02,0,Normal,No action needed,7
CUST018817,Mass,0.0014285714285714,Low,0,6716868.67,0,Normal,No action needed,7
CUST014391,Mass,0.0042760180995475,Low,0,5780841.17,0,Normal,No action needed,7
CUST022396,Mass,0.2978697679300218,Low,0,8747274.71,0,Normal,No action needed,7
CUST025254,Mass,0.0009176711520696,Low,0,6503552.62,0,Normal,No action needed,7
CUST024561,Mass,0.0011304347826086,Low,0,7838985.25,0,Normal,No action needed,7
CUST041259,Affluent,0.0,,0,15095834.25,0,Normal,No action needed,7
CUST020110,Mass,0.0033068181818181,Low,0,4644067.66,0,Normal,No action needed,7
CUST036893,Mass,0.0022069576294848,Low,0,4961063.93,0,Normal,No action needed,7
CUST047111,Mass,0.0,,0,4484030.68,0,Normal,No action needed,7
CUST044805,Mass,0.0,,0,6434700.15,0,Normal,No action needed,7
CUST006442,Mass,0.0094126884837985,Low,0,2738781.83,0,Normal,No action needed,7
CUST010193,Mass,0.0030555555555555,Low,0,10667659.13,0,Normal,No action needed,7
CUST031314,Mass,0.004029304029304,Low,0,2885881.0300000003,0,Normal,No action needed,7
CUST024736,Mass,0.002037037037037,Low,0,4258231.75,0,Normal,No action needed,7
CUST001380,Affluent,0.0048254147812971,Low,0,15053674.04,0,Normal,No action needed,7
CUST007600,Mass,0.0029396273697575,Low,0,5825002.640000001,0,Normal,No action needed,7
CUST015565,Mass,0.0038307359307359,Low,0,5848568.24,0,Normal,No action needed,7
CUST006745,Mass,0.0072364766091973,Low,0,3204318.43,0,Normal,No action needed,7
CUST027750,HNI,0.0013859649122807,Low,0,43070184.63,1,Other anomaly,No action needed,7
CUST002721,HNI,0.0013988095238095,Low,0,39199853.25,0,Normal,No action needed,7
CUST014491,Affluent,0.0011965474165613,Low,0,15161477.96,0,Normal,No action needed,7
CUST018052,Affluent,0.0,,0,19822810.02,0,Normal,No action needed,7
CUST026650,Mass,0.0008097866614791,Low,0,8525848.89,0,Normal,No action needed,7
CUST014123,Affluent,0.0,,0,24656942.2,0,Normal,No action needed,7
CUST024470,Affluent,0.0008823529411764,Low,0,12568575.43,0,Normal,No action needed,7
CUST015250,Mass,0.000625,Low,0,5220428.96,0,Normal,No action needed,7
CUST008155,Mass,0.1461861294134525,Low,0,12801147.68,0,Normal,No action needed,7
CUST037461,HNI,0.0001031030038663,Low,0,33065228.0,0,Normal,No action needed,7
CUST016323,Affluent,0.1388024586210328,Low,0,13342834.28,0,Normal,No action needed,7
CUST027734,Mass,0.0015670289855072,Low,0,5202538.56,0,Normal,No action needed,7
CUST037936,Affluent,0.2646789007826185,Low,0,15846947.58,0,Normal,No action needed,7
CUST024059,Mass,0.0016666666666666,Low,0,7968202.62,0,Normal,No action needed,7
CUST002645,Mass,6.493506493506494e-05,Low,0,4076584.02,0,Normal,No action needed,7
CUST008266,Affluent,3.0303030303030302e-05,Low,0,16219969.91,0,Normal,No action needed,7
CUST031488,Mass,0.2360322329728672,Low,0,6523493.77,0,Normal,No action needed,7
CUST027591,Affluent,0.0010714285714285,Low,0,19641429.08,0,Normal,No action needed,7
CUST022611,Affluent,0.0011666666666666,Low,0,20472220.95,0,Normal,No action needed,7
CUST006387,Mass,0.0012215909090909,Low,0,4263164.850000001,0,Normal,No action needed,7
CUST021073,Mass,0.0033775946275946,Low,0,5141577.96,0,Normal,No action needed,7
CUST014332,Mass,0.0004166666666666,Low,0,11862969.97,0,Normal,No action needed,7
CUST047850,Mass,9.09090909090909e-05,Low,0,8862323.9,0,Normal,No action needed,7
CUST043190,Mass,0.0025490196078431,Low,0,7236907.79,0,Normal,No action needed,7
CUST035863,Affluent,0.0756814757137289,Low,0,16772632.77,0,Normal,No action needed,7
CUST030415,Affluent,0.0,,0,20030613.18,0,Normal,No action needed,7
CUST040606,Mass,0.0018824404761904,Low,0,9105520.92,0,Normal,No action needed,7
CUST030535,Mass,0.000254691689008,Low,0,7920918.83,0,Normal,No action needed,7
CUST008340,Mass,0.0025595238095238,Low,0,3075375.08,0,Normal,No action needed,7
CUST026032,HNI,0.0052396568381709,Low,0,35979666.33,0,Normal,No action needed,7
CUST016115,Mass,0.0007894736842105,Low,0,10436030.76,0,Normal,No action needed,7
CUST027076,Affluent,0.1052415808834641,Low,0,16639712.61,0,Normal,No action needed,7
CUST017678,Affluent,0.0022604360453161,Low,0,18516346.49,0,Normal,No action needed,7
CUST024248,Mass,0.0042307692307692,Low,0,7413257.63,0,Normal,No action needed,7
CUST025784,Mass,0.0005050505050505,Low,0,3412712.32,0,Normal,No action needed,7
CUST010071,Mass,0.0093085913312693,Low,0,12674955.06,0,Normal,No action needed,7
CUST007125,Mass,0.0008285203870759,Low,0,6731941.09,0,Normal,No action needed,7
CUST012361,Mass,0.0,,0,6317108.88,0,Normal,No action needed,7
CUST016814,Mass,0.1498980102628396,Low,0,2797032.68,0,Normal,No action needed,7
CUST020708,Affluent,0.0016666666666666,Low,0,20541004.6,0,Normal,No action needed,7
CUST029524,Mass,0.1479081231331084,Low,1,2277701.89,0,Normal,No action needed,7
CUST005676,Mass,0.0021212121212121,Low,0,5826948.54,0,Normal,No action needed,7
CUST035044,HNI,0.0010714285714285,Low,0,29348625.72,0,Normal,No action needed,7
CUST041337,Affluent,0.0,,0,18492516.73,0,Normal,No action needed,7
CUST040170,HNI,0.0,,0,17619025.77,0,Normal,No action needed,7
CUST010112,Affluent,0.2070866122069965,Low,0,13153097.03,0,Normal,No action needed,7
CUST022982,Affluent,0.0,,0,14374626.37,0,Normal,No action needed,7
CUST030074,Mass,0.0001013513513513,Low,0,4999377.9,0,Normal,No action needed,7
CUST006710,Mass,0.1507935370268169,Low,0,7832095.16,0,Normal,No action needed,7
CUST000916,Affluent,0.0,,0,20635257.55,0,Normal,No action needed,7
CUST039778,Mass,0.0,,0,6478201.94,0,Normal,No action needed,7
CUST006944,Mass,0.0,,0,9253769.58,0,Normal,No action needed,7
CUST031969,Mass,0.2571056330415023,Low,0,7127835.049999999,0,Normal,No action needed,7
CUST016506,Affluent,0.001,Low,0,16235136.09,0,Normal,No action needed,7
CUST031852,Affluent,0.0,,0,9856788.1,0,Normal,No action needed,7
CUST003556,Mass,0.0005882352941176,Low,0,7699969.640000001,0,Normal,No action needed,7
CUST045712,HNI,0.0003448275862068,Low,0,44190471.63,0,Normal,No action needed,7
CUST041539,HNI,0.1406945223890097,Low,0,33666653.230000004,0,Normal,No action needed,7
CUST029333,HNI,0.0026395202020202,Low,0,49834090.18,0,Normal,No action needed,7
CUST041551,Affluent,0.0007155191530117,Low,0,13957738.5,0,Normal,No action needed,7
CUST008838,Affluent,0.0027396815079623,Low,0,17615842.66,0,Normal,No action needed,7
CUST001851,Mass,0.0005544450790024,Low,0,5675150.03,0,Normal,No action needed,7
CUST040336,Mass,0.0016083916083916,Low,0,7612866.300000001,0,Normal,No action needed,7
CUST000403,Affluent,0.299123958919806,Low,0,15548248.17,0,Normal,No action needed,7
CUST004597,Mass,0.0111722520836651,Low,0,2999315.62,0,Normal,No action needed,7
CUST036391,HNI,0.0025212121212121,Low,0,33531418.0,0,Normal,No action needed,7
CUST046617,Affluent,0.0015832877480531,Low,0,15444846.8,0,Normal,No action needed,7
CUST048263,Mass,0.0013043478260869,Low,0,5057848.5600000005,0,Normal,No action needed,7
CUST030884,Mass,0.0005158951477969,Low,0,4705284.62,0,Normal,No action needed,7
CUST008575,Affluent,0.0003333333333333,Low,0,19899190.67,0,Normal,No action needed,7
CUST041663,Mass,0.0078230687441213,Low,0,2477950.66,0,Normal,No action needed,7
CUST013640,Mass,0.0,,0,10256126.41,0,Normal,No action needed,7
CUST005760,Affluent,0.1521526165241817,Low,0,12035387.33,0,Normal,No action needed,7
CUST014055,Affluent,0.2554198084066213,Low,0,10107095.93,0,Normal,No action needed,7
CUST026414,Mass,0.1876348333434795,Low,0,3532633.31,0,Normal,No action needed,7
CUST042067,HNI,0.0003816888744301,Low,0,36856422.93,0,Normal,No action needed,7
CUST023403,Affluent,0.0006666666666666,Low,0,18737114.52,0,Normal,No action needed,7
CUST045028,Mass,4.1666666666666665e-05,Low,0,4509714.87,0,Normal,No action needed,7
CUST019961,Affluent,0.1002550861529083,Low,0,12247732.1,0,Normal,No action needed,7
CUST039581,Affluent,0.1206816749853668,Low,0,16180134.69,0,Normal,No action needed,7
CUST022015,HNI,0.0010144927536231,Low,0,42784202.54,0,Normal,No action needed,7
CUST006670,Mass,0.0,,0,11676912.78,0,Normal,No action needed,7
CUST028569,Affluent,0.001875,Low,0,13264121.09,0,Normal,No action needed,7
CUST008632,Mass,0.0120513679786882,Low,0,2925185.36,0,Normal,No action needed,7
CUST045829,Affluent,0.0009666666666666,Low,0,15656880.21,0,Normal,No action needed,7
CUST004960,Mass,0.007801282051282,Low,0,7896482.94,0,Normal,No action needed,7
CUST029666,Ultra HNI,0.0,,0,87502235.58,1,High frequency trader,Flag for algo trading review — separate model needed,7
CUST033723,HNI,0.0008333333333333,Low,0,26943929.77,0,Normal,No action needed,7
CUST034687,Affluent,0.0045672268907563,Low,0,12200487.86,0,Normal,No action needed,7
CUST034615,Ultra HNI,0.0052103628636809,Low,0,82718912.15,1,High frequency trader,Flag for algo trading review — separate model needed,7
CUST019655,Mass,0.0093178814002089,Low,0,1824251.87,0,Normal,No action needed,7
CUST038982,Affluent,0.0023431372549019,Low,0,21690201.9,0,Normal,No action needed,7
CUST015833,Affluent,0.0004411764705882,Low,0,18518993.72,0,Normal,No action needed,7
CUST047153,Mass,0.0031996470992044,Low,0,11748032.14,0,Normal,No action needed,7
CUST007097,Affluent,0.0037832877480531,Low,0,15801373.05,0,Normal,No action needed,7
CUST004974,Mass,0.0034453781512605,Low,0,12035921.49,0,Normal,No action needed,7
CUST006440,Mass,0.1468358796568786,Low,0,5129682.359999999,0,Normal,No action needed,7
CUST004069,Ultra HNI,3.816793893129771e-05,Low,0,69109206.77,1,High frequency trader,Flag for algo trading review — separate model needed,7
CUST033360,Affluent,0.14303783946713,Low,1,10302029.26,0,Normal,No action needed,7
CUST027544,Mass,0.0,,0,9041341.56,0,Normal,No action needed,7
CUST011748,Mass,0.0038494505494505,Low,0,9820967.03,0,Normal,No action needed,7
CUST032447,Mass,0.0,,0,4307956.21,0,Normal,No action needed,7
CUST039230,Affluent,0.1981943869139397,Low,0,8476637.06,0,Normal,No action needed,7
CUST035167,Mass,0.0011304347826086,Low,0,8170253.979999999,0,Normal,No action needed,7
CUST047814,Mass,0.1329959865883166,Low,0,4409740.7,0,Normal,No action needed,7
CUST029784,HNI,0.0004347826086956,Low,0,37474089.55,0,Normal,No action needed,7
CUST005964,Mass,1.607717041800643e-05,Low,0,6607584.52,0,Normal,No action needed,7
CUST013530,Mass,0.0,,0,4266934.03,0,Normal,No action needed,7
CUST016775,HNI,0.0,,0,38275968.0,0,Normal,No action needed,7
CUST025673,Mass,0.1271209984232744,Low,0,13159067.66,0,Normal,No action needed,7
CUST023950,Affluent,0.2869748352586359,Low,0,17994973.63,0,Normal,No action needed,7
CUST019704,Affluent,0.1889138812641195,Low,0,11865330.38,0,Normal,No action needed,7
CUST015685,Mass,0.0044617224880382,Low,0,5024554.29,0,Normal,No action needed,7
CUST040426,Affluent,0.1406439524859858,Low,0,13092524.05,0,Normal,No action needed,7
CUST043005,Mass,0.0,,0,14316045.5,0,Normal,No action needed,7
CUST033147,Affluent,0.0,,0,14865106.31,0,Normal,No action needed,7
CUST015189,HNI,0.0008928571428571,Low,0,44388520.56,0,Normal,No action needed,7
CUST032914,Mass,0.0010344827586206,Low,0,6945044.64,0,Normal,No action needed,7
CUST032041,Mass,0.0,,0,7937954.869999999,0,Normal,No action needed,7
CUST017889,Mass,0.0154595445822087,Low,0,6689698.16,0,Normal,No action needed,7
CUST038099,Mass,0.0034879494597792,Low,0,7362383.85,0,Normal,No action needed,7
CUST008720,Mass,0.0008994708994708,Low,0,6455934.96,0,Normal,No action needed,7
CUST030464,Mass,0.0003206562266964,Low,0,7280273.72,0,Normal,No action needed,7
CUST028403,Mass,0.0004567307692307,Low,0,8405706.01,0,Normal,No action needed,7
CUST046122,Affluent,0.0,,0,16118169.42,0,Normal,No action needed,7
CUST007848,Mass,0.0029910714285714,Low,0,12758636.84,0,Normal,No action needed,7
CUST031016,Affluent,0.0003854360453161,Low,0,15237465.73,0,Normal,No action needed,7
CUST021196,Mass,0.000782208588957,Low,0,11657704.18,0,Normal,No action needed,7
CUST017069,HNI,0.0046459429380817,Low,0,28239703.2,0,Normal,No action needed,7
CUST007865,Mass,0.0028088693337214,Low,0,5284246.18,0,Normal,No action needed,7
CUST035611,Affluent,0.0029002233804914,Low,0,16637157.92,0,Normal,No action needed,7
CUST013721,Affluent,0.0005882352941176,Low,0,12423734.47,0,Normal,No action needed,7
CUST033827,Mass,0.0017647058823529,Low,0,8690607.56,0,Normal,No action needed,7
CUST002832,Mass,0.0025,Low,0,9249726.35,0,Normal,No action needed,7
CUST029233,Mass,0.0,,0,12213801.83,0,Normal,No action needed,7
CUST018082,Affluent,0.0006521739130434,Low,0,8503547.59,0,Normal,No action needed,7
CUST037508,Mass,0.0005555555555555,Low,0,12733395.33,0,Normal,No action needed,7
CUST000248,Affluent,0.0002777777777777,Low,0,21868227.76,0,Normal,No action needed,7
CUST011933,Mass,0.0034090909090909,Low,0,5732358.01,0,Normal,No action needed,7
CUST035356,Affluent,0.0024404761904761,Low,0,20610350.57,0,Normal,No action needed,7
CUST043128,Affluent,0.1589793035710869,Low,0,9712180.36,0,Normal,No action needed,7
CUST035342,Affluent,0.0001412429378531,Low,0,18406732.19,0,Normal,No action needed,7
CUST026125,Mass,0.1684416809222204,Low,0,4157022.99,0,Normal,No action needed,7
CUST008783,Mass,0.1681891698929013,Low,0,4183170.12,0,Normal,No action needed,7
CUST035398,Mass,0.0,,0,4388992.01,0,Normal,No action needed,7
CUST019793,Mass,0.0002118644067796,Low,0,4703812.19,0,Normal,No action needed,7
CUST019512,Affluent,0.0022518557445969,Low,0,16010071.57,0,Normal,No action needed,7
CUST014086,Mass,0.1403406442153734,Low,1,3780734.19,0,Normal,No action needed,7
CUST043497,Mass,0.165037555204443,Low,0,14054727.55,0,Normal,No action needed,7
CUST018596,Mass,0.0017391304347826,Low,0,8374953.96,0,Normal,No action needed,7
CUST049615,Mass,0.0,,0,4980385.75,0,Normal,No action needed,7
CUST001442,HNI,0.0001412429378531,Low,0,40992707.96,0,Normal,No action needed,7
CUST029562,Mass,0.0007655714809337,Low,0,9368548.58,0,Normal,No action needed,7
CUST042806,Affluent,0.1520098352681922,Low,0,16921090.11,0,Normal,No action needed,7
CUST041945,Affluent,0.0,,0,18053729.69,0,Normal,No action needed,7
CUST033140,Mass,0.0,,0,7186526.37,0,Normal,No action needed,7
CUST005273,HNI,0.0024303405572755,Low,0,31921223.44,0,Normal,No action needed,7
CUST012721,Mass,0.1582381490029006,Low,0,10285089.54,0,Normal,No action needed,7
CUST039661,Affluent,0.1656497368820463,Low,0,14659084.84,0,Normal,No action needed,7
CUST017530,Mass,0.0017791271074861,Low,0,5971624.580000001,0,Normal,No action needed,7
CUST045679,Mass,0.0030311355311355,Low,0,3984126.38,0,Normal,No action needed,7
CUST042254,HNI,0.0026797254085709,Low,0,40744972.620000005,0,Normal,No action needed,7
CUST018712,Mass,0.0018596826745998,Low,0,11398894.95,0,Normal,No action needed,7
CUST017455,Mass,0.0111574297488251,Low,0,13800684.71,0,Normal,No action needed,7
CUST000877,Affluent,0.1554960677142577,Low,1,24049210.01,0,Normal,No action needed,7
CUST038309,HNI,0.0010144927536231,Low,0,31958022.37,0,Normal,No action needed,7
CUST031766,Mass,0.2678133752320579,Low,0,10982924.39,0,Normal,No action needed,7
CUST019277,Affluent,0.1357361116227315,Low,0,25745492.48,0,Normal,No action needed,7
CUST019100,Mass,0.000876634901487,Low,0,6835398.87,0,Normal,No action needed,7
CUST002747,Affluent,0.0025,Low,0,16633405.66,0,Normal,No action needed,7
CUST042947,Affluent,0.0822089173130556,Low,0,12459919.91,0,Normal,No action needed,7
CUST024638,Mass,0.1018620836297815,Low,0,9468869.74,0,Normal,No action needed,7
CUST039618,Mass,0.0074525401069518,Low,0,4740600.17,0,Normal,No action needed,7
CUST043416,Affluent,0.1792770056734261,Low,0,16990384.54,0,Normal,No action needed,7
CUST032481,Affluent,0.0,,0,10868415.09,0,Normal,No action needed,7
CUST045487,Ultra HNI,0.164109646687123,Low,0,72254228.64,1,High frequency trader,Flag for algo trading review — separate model needed,7
CUST017661,Mass,0.0042,Low,0,12450349.67,0,Normal,No action needed,7
CUST019839,HNI,0.0007142857142857,Low,0,36469974.69,0,Normal,No action needed,7
CUST048761,Mass,0.0,,0,4034612.44,0,Normal,No action needed,7
CUST042544,Mass,0.0072249101013403,Low,0,1548551.05,0,Normal,No action needed,7
CUST021253,Affluent,0.0003333333333333,Low,0,21890968.59,0,Normal,No action needed,7
CUST045068,Affluent,0.00296875,Low,0,15647510.74,0,Normal,No action needed,7
CUST012285,HNI,0.0,,0,48643354.91,0,Normal,No action needed,7
CUST018870,Mass,0.1524447640012371,Low,0,3753303.78,0,Normal,No action needed,7
CUST043159,Mass,0.0022272727272727,Low,0,11815411.32,0,Normal,No action needed,7
CUST010893,Ultra HNI,0.0063056265984654,Low,0,77638517.88,1,High frequency trader,Flag for algo trading review — separate model needed,7
CUST032406,Mass,0.0016747310165718,Low,0,5744324.48,0,Normal,No action needed,7
CUST023614,Mass,0.0135064102564102,Low,0,6114038.2700000005,0,Normal,No action needed,7
CUST045269,Affluent,0.0,,0,18105143.66,0,Normal,No action needed,7
CUST043417,Mass,0.0022052401746724,Low,0,8063831.899999999,0,Normal,No action needed,7
CUST038104,Mass,0.006,Low,0,6468000.45,0,Normal,No action needed,7
CUST031840,Mass,0.0002829402765786,Low,0,7901178.07,0,Normal,No action needed,7
CUST000854,Affluent,2.9585798816568047e-05,Low,0,19880035.31,0,Normal,No action needed,7
CUST016769,Mass,0.0862219474691088,Low,0,4957122.02,0,Normal,No action needed,7
CUST038620,HNI,0.0004761904761904,Low,0,35491694.17,0,Normal,No action needed,7
CUST000612,Mass,0.1709814120635228,Low,0,1830024.52,0,Normal,No action needed,7
CUST029906,Affluent,0.0,,0,16682348.57,0,Normal,No action needed,7
CUST011203,Affluent,0.1054645198330935,Low,0,17853844.98,0,Normal,No action needed,7
CUST001679,Mass,0.0033636363636363,Low,0,7788776.27,0,Normal,No action needed,7
CUST041230,Mass,0.0003333333333333,Low,0,11178178.1,0,Normal,No action needed,7
CUST048546,Mass,0.0118044493159582,Low,0,3814032.08,0,Normal,No action needed,7
CUST021224,HNI,0.0053118908382066,Low,0,26138645.74,0,Normal,No action needed,7
CUST026427,HNI,0.0017424242424242,Low,0,30199066.05,0,Normal,No action needed,7
CUST012096,Affluent,0.1006107838319132,Low,0,10190992.28,0,Normal,No action needed,7
CUST028263,Mass,0.0104335000403323,Low,0,2085297.44,0,Normal,No action needed,7
CUST014251,Affluent,0.000576923076923,Low,0,18774799.02,0,Normal,No action needed,7
CUST025461,Ultra HNI,0.2953512851003538,Low,0,73059521.0,1,High frequency trader,Flag for algo trading review — separate model needed,7
CUST039609,Mass,0.0029195258889582,Low,0,6917644.81,0,Normal,No action needed,7
CUST003483,Mass,0.0,,0,5910016.44,0,Normal,No action needed,7
CUST035153,HNI,0.0,,0,39882566.99,0,Normal,No action needed,7
CUST007733,Mass,0.0,,0,4984243.87,0,Normal,No action needed,7
CUST034145,Mass,0.0023529411764705,Low,0,4171526.76,0,Normal,No action needed,7
CUST033146,Affluent,0.0,,0,15661065.55,0,Normal,No action needed,7
CUST028849,Affluent,0.0,,0,21976148.2,0,Normal,No action needed,7
CUST024365,Mass,0.2616296430858835,Low,0,2600322.97,0,Normal,No action needed,7
CUST035870,Affluent,0.0,,0,16636840.92,0,Normal,No action needed,7
CUST045680,Mass,0.0010118209963411,Low,0,2421111.4800000004,0,Normal,No action needed,7
CUST002837,Mass,0.0036731346449643,Low,0,9417051.29,0,Normal,No action needed,7
CUST042061,Affluent,0.124954946721836,Low,1,12156441.74,0,Normal,No action needed,7
CUST014756,Mass,0.0025730527757141,Low,0,2731339.98,0,Normal,No action needed,7
CUST044367,Mass,0.0009420289855072,Low,0,7166504.42,0,Normal,No action needed,7
CUST033346,Affluent,0.0003867403314917,Low,0,19296166.38,0,Normal,No action needed,7
CUST032446,Mass,0.0,,0,7339002.68,0,Normal,No action needed,7
CUST034024,HNI,0.0,,0,44508274.68,0,Normal,No action needed,7
CUST009830,Mass,0.0001315789473684,Low,0,12377383.56,0,Normal,No action needed,7
CUST035535,Mass,0.0017951318458417,Low,0,3185038.12,0,Normal,No action needed,7
CUST029303,Mass,0.0015424430641821,Low,0,3975834.15,0,Normal,No action needed,7
CUST029172,Mass,0.0021507352941176,Low,0,3616804.18,0,Normal,No action needed,7
CUST027869,Mass,0.0001070663811563,Low,0,4879935.7,0,Normal,No action needed,7
CUST001075,Affluent,0.00498273657289,Low,0,20296235.65,0,Normal,No action needed,7
CUST025896,Mass,0.0011538461538461,Low,0,4576199.14,0,Normal,No action needed,7
CUST042519,Mass,0.0179949868139523,Low,0,2997257.1,0,Normal,No action needed,7
CUST032205,Affluent,0.0003846153846153,Low,0,15979431.05,0,Normal,No action needed,7
CUST044318,Mass,0.0,,0,9685682.47,0,Normal,No action needed,7
CUST009768,Mass,0.0007168463761671,Low,0,19934151.83,0,Normal,No action needed,7
CUST029742,Mass,0.1510820077409686,Low,0,8356652.98,0,Normal,No action needed,7
CUST007758,Affluent,0.0,,0,10228034.07,0,Normal,No action needed,7
CUST019263,Ultra HNI,0.132636573909224,Low,0,80871128.74,1,High frequency trader,Flag for algo trading review — separate model needed,7
CUST031277,Affluent,0.00075,Low,0,15340846.84,0,Normal,No action needed,7
CUST041688,Mass,0.0008097866614791,Low,0,7163226.7700000005,0,Normal,No action needed,7
CUST000561,Mass,0.011022411731491,Low,0,2756234.76,0,Normal,No action needed,7
CUST001782,Mass,0.0,,0,8357398.930000001,0,Normal,No action needed,7
CUST028348,Mass,0.0,,0,8588285.35,0,Normal,No action needed,7
CUST018627,Affluent,0.0002083333333333,Low,0,12757518.46,0,Normal,No action needed,7
CUST034595,Affluent,0.0066611577252309,Low,0,13727311.51,0,Normal,No action needed,7
CUST010037,Affluent,0.0,,0,13878608.08,0,Normal,No action needed,7
CUST003826,Mass,0.0274540994670793,Low,0,1766971.17,0,Normal,No action needed,7
CUST004996,Affluent,0.0005560515487927,Low,0,12479113.7,0,Normal,No action needed,7
CUST027248,HNI,0.0026563714063714,Low,0,32382530.27,0,Normal,No action needed,7
CUST022601,Affluent,0.0,,0,11533739.159999998,0,Normal,No action needed,7
CUST024082,Mass,0.0,,0,7349604.979999999,0,Normal,No action needed,7
CUST045085,Mass,0.0,,0,8077266.5,0,Normal,No action needed,7
CUST020602,Affluent,0.0,,0,12522296.07,0,Normal,No action needed,7
CUST046310,Mass,0.0021643045287567,Low,0,7591125.36,0,Normal,No action needed,7
CUST030550,HNI,0.0006818181818181,Low,0,36521704.93,0,Normal,No action needed,7
CUST010024,Mass,0.1670975529875702,Low,0,3271390.91,0,Normal,No action needed,7
CUST014862,Mass,0.0,,0,10743878.66,0,Normal,No action needed,7
CUST037305,Mass,0.0033636363636363,Low,0,4302366.93,0,Normal,No action needed,7
CUST046640,Ultra HNI,0.0009375,Low,0,76365478.21,1,High frequency trader,Flag for algo trading review — separate model needed,7
CUST042742,Affluent,0.00032877882152,Low,0,8371547.99,0,Normal,No action needed,7
CUST039118,Affluent,0.0004013585447895,Low,0,21306193.06,0,Normal,No action needed,7
CUST003197,Mass,0.0001851851851851,Low,0,5756908.04,0,Normal,No action needed,7
CUST027167,Mass,0.0,,0,8396255.08,0,Normal,No action needed,7
CUST004567,Mass,0.0003846153846153,Low,0,3751635.97,0,Normal,No action needed,7
CUST028759,Mass,0.1516626758388232,Low,0,7795125.72,0,Normal,No action needed,7
CUST043144,Affluent,0.2092348984742795,Low,0,13078645.96,0,Normal,No action needed,7
CUST002235,Affluent,0.0031911764705882,Low,0,25992653.86,0,Normal,No action needed,7
CUST020709,Affluent,0.1755916885978466,Low,0,21289144.61,0,Normal,No action needed,7
CUST020557,Affluent,0.003375,Low,0,17035584.11,0,Normal,No action needed,7
CUST045299,HNI,0.0006666666666666,Low,0,38692981.99,0,Normal,No action needed,7
CUST009821,Affluent,0.0,,0,22115906.0,0,Normal,No action needed,7
CUST049574,Mass,0.0006944444444444,Low,0,3976316.17,0,Normal,No action needed,7
CUST007914,Mass,0.0013392857142857,Low,0,5419219.55,0,Normal,No action needed,7
CUST049500,Mass,0.1617542908499148,Low,0,3285700.27,0,Normal,No action needed,7
CUST043905,Mass,0.1234382311144429,Low,0,2819575.87,0,Normal,No action needed,7
CUST042099,Mass,0.0001072607260726,Low,0,11275895.19,0,Normal,No action needed,7
CUST003088,Affluent,0.0,,0,20907246.41,0,Normal,No action needed,7
CUST006062,HNI,0.0013636363636363,Low,0,34057081.59,0,Normal,No action needed,7
CUST032804,Affluent,0.001,Low,0,15180739.26,0,Normal,No action needed,7
CUST029095,Mass,0.0,,0,8252264.180000001,0,Normal,No action needed,7
CUST013927,HNI,0.0036585383093016,Low,0,33760630.55,0,Normal,No action needed,7
CUST009849,HNI,0.0,,0,46210132.13,0,Normal,No action needed,7
CUST038407,Mass,0.0001070663811563,Low,0,4691843.32,0,Normal,No action needed,7
CUST003090,Mass,0.0001072607260726,Low,0,10511705.83,0,Normal,No action needed,7
CUST040907,Mass,0.000918387128041,Low,0,9754561.04,0,Normal,No action needed,7
CUST015158,Mass,0.1637840606036721,Low,0,8397256.75,0,Normal,No action needed,7
CUST041588,Mass,0.0132233436853002,Low,0,3470880.26,0,Normal,No action needed,7
CUST048251,Mass,0.0003206562266964,Low,0,9413691.93,0,Normal,No action needed,7
CUST008095,Affluent,0.0,,0,15203138.21,0,Normal,No action needed,7
CUST025483,Affluent,0.0023030303030303,Low,0,14662975.99,0,Normal,No action needed,7
CUST009098,Mass,0.0,,0,5953484.640000001,0,Normal,No action needed,7
CUST034089,Affluent,0.0,,0,15660530.95,0,Normal,No action needed,7
CUST045769,HNI,0.0011938745168004,Low,0,37691790.58,0,Normal,No action needed,7
CUST036357,Mass,0.0149919042310346,Low,0,3798089.76,0,Normal,No action needed,7
CUST044293,Ultra HNI,0.0024222222222222,Low,0,57856937.36,1,High frequency trader,Flag for algo trading review — separate model needed,7
CUST002177,Affluent,0.0,,0,13916025.84,0,Normal,No action needed,7
CUST032023,Affluent,0.0001412429378531,Low,0,24694873.34,0,Normal,No action needed,7
CUST004565,Mass,0.0471037296037296,Low,0,10980690.02,0,Normal,No action needed,7
CUST022976,Mass,0.1294295239324757,Low,0,8102634.71,0,Normal,No action needed,7
CUST045728,Mass,0.0001013513513513,Low,0,5962536.090000001,0,Normal,No action needed,7
CUST044842,Mass,0.0,,0,4464735.99,0,Normal,No action needed,7
CUST020147,Mass,0.0012596613912403,Low,0,3385616.9000000004,0,Normal,No action needed,7
CUST023587,Mass,0.1057419644264749,Low,0,9468580.98,0,Normal,No action needed,7
CUST002581,Mass,0.0030718954248366,Low,0,5563184.8100000005,0,Normal,No action needed,7
CUST005980,Mass,0.0039743270189431,Low,0,8129585.66,0,Normal,No action needed,7
CUST035782,Mass,0.0,,0,4490570.09,0,Normal,No action needed,7
CUST026075,Mass,0.0010613496932515,Low,0,9863200.47,0,Normal,No action needed,7
CUST029581,Mass,0.178434658150974,Low,0,9764340.2,0,Normal,No action needed,7
CUST013140,Affluent,0.0003125,Low,0,18482834.83,0,Normal,No action needed,7
CUST032275,Affluent,3.0303030303030302e-05,Low,0,15986192.27,0,Normal,No action needed,7
CUST037821,Affluent,0.0001412429378531,Low,0,25127634.38,0,Normal,No action needed,7
CUST018051,Affluent,0.0009302325581395,Low,0,19760319.83,0,Normal,No action needed,7
CUST017315,Mass,0.0,,0,3855085.3,0,Normal,No action needed,7
CUST004217,Affluent,0.1564924065378289,Low,0,18044029.53,0,Normal,No action needed,7
CUST017109,Affluent,0.0084241255889328,Low,0,13120483.3,0,Normal,No action needed,7
CUST013200,Affluent,0.0011965474165613,Low,0,15581275.16,0,Normal,No action needed,7
CUST049417,Mass,0.0003836051328386,Low,0,14226000.71,0,Normal,No action needed,7
CUST040725,Affluent,0.0071060457516339,Low,0,20358874.7,0,Normal,No action needed,7
CUST025193,Mass,0.0004873228933631,Low,0,7062279.42,0,Normal,No action needed,7
CUST024913,Mass,0.0,,0,5645284.65,0,Normal,No action needed,7
CUST001678,Mass,0.0047166352476755,Low,0,5853438.54,0,Normal,No action needed,7
CUST034746,HNI,0.000625,Low,0,49713124.07,1,Other anomaly,No action needed,7
CUST023591,Affluent,0.0,,0,20211129.75,0,Normal,No action needed,7
CUST028405,HNI,0.0,,0,37694498.69,0,Normal,No action needed,7
CUST024859,Mass,0.0005574845679012,Low,0,6334292.17,0,Normal,No action needed,7
CUST005556,Mass,0.0012962962962962,Low,0,3694063.33,0,Normal,No action needed,7
CUST038372,Affluent,0.0,,0,18250970.86,0,Normal,No action needed,7
CUST018312,Mass,0.1503838974039186,Low,0,6888241.62,0,Normal,No action needed,7
CUST042262,Mass,0.0052631578947368,Low,0,3717155.21,0,Normal,No action needed,7
CUST048564,Mass,0.0022636815920398,Low,0,6320529.69,0,Normal,No action needed,7
CUST025612,Affluent,0.0038867521367521,Low,0,14391076.47,0,Normal,No action needed,7
CUST047110,Affluent,0.1730652849813833,Low,0,10636303.45,0,Normal,No action needed,7
CUST041216,Mass,0.181597509262567,Low,0,9350889.5,0,Normal,No action needed,7
CUST012408,Affluent,0.0,,0,18463615.28,0,Normal,No action needed,7
CUST008375,Affluent,0.0002631578947368,Low,0,20552574.69,0,Normal,No action needed,7
CUST014972,Affluent,0.0013846153846153,Low,0,26900613.24,0,Normal,No action needed,7
CUST038288,Affluent,0.2923429931182055,Low,0,17765706.08,0,Normal,No action needed,7
CUST003964,Affluent,0.0066354166666666,Low,0,11914547.3,0,Normal,No action needed,7
CUST041049,Mass,0.0015336134453781,Low,0,2288222.52,0,Normal,No action needed,7
CUST002756,Mass,0.0006776836357871,Low,0,7675004.38,0,Normal,No action needed,7
CUST040839,Ultra HNI,0.0017632850241545,Low,0,73329320.92,1,High frequency trader,Flag for algo trading review — separate model needed,7
CUST020098,Mass,0.008650898573839,Low,0,4481288.18,0,Normal,No action needed,7
CUST029036,Mass,0.0021875,Low,0,11899500.45,0,Normal,No action needed,7
CUST024693,HNI,0.1422180250568831,Low,0,30497463.0,0,Normal,No action needed,7
CUST024058,Affluent,0.0,,0,15439634.47,0,Normal,No action needed,7
CUST039800,Mass,0.0035185185185185,Low,0,11149780.76,0,Normal,No action needed,7
CUST020297,Affluent,0.0001412429378531,Low,0,22383018.81,0,Normal,No action needed,7
CUST024427,Mass,0.0018482905982905,Low,0,4181220.16,0,Normal,No action needed,7
CUST028941,Mass,0.0727646670109585,Low,1,2165091.41,0,Normal,No action needed,7
CUST025774,Mass,0.0050119047619047,Low,0,3710467.7,0,Normal,No action needed,7
CUST031273,Affluent,0.0001851851851851,Low,0,14762654.81,0,Normal,No action needed,7
CUST032603,Mass,0.0,,0,6279628.49,0,Normal,No action needed,7
CUST017642,HNI,0.0003816888744301,Low,0,41940556.11,0,Normal,No action needed,7
CUST025812,Mass,0.0017125,Low,0,6403259.079999999,0,Normal,No action needed,7
CUST005422,Affluent,0.0,,0,15589344.57,0,Normal,No action needed,7
CUST047843,Mass,0.0011363636363636,Low,0,5769866.7,0,Normal,No action needed,7
CUST049608,Affluent,0.0,,0,19141595.53,0,Normal,No action needed,7
CUST040158,Mass,0.1704124728856805,Low,0,5214133.65,0,Normal,No action needed,7
CUST004444,Mass,0.0005185185185185,Low,0,2772900.88,0,Normal,No action needed,7
CUST042299,Mass,0.1505457658454383,Low,0,3628896.87,0,Normal,No action needed,7
CUST046887,Mass,0.0,,0,5917214.78,0,Normal,No action needed,7
CUST018294,HNI,0.1502843951328376,Low,0,24962689.54,0,Normal,No action needed,7
CUST003037,HNI,0.0004745762711864,Low,0,43878517.01,0,Normal,No action needed,7
CUST042535,Affluent,0.0002941176470588,Low,0,24378608.3,0,Normal,No action needed,7
CUST022585,Mass,0.0002272727272727,Low,0,6301970.41,0,Normal,No action needed,7
CUST005873,Affluent,0.0,,0,20080015.06,0,Normal,No action needed,7
CUST030585,Mass,0.0068539915966386,Low,0,3007399.74,0,Normal,No action needed,7
CUST008597,Affluent,0.0,,0,15281690.81,0,Normal,No action needed,7
CUST001530,HNI,0.0018831168831168,Low,0,31055895.63,0,Normal,No action needed,7
CUST005981,Mass,0.0030654761904761,Low,0,5770913.22,0,Normal,No action needed,7
CUST038775,Affluent,0.0002631578947368,Low,0,21632197.48,0,Normal,No action needed,7
CUST010007,Mass,0.0001070663811563,Low,0,4866240.0200000005,0,Normal,No action needed,7
CUST044974,Mass,0.0010294117647058,Low,0,8255502.859999999,0,Normal,No action needed,7
CUST045199,Mass,0.0023611111111111,Low,0,9917660.36,0,Normal,No action needed,7
CUST041380,Affluent,0.0040552724248376,Low,0,17952234.35,0,Normal,No action needed,7
CUST008587,Affluent,0.2053844246015691,Low,0,10882302.9,0,Normal,No action needed,7
CUST002987,HNI,0.0019150326797385,Low,0,39255201.13,1,High frequency trader,Flag for algo trading review — separate model needed,7
CUST016088,Affluent,0.0,,0,17238726.08,0,Normal,No action needed,7
CUST043055,Affluent,0.1318588989546201,Low,0,18702139.81,0,Normal,No action needed,7
CUST025566,Mass,0.0006996069432453,Low,0,7990674.5,0,Normal,No action needed,7
CUST022132,Mass,0.0,,0,5206961.44,0,Normal,No action needed,7
CUST003530,HNI,0.0023107053430476,Low,0,45597161.88,0,Normal,No action needed,7
CUST024957,Affluent,0.0,,0,17497734.25,0,Normal,No action needed,7
CUST013397,Mass,0.0005544450790024,Low,0,6905420.84,0,Normal,No action needed,7
CUST001872,Mass,0.0008333333333333,Low,0,8968764.67,0,Normal,No action needed,7
CUST019844,Affluent,0.2495113813024887,Low,0,14604347.5,0,Normal,No action needed,7
CUST014172,Mass,0.0036587301587301,Low,0,11449176.83,0,Normal,No action needed,7
CUST002245,Affluent,0.0,,0,21753363.45,0,Normal,No action needed,7
CUST026769,Ultra HNI,0.0,,0,72366815.83,1,High frequency trader,Flag for algo trading review — separate model needed,7
CUST023604,Mass,0.0004166666666666,Low,0,6107909.03,0,Normal,No action needed,7
CUST001360,Affluent,0.0008677685950413,Low,0,14926082.28,0,Normal,No action needed,7
CUST031234,Ultra HNI,0.0,,0,74675975.26,1,High frequency trader,Flag for algo trading review — separate model needed,7
CUST025363,Mass,0.0004279169527691,Low,0,7525369.18,0,Normal,No action needed,7
CUST045146,Affluent,0.00025,Low,0,20067885.200000003,0,Normal,No action needed,7
CUST044555,HNI,0.0,,0,39648923.87,0,Normal,No action needed,7
CUST010002,Mass,0.0,,0,5620780.75,0,Normal,No action needed,7
CUST007807,Mass,0.005949074074074,Low,0,3644502.42,0,Normal,No action needed,7
CUST046888,Affluent,0.0,,0,21751531.9,0,Normal,No action needed,7
CUST030772,Ultra HNI,0.0,,0,80011494.13,1,High frequency trader,Flag for algo trading review — separate model needed,7
CUST020208,HNI,0.0018306687081612,Low,0,29508367.75,0,Normal,No action needed,7
CUST001046,Mass,0.0012391304347826,Low,0,4389367.17,0,Normal,No action needed,7
CUST008092,Mass,0.0020721925133689,Low,0,6609328.149999999,0,Normal,No action needed,7
CUST042539,HNI,0.0,,0,32988502.99,0,Normal,No action needed,7
CUST000226,Affluent,0.0002272727272727,Low,0,12059344.04,0,Normal,No action needed,7
CUST019689,Mass,0.0011304347826086,Low,0,6649381.68,0,Normal,No action needed,7
CUST006667,Affluent,0.0,,0,16261833.18,0,Normal,No action needed,7
CUST045815,HNI,0.0045686274509803,Low,0,30726758.53,0,Normal,No action needed,7
CUST011763,Affluent,0.1148160516293233,Low,1,11730651.83,0,Normal,No action needed,7
CUST023507,HNI,0.0,,0,40081263.28,0,Normal,No action needed,7
CUST024430,Mass,0.0007756354075372,Low,0,8075207.35,0,Normal,No action needed,7
CUST049771,Affluent,0.0,,0,20977274.02,0,Normal,No action needed,7
CUST019562,Affluent,0.0002,Low,0,19802446.37,0,Normal,No action needed,7
CUST001764,Mass,0.0002631578947368,Low,0,8244292.02,0,Normal,No action needed,7
CUST031777,Affluent,0.0017619047619047,Low,0,16827897.73,0,Normal,No action needed,7
CUST049914,Affluent,0.000830303030303,Low,0,15849637.47,0,Normal,No action needed,7
CUST003326,HNI,0.0002941176470588,Low,0,44995885.67,0,Normal,No action needed,7
CUST041498,HNI,0.004,Low,0,37707975.36,0,Normal,No action needed,7
CUST005680,Mass,0.0022052401746724,Low,0,8132725.239999999,0,Normal,No action needed,7
CUST046700,Mass,0.0,,0,4914225.56,0,Normal,No action needed,7
CUST035616,Mass,0.0017716165413533,Low,0,2840015.21,0,Normal,No action needed,7
CUST021434,Mass,0.0,,0,7424899.27,0,Normal,No action needed,7
CUST049969,Mass,0.0,,0,5772867.17,0,Normal,No action needed,7
CUST006990,Mass,0.0082785947712418,Low,0,4590739.83,0,Normal,No action needed,7
CUST023148,Mass,0.0023695949644225,Low,0,2314884.8,0,Normal,No action needed,7
CUST049765,Mass,0.0053984267171625,Low,0,5132060.83,0,Normal,No action needed,7
CUST018158,Affluent,0.1487750397387104,Low,1,9936078.34,0,Normal,No action needed,7
CUST027687,Affluent,0.0,,0,16276287.85,0,Normal,No action needed,7
CUST037680,Affluent,0.0023405103668261,Low,0,10765168.17,0,Normal,No action needed,7
CUST020881,Mass,0.0,,0,4325122.82,0,Normal,No action needed,7
CUST034339,Affluent,0.0,,0,14363301.71,0,Normal,No action needed,7
CUST041397,Ultra HNI,0.0241139755810499,Low,0,82129952.3,1,High frequency trader,Flag for algo trading review — separate model needed,7
CUST009527,HNI,0.1435149864083149,Low,0,54919874.17,0,Normal,No action needed,7
CUST025434,Affluent,0.1441728229686649,Low,0,11773787.37,0,Normal,No action needed,7
CUST018482,Ultra HNI,0.0,,0,83178421.55,1,High frequency trader,Flag for algo trading review — separate model needed,7
CUST013693,Affluent,0.003235294117647,Low,0,10653753.82,0,Normal,No action needed,7
CUST015663,Affluent,0.000359081851823,Low,0,15883083.75,0,Normal,No action needed,7
CUST029762,HNI,0.0,,0,35452780.4,0,Normal,No action needed,7
CUST035998,Mass,0.0,,0,6905652.149999999,0,Normal,No action needed,7
CUST043670,Affluent,0.1613336198670216,Low,0,18585802.53,0,Normal,No action needed,7
CUST013905,Mass,0.0,,0,4854772.23,0,Normal,No action needed,7
CUST004082,Mass,0.0026837121212121,Low,0,4131008.88,0,Normal,No action needed,7
CUST035810,HNI,0.0019570135746606,Low,0,59815459.87,1,High frequency trader,Flag for algo trading review — separate model needed,7
CUST028470,Affluent,0.0,,0,21885844.53,0,Normal,No action needed,7
CUST027894,Ultra HNI,0.1326973550644701,Low,1,48156648.11,1,High frequency trader,Flag for algo trading review — separate model needed,7
CUST024413,Affluent,0.0001923076923076,Low,0,17181513.25,0,Normal,No action needed,7
CUST034177,Ultra HNI,0.0014946647555343,Low,0,98873302.1,1,High frequency trader,Flag for algo trading review — separate model needed,7
CUST022414,Mass,0.0024006734006734,Low,0,9371408.13,0,Normal,No action needed,7
CUST041226,Mass,6.493506493506494e-05,Low,0,4091278.77,0,Normal,No action needed,7
CUST017874,Affluent,0.0045416666666666,Low,0,22255310.52,0,Normal,No action needed,7
CUST001257,Mass,0.0003846153846153,Low,0,4768176.33,0,Normal,No action needed,7
CUST027152,Affluent,0.0004545454545454,Low,0,28821466.51,0,Normal,No action needed,7
CUST035063,Affluent,0.129229343739349,Low,0,10566458.44,0,Normal,No action needed,7
CUST001968,Mass,0.0,,0,3900843.31,0,Normal,No action needed,7
CUST022939,Mass,0.0074455409356725,Low,0,4540856.09,0,Normal,No action needed,7
CUST007266,Affluent,0.2318348734152498,Low,1,17033918.47,0,Normal,No action needed,7
CUST029318,Ultra HNI,0.0,,0,86283096.75,1,High frequency trader,Flag for algo trading review — separate model needed,7
CUST042851,Mass,0.0045800848027998,Low,0,3532578.61,0,Normal,No action needed,7
CUST012458,Mass,0.0,,0,9707484.97,0,Normal,No action needed,7
CUST043124,HNI,0.0001412429378531,Low,0,45109973.79,0,Normal,No action needed,7
CUST035796,Affluent,0.0,,0,17946893.39,0,Normal,No action needed,7
CUST013322,Affluent,0.0022767857142857,Low,0,12690701.71,0,Normal,No action needed,7
CUST031080,HNI,0.0041458333333333,Low,0,33886294.45,0,Normal,No action needed,7
CUST014341,Affluent,0.0,,0,16468724.35,0,Normal,No action needed,7
CUST049702,Affluent,0.0021724137931034,Low,0,11080739.32,0,Normal,No action needed,7
CUST009225,HNI,0.0,,0,40193551.42,0,Normal,No action needed,7
CUST031678,Mass,0.0019375,Low,0,9072209.7,0,Normal,No action needed,7
CUST048672,Affluent,0.0016815715551204,Low,0,23717418.16,0,Normal,No action needed,7
CUST027251,Affluent,0.001,Low,0,21710710.54,0,Normal,No action needed,7
CUST015545,Mass,0.1543344590725811,Low,0,9998947.46,0,Normal,No action needed,7
CUST026466,Affluent,0.0006020066889632,Low,0,15490097.99,0,Normal,No action needed,7
CUST048937,HNI,0.0,,0,34288323.78,0,Normal,No action needed,7
CUST044588,HNI,0.0,,0,42227007.78,1,Other anomaly,No action needed,7
CUST013683,Ultra HNI,0.0030803571428571,Low,0,92798814.24,1,High frequency trader,Flag for algo trading review — separate model needed,7
CUST034627,Mass,0.0001013513513513,Low,0,6194371.31,0,Normal,No action needed,7
CUST011732,Affluent,0.1896270939702671,Low,0,16132002.78,0,Normal,No action needed,7
CUST002764,HNI,0.004114820473644,Low,0,39453829.59,0,Normal,No action needed,7
CUST045025,Mass,0.0001289134438305,Low,0,8940768.8,0,Normal,No action needed,7
CUST003701,Mass,0.0187196804431963,Low,0,2928426.06,0,Normal,No action needed,7
CUST046131,HNI,0.0003590527119938,Low,0,29268938.02,0,Normal,No action needed,7
CUST041175,Mass,0.000782208588957,Low,0,10692701.0,0,Normal,No action needed,7
CUST049374,Affluent,0.0027941176470588,Low,0,21677359.65,0,Normal,No action needed,7
CUST002142,Affluent,0.0029804372842347,Low,0,22639543.96,0,Normal,No action needed,7
CUST019495,Mass,0.0025836791771923,Low,0,6345161.88,0,Normal,No action needed,7
CUST007009,Mass,0.0,,0,4046526.76,0,Normal,No action needed,7
CUST005668,Affluent,0.1918257493828689,Low,0,21963895.83,0,Normal,No action needed,7
CUST022133,Mass,0.0008285203870759,Low,0,8342520.600000001,0,Normal,No action needed,7
CUST023217,HNI,0.0019755747126436,Low,0,34018999.13,0,Normal,No action needed,7
CUST017556,Affluent,0.0,,0,20547864.75,0,Normal,No action needed,7
CUST002344,Mass,0.0,,0,8600108.49,0,Normal,No action needed,7
CUST045421,Mass,0.0,,0,4203107.5600000005,0,Normal,No action needed,7
CUST005060,Mass,0.0048271366117559,Low,0,2446378.16,0,Normal,No action needed,7
CUST002597,Mass,0.1050503497845566,Low,1,4534433.71,0,Normal,No action needed,7
CUST023066,Affluent,0.0,,0,16882301.57,0,Normal,No action needed,7
CUST015913,Mass,0.2240427092817787,Low,1,6229587.04,0,Normal,No action needed,7
CUST039076,Affluent,0.2050350448727755,Low,0,10315809.24,0,Normal,No action needed,7
CUST023491,HNI,0.0042988215488215,Low,0,28885106.38,0,Normal,No action needed,7
CUST011285,Ultra HNI,0.0001412429378531,Low,0,67054855.99,1,High frequency trader,Flag for algo trading review — separate model needed,7
CUST042691,HNI,0.0004020467836257,Low,0,40504688.76,0,Normal,No action needed,7
CUST048603,Affluent,0.0,,0,20499208.86,0,Normal,No action needed,7
CUST023876,Mass,0.0036666666666666,Low,0,6539305.48,0,Normal,No action needed,7
CUST034655,Affluent,0.0035597222222222,Low,0,13844628.56,0,Normal,No action needed,7
CUST028124,HNI,0.1348867535248854,Low,0,30168200.15,0,Normal,No action needed,7
CUST045168,Affluent,0.0005882352941176,Low,0,14139464.6,0,Normal,No action needed,7
CUST034055,Mass,0.2250851142709678,Low,0,6647607.539999999,0,Normal,No action needed,7
CUST021399,Mass,0.0003571428571428,Low,0,10467717.07,0,Normal,No action needed,7
CUST013411,Affluent,0.0,,0,19617406.95,0,Normal,No action needed,7
CUST027476,Mass,0.0003206562266964,Low,0,9261900.03,0,Normal,No action needed,7
CUST026417,Mass,0.0020588235294117,Low,0,10219496.31,0,Normal,No action needed,7
CUST025516,HNI,0.0045425522190228,Low,0,28963798.82,0,Normal,No action needed,7
CUST012092,Mass,0.1783376944058493,Low,0,5233633.44,0,Normal,No action needed,7
CUST046130,Mass,0.0005738286980678,Low,0,8025230.52,0,Normal,No action needed,7
CUST035133,Affluent,0.1238326870770596,Low,0,11165444.44,0,Normal,No action needed,7
CUST044325,Mass,0.1229548599793909,Low,0,4376974.86,0,Normal,No action needed,7
CUST018871,Mass,0.0,,0,4922962.600000001,0,Normal,No action needed,7
CUST001859,Mass,0.2124519458705158,Low,0,7144767.710000001,0,Normal,No action needed,7
CUST041743,Affluent,0.0007142857142857,Low,0,12950405.7,0,Normal,No action needed,7
CUST040196,Mass,0.0023529411764705,Low,0,5298131.13,0,Normal,No action needed,7
CUST021940,Mass,0.0083713583592016,Low,0,2420782.91,0,Normal,No action needed,7
CUST004916,Affluent,0.0026083333333333,Low,0,19604230.52,0,Normal,No action needed,7
CUST011026,HNI,0.0002833333333333,Low,0,50068161.26,0,Normal,No action needed,7
CUST047922,Affluent,0.2643641204012785,Low,0,11289118.52,0,Normal,No action needed,7
CUST001982,Mass,0.0002777777777777,Low,0,7080200.73,0,Normal,No action needed,7
CUST034528,Mass,0.0019375,Low,0,2640394.76,0,Normal,No action needed,7
CUST049302,Affluent,0.001190664556962,Low,0,19733030.27,0,Normal,No action needed,7
CUST011672,Affluent,0.0015178571428571,Low,0,10237932.3,0,Normal,No action needed,7
CUST047758,Mass,0.0001289134438305,Low,0,10182174.32,0,Normal,No action needed,7
CUST004174,Affluent,0.0005210865138277,Low,0,24643655.4,0,Normal,No action needed,7
CUST040522,Affluent,0.1445196456195512,Low,0,17863413.59,0,Normal,No action needed,7
CUST019038,Affluent,0.0052748917748917,Low,0,8021816.59,0,Normal,No action needed,7
CUST001097,Affluent,0.1347311614922321,Low,0,14805926.87,0,Normal,No action needed,7
CUST016017,Mass,0.0036111111111111,Low,0,12885111.85,0,Normal,No action needed,7
CUST030010,Affluent,0.0068690681881471,Low,0,10052215.27,0,Normal,No action needed,7
CUST029995,HNI,0.0007828282828282,Low,0,40105069.56,0,Normal,No action needed,7
CUST011457,Mass,0.0023974358974358,Low,0,8416815.4,0,Normal,No action needed,7
CUST041851,HNI,0.0023426501035196,Low,0,42226459.99,0,Normal,No action needed,7
CUST041025,Affluent,0.0,,0,14304563.18,0,Normal,No action needed,7
CUST025328,Mass,0.1841368674490427,Low,0,3854341.28,0,Normal,No action needed,7
CUST043445,Affluent,0.0005919367162569,Low,0,24183685.08,0,Normal,No action needed,7
CUST041868,Mass,0.0,,0,5370688.88,0,Normal,No action needed,7
CUST035874,Affluent,0.0,,0,12905525.29,0,Normal,No action needed,7
CUST028374,Mass,0.0032142857142857,Low,0,5577837.84,0,Normal,No action needed,7
CUST031104,Mass,0.170930481822617,Low,0,2170389.51,0,Normal,No action needed,7
CUST018945,Affluent,0.0,,0,21335557.67,0,Normal,No action needed,7
CUST007757,Affluent,0.0005139640067052,Low,0,13603563.12,0,Normal,No action needed,7
CUST007512,HNI,0.2364705714490069,Low,0,34798976.08,0,Normal,No action needed,7
CUST024228,Affluent,0.0,,0,12855380.89,0,Normal,No action needed,7
CUST001882,Affluent,0.0,,0,14170390.88,0,Normal,No action needed,7
CUST032055,HNI,0.0014583333333333,Low,0,44140366.87,0,Normal,No action needed,7
CUST001325,Affluent,0.0011965474165613,Low,0,14455289.78,0,Normal,No action needed,7
CUST040647,Mass,0.0016911764705882,Low,0,8592587.9,0,Normal,No action needed,7
CUST024073,Mass,0.0106479500891265,Low,0,3507301.25,0,Normal,No action needed,7
CUST022731,Affluent,0.0022774806892453,Low,0,24828399.41,0,Normal,No action needed,7
CUST001883,Affluent,0.1291348423689414,Low,1,15605917.78,0,Normal,No action needed,7
CUST034988,Mass,0.000254691689008,Low,0,12179014.86,0,Normal,No action needed,7
CUST024752,Affluent,0.0013333333333333,Low,0,20419800.4,0,Normal,No action needed,7
CUST014879,Affluent,0.0,,0,21313698.02,0,Normal,No action needed,7
CUST046878,Affluent,0.1377344668578085,Low,0,17823255.880000003,0,Normal,No action needed,7
CUST034596,HNI,0.0016956327985739,Low,0,36920757.95,0,Normal,No action needed,7
CUST019992,Mass,0.1582940048604179,Low,0,6504591.95,0,Normal,No action needed,7
CUST049799,Affluent,0.0,,0,13494442.29,0,Normal,No action needed,7
CUST028522,Mass,0.2857262717105381,Low,0,13249509.53,0,Normal,No action needed,7
CUST011616,Mass,0.0001289134438305,Low,0,7484592.84,0,Normal,No action needed,7
CUST045520,Mass,0.1672456106127794,Low,0,5227332.48,0,Normal,No action needed,7
CUST015820,Mass,0.0001652892561983,Low,0,12159329.29,0,Normal,No action needed,7
CUST046469,Affluent,0.0003846153846153,Low,0,15319298.07,0,Normal,No action needed,7
CUST028780,Mass,0.0030804953560371,Low,0,6108122.41,0,Normal,No action needed,7
CUST037631,HNI,0.1528814366374095,Low,0,27745241.12,0,Normal,No action needed,7
CUST009865,Mass,0.2228092327945554,Low,0,2803830.66,0,Normal,No action needed,7
CUST037184,Mass,0.2851421437878629,Low,0,5695532.29,0,Normal,No action needed,7
CUST012919,Affluent,0.0006399048884537,Low,0,18711598.99,0,Normal,No action needed,7
CUST031966,Affluent,0.1013841406817104,Low,0,19104892.2,0,Normal,No action needed,7
CUST033328,Affluent,0.0,,0,20949372.720000003,0,Normal,No action needed,7
CUST010598,Mass,0.0006325105661327,Low,0,8835286.13,0,Normal,No action needed,7
CUST029659,Mass,0.1953095905062158,Low,0,9893203.48,0,Normal,No action needed,7
CUST022792,Mass,0.0,,0,10038974.21,0,Normal,No action needed,7
CUST048435,Mass,0.0001070663811563,Low,0,7051591.7,0,Normal,No action needed,7
CUST036781,Mass,0.0014285714285714,Low,0,12557584.37,0,Normal,No action needed,7
CUST028734,Mass,0.0031672932330827,Low,0,7631713.680000001,0,Normal,No action needed,7
CUST044778,Affluent,0.0,,0,16464189.49,0,Normal,No action needed,7
CUST037010,Mass,0.0019012605042016,Low,0,5661059.010000001,0,Normal,No action needed,7
CUST031270,Affluent,0.0,,0,20454250.81,0,Normal,No action needed,7
CUST024710,HNI,0.0049720036286532,Low,0,36627579.05,0,Normal,No action needed,7
CUST034976,Affluent,0.1451323589080444,Low,1,20468326.65,0,Normal,No action needed,7
CUST008893,Affluent,0.0002601156069364,Low,0,23787625.75,0,Normal,No action needed,7
CUST011559,Mass,0.002,Low,0,6143751.2,0,Normal,No action needed,7
CUST017919,Affluent,0.0004444444444444,Low,0,18834086.85,0,Normal,No action needed,7
CUST046581,Affluent,0.0007692307692307,Low,0,12249301.21,0,Normal,No action needed,7
CUST022308,Mass,0.0220748531224537,Low,0,2718075.85,0,Normal,No action needed,7
CUST006530,HNI,0.000625,Low,0,38498673.44,0,Normal,No action needed,7
CUST026704,Affluent,0.0002631578947368,Low,0,12561599.48,0,Normal,No action needed,7
CUST025767,Affluent,0.0,,0,16588707.43,0,Normal,No action needed,7
CUST000853,Mass,0.0,,0,6574778.109999999,0,Normal,No action needed,7
CUST037085,Affluent,0.0,,0,21653743.01,0,Normal,No action needed,7
CUST034208,HNI,0.0007991681521093,Low,0,30323121.24,0,Normal,No action needed,7
CUST021837,Mass,0.0,,0,4906046.32,0,Normal,No action needed,7
CUST025939,Affluent,0.0014285714285714,Low,0,20706183.86,0,Normal,No action needed,7
CUST047954,Mass,0.0,,0,5494404.88,0,Normal,No action needed,7
CUST004862,HNI,0.0006601890779303,Low,0,40407477.01,1,Other anomaly,No action needed,7
CUST031423,Affluent,0.0004163261303082,Low,0,21018931.37,0,Normal,No action needed,7
CUST031877,Mass,0.0120355550246854,Low,0,4047654.02,0,Normal,No action needed,7
CUST009045,Mass,0.0002083333333333,Low,0,9341448.42,0,Normal,No action needed,7
CUST017890,Affluent,0.0017370689655172,Low,0,14673969.01,0,Normal,No action needed,7
CUST003126,Mass,0.1478231374179443,Low,0,7438818.49,0,Normal,No action needed,7
CUST021378,HNI,0.1309333476188402,Low,0,39525052.88,0,Normal,No action needed,7
CUST030543,Mass,0.000782208588957,Low,0,10704269.29,0,Normal,No action needed,7
CUST049269,HNI,0.0008941176470588,Low,0,28939769.32,0,Normal,No action needed,7
CUST029196,Affluent,0.0014446916719643,Low,0,15862950.54,0,Normal,No action needed,7
CUST029424,Mass,0.0005882352941176,Low,0,4601869.7,0,Normal,No action needed,7
CUST047591,Affluent,0.0,,0,18857324.56,0,Normal,No action needed,7
CUST048448,Mass,0.0007765151515151,Low,0,5173269.46,0,Normal,No action needed,7
CUST008866,Mass,0.0011304347826086,Low,0,8124358.79,0,Normal,No action needed,7
CUST035877,Mass,0.0,,0,7206745.22,0,Normal,No action needed,7
CUST037359,Mass,0.0030555555555555,Low,0,9213598.49,0,Normal,No action needed,7
CUST027540,Mass,0.1795323407171117,Low,0,3700116.51,0,Normal,No action needed,7
CUST031114,Mass,0.0,,0,3598509.94,0,Normal,No action needed,7
CUST021036,HNI,0.0126210302855039,Low,0,23777875.53,0,Normal,No action needed,7
CUST014743,HNI,0.0006121121548534,Low,0,39822593.58,0,Normal,No action needed,7
CUST018219,Affluent,0.0010935960591133,Low,0,27505009.610000003,0,Normal,No action needed,7
CUST015995,Affluent,2.9585798816568047e-05,Low,0,27530066.29,0,Normal,No action needed,7
CUST026439,Mass,0.0009259259259259,Low,0,6856038.83,0,Normal,No action needed,7
CUST006263,Mass,0.0,,0,7300614.67,0,Normal,No action needed,7
CUST001407,Mass,0.0013904425214577,Low,0,5179860.67,0,Normal,No action needed,7
CUST004022,Ultra HNI,0.0036317016909347,Low,0,85031596.3,1,High frequency trader,Flag for algo trading review — separate model needed,7
CUST010322,Mass,0.0065113787060718,Low,0,5653902.84,0,Normal,No action needed,7
CUST028544,Affluent,0.1205652441935332,Low,0,12606796.09,0,Normal,No action needed,7
CUST035681,Mass,0.2887467031481506,Low,0,6817365.97,0,Normal,No action needed,7
CUST017233,Mass,0.0,,0,4715410.54,0,Normal,No action needed,7
CUST025405,Mass,0.0001923076923076,Low,0,10898910.06,0,Normal,No action needed,7
CUST047319,Mass,0.0009615384615384,Low,0,15720185.37,0,Normal,No action needed,7
CUST045774,HNI,0.0,,0,35741133.85,0,Normal,No action needed,7
CUST044765,Affluent,0.000625,Low,0,11137211.52,0,Normal,No action needed,7
CUST034062,Mass,0.0,,0,10146264.42,0,Normal,No action needed,7
CUST046406,Mass,0.1156297374119674,Low,0,6934680.5200000005,0,Normal,No action needed,7
CUST003870,Affluent,0.0021243842364532,Low,0,17008219.95,0,Normal,No action needed,7
CUST043121,HNI,0.0,,0,49928215.81,0,Normal,No action needed,7
CUST043784,Affluent,0.0,,0,18995493.04,0,Normal,No action needed,7
CUST014556,HNI,0.0033391608391608,Low,0,49252463.4,1,High frequency trader,Flag for algo trading review — separate model needed,7
CUST045119,Mass,0.000625,Low,0,7457179.42,0,Normal,No action needed,7
CUST044262,Mass,0.0031886712321494,Low,0,12167933.16,0,Normal,No action needed,7
CUST008055,Mass,0.2090000031708132,Low,0,6263338.4,0,Normal,No action needed,7
CUST018664,Affluent,0.1270179252142484,Low,0,13901940.82,0,Normal,No action needed,7
CUST012949,HNI,0.0004347826086956,Low,0,40258789.96,0,Normal,No action needed,7
CUST009886,Affluent,0.0001724137931034,Low,0,27642666.53,0,Normal,No action needed,7
CUST020552,Mass,0.1775120857471679,Low,0,2375889.56,0,Normal,No action needed,7
CUST010294,Mass,0.0004567307692307,Low,0,9238576.97,0,Normal,No action needed,7
CUST025003,HNI,0.0008928571428571,Low,0,41035444.32,0,Normal,No action needed,7
CUST048553,Mass,1.607717041800643e-05,Low,0,4991549.43,0,Normal,No action needed,7
CUST015245,Mass,4.1666666666666665e-05,Low,0,4315242.49,0,Normal,No action needed,7
CUST002899,Affluent,2.9585798816568047e-05,Low,0,17807443.34,0,Normal,No action needed,7
CUST040349,Affluent,0.1700368121182502,Low,0,14069608.67,0,Normal,No action needed,7
CUST015316,HNI,0.1474419867744422,Low,0,28877006.07,0,Normal,No action needed,7
CUST025834,Mass,0.0,,0,5763726.350000001,0,Normal,No action needed,7
CUST033520,Mass,0.0040375657838893,Low,0,5769163.42,0,Normal,No action needed,7
CUST036043,Mass,0.0010943503024538,Low,0,7895395.92,0,Normal,No action needed,7
CUST006836,Affluent,0.0004761904761904,Low,0,12435511.33,0,Normal,No action needed,7
CUST026918,Mass,0.0013013698630136,Low,0,4625724.67,0,Normal,No action needed,7
CUST009907,Mass,0.0005882352941176,Low,0,3878528.33,0,Normal,No action needed,7
CUST049246,Affluent,0.0,,0,20885692.32,0,Normal,No action needed,7
CUST031232,Mass,0.0,,0,7129451.85,0,Normal,No action needed,7
CUST024589,Mass,0.0020683111954459,Low,0,7160682.13,0,Normal,No action needed,7
CUST006050,Mass,0.0022222222222222,Low,0,5044404.65,0,Normal,No action needed,7
CUST039264,Mass,0.2475286684573246,Low,0,6549384.75,0,Normal,No action needed,7
CUST028629,Mass,0.0022222222222222,Low,0,3260813.12,0,Normal,No action needed,7
CUST000157,Affluent,0.0032986111111111,Low,0,12483874.95,0,Normal,No action needed,7
CUST034638,Mass,0.0,,0,4798196.66,0,Normal,No action needed,7
CUST025287,Mass,0.000943442360109,Low,0,16115245.87,0,Normal,No action needed,7
CUST009784,Affluent,0.0013247863247863,Low,0,15152569.12,0,Normal,No action needed,7
CUST007235,Mass,0.0004567307692307,Low,0,6956416.859999999,0,Normal,No action needed,7
CUST044801,Affluent,0.101860961959416,Low,1,14629493.51,0,Normal,No action needed,7
CUST007116,Affluent,0.000564935064935,Low,0,20341518.26,0,Normal,No action needed,7
CUST032733,Mass,0.0111463626952757,Low,0,3773166.47,0,Normal,No action needed,7
CUST021285,Mass,0.0010955961615691,Low,0,12140310.35,0,Normal,No action needed,7
CUST021345,Mass,0.0012546636819102,Low,0,7634143.970000001,0,Normal,No action needed,7
CUST005271,Affluent,0.1095912020891975,Low,0,27149841.96,0,Normal,No action needed,7
CUST032068,Mass,0.0004279169527691,Low,0,8094198.99,0,Normal,No action needed,7
CUST019311,Affluent,0.002331021747676,Low,0,14552611.59,0,Normal,No action needed,7
CUST041510,Affluent,0.0002272727272727,Low,0,10731183.68,0,Normal,No action needed,7
CUST044328,Mass,0.0014986760812003,Low,0,11834640.11,0,Normal,No action needed,7
CUST000121,HNI,0.0046428571428571,Low,0,35741197.67,0,Normal,No action needed,7
CUST011890,Mass,0.0021170343137254,Low,0,7679516.109999999,0,Normal,No action needed,7
CUST023561,Mass,0.0026219068413391,Low,0,10905801.72,0,Normal,No action needed,7
CUST002631,Mass,0.0008390804597701,Low,0,4319119.75,0,Normal,No action needed,7
CUST014342,Affluent,0.1354572897664858,Low,0,13339722.86,0,Normal,No action needed,7
CUST034535,Affluent,0.0971892748392874,Low,0,13408798.6,0,Normal,No action needed,7
CUST041376,HNI,0.0002272727272727,Low,0,41889324.86,0,Normal,No action needed,7
CUST040330,Mass,0.0035714285714285,Low,0,12194143.77,0,Normal,No action needed,7
CUST000499,Mass,0.1791183913005934,Low,0,1991470.24,0,Normal,No action needed,7
CUST002129,Affluent,0.0,,0,24536001.23,0,Normal,No action needed,7
CUST000758,Mass,0.0,,0,8589684.42,0,Normal,No action needed,7
CUST019641,Mass,0.00125,Low,0,4659384.92,0,Normal,No action needed,7
CUST024948,Affluent,0.1952454939960622,Low,0,18582900.31,0,Normal,No action needed,7
CUST034856,Affluent,0.0013333333333333,Low,0,16441695.72,0,Normal,No action needed,7
CUST010735,Affluent,6.493506493506494e-05,Low,0,12162019.85,0,Normal,No action needed,7
CUST007000,Ultra HNI,0.000340909090909,Low,0,78372868.73,1,High frequency trader,Flag for algo trading review — separate model needed,7
CUST011644,Ultra HNI,0.0030240890688259,Low,0,82186278.88,1,High frequency trader,Flag for algo trading review — separate model needed,7
CUST012449,Affluent,0.003235294117647,Low,0,11410009.43,0,Normal,No action needed,7
CUST015796,HNI,0.0003662608986032,Low,0,43053140.07,0,Normal,No action needed,7
CUST042637,HNI,0.0018421052631578,Low,0,32224636.49,0,Normal,No action needed,7
CUST019433,Affluent,0.2921072701979357,Low,0,19760824.52,0,Normal,No action needed,7
CUST044312,Mass,0.0022054713804713,Low,0,8186057.090000001,0,Normal,No action needed,7
CUST032343,Affluent,0.0,,0,13966895.44,0,Normal,No action needed,7
CUST015420,Ultra HNI,0.0022222222222222,Low,0,70654125.91,1,High frequency trader,Flag for algo trading review — separate model needed,7
CUST029151,Ultra HNI,0.0015451977401129,Low,0,65839027.32,1,High frequency trader,Flag for algo trading review — separate model needed,7
CUST000012,Affluent,0.1559451479710706,Low,0,18081242.54,0,Normal,No action needed,7
CUST010492,Mass,0.0035818713450292,Low,0,9767425.95,0,Normal,No action needed,7
CUST002561,Mass,0.0,,0,4396809.03,0,Normal,No action needed,7
CUST012216,Mass,0.1425599900814354,Low,0,6892319.34,0,Normal,No action needed,7
CUST000448,Mass,0.0001086956521739,Low,0,7081390.220000001,0,Normal,No action needed,7
CUST000974,Mass,0.0042571428571428,Low,0,5547956.149999999,0,Normal,No action needed,7
CUST006650,Mass,0.123928217781673,Low,0,7060141.82,0,Normal,No action needed,7
CUST032743,HNI,3.816793893129771e-05,Low,0,38317591.99,0,Normal,No action needed,7
CUST024401,HNI,0.1640694849132807,Low,0,34225185.53,0,Normal,No action needed,7
CUST048864,Affluent,0.0002631578947368,Low,0,21173580.28,0,Normal,No action needed,7
CUST029705,Affluent,0.0,,0,18459833.33,0,Normal,No action needed,7
